{"type":"FeatureCollection","crs":{"type":"name","properties":{"name":"EPSG:4326"}},"features":[{"type":"Feature","geometry":{"type":"Polygon","coordinates":[[[-99.1342705090241,19.3565406903404],[-99.1339704598959,19.3565337103376],[-99.1336742303388,19.3565519395999],[-99.1334881696984,19.3565880901482],[-99.1330743097482,19.3567360799897],[-99.1329148598089,19.3568010300106],[-99.1326910797648,19.3569176896702],[-99.1325022495672,19.3570339195735],[-99.1323692601823,19.3571198304032],[-99.1322874303155,19.3571767696313],[-99.1321270301518,19.3573010902883],[-99.131913250398,19.357520019771],[-99.1317629696009,19.3577167096837],[-99.1314241103185,19.3582601197604],[-99.1313609698201,19.358375690244],[-99.1311779104354,19.3586608603462],[-99.1308697797194,19.3586273999475],[-99.1303280799387,19.3585685796919],[-99.1301424000111,19.3585484202091],[-99.1298581195653,19.3585175501086],[-99.1295263396944,19.3584815201155],[-99.1293860497511,19.3584662896029],[-99.1290977396073,19.3584349799648],[-99.1289302501739,19.3584171499365],[-99.1286950496972,19.35839125972],[-99.128397620106,19.3583595697455],[-99.1282770904527,19.3583458799399],[-99.127767350374,19.3582905203581],[-99.1277084896413,19.3582841196279],[-99.1271706299097,19.3582257198488],[-99.1270887202717,19.3582168300731],[-99.126733849537,19.3581782798541],[-99.1265829703233,19.3581618504373],[-99.1262876496336,19.3581295702806],[-99.1261134001437,19.3581109099286],[-99.125865940466,19.3580840300331],[-99.125613780072,19.3580566498311],[-99.1251146196639,19.3580024303502],[-99.1246240500755,19.3579491501585],[-99.1237856896054,19.35785809022],[-99.1236209798951,19.3578402002873],[-99.1226976877002,19.3577399059724],[-99.1225533407531,19.3577242257671],[-99.1224773401668,19.3577159697583],[-99.1223862511124,19.3577060744097],[-99.1223748068698,19.3577048316234],[-99.122001088726,19.3576642322552],[-99.1219994151836,19.3576640508673],[-99.1219973796972,19.3576638299646],[-99.121987106421,19.3576626529478],[-99.1219797274166,19.3576618074282],[-99.1219797242698,19.3576617756542],[-99.1219771605586,19.3576421094062],[-99.1219760926892,19.3576339177102],[-99.121890420437,19.3569764899313],[-99.1215885704608,19.3546363701341],[-99.1214535800805,19.3539200597021],[-99.1212618600363,19.35334015038],[-99.1209314303203,19.3523150597199],[-99.1207773695278,19.3518414800749],[-99.12048908047,19.3511519996494],[-99.1204880863761,19.3511496230056],[-99.1203609097393,19.3508454899864],[-99.1203603808863,19.3508442258512],[-99.1202420598831,19.3505612597869],[-99.1201464197907,19.3504278498022],[-99.1198241398047,19.3499925396495],[-99.1195600601377,19.3496148598394],[-99.1195467796451,19.3495914800406],[-99.1194572495861,19.3494564900009],[-99.1189042201419,19.3486226200276],[-99.1182316004081,19.3476083995887],[-99.1181362367236,19.3474646045663],[-99.1180611795774,19.3473514300005],[-99.1177640369515,19.3468352841517],[-99.1173921800433,19.3461893499765],[-99.1172605699754,19.3459445499685],[-99.1170668604531,19.3455837098351],[-99.1170517104744,19.3455558796947],[-99.1164045402043,19.3443940499163],[-99.1162189101161,19.3441160199669],[-99.1160820798822,19.3439637995833],[-99.1158746899207,19.3437055201507],[-99.1157314130338,19.3435324502512],[-99.1156581999463,19.343432770275],[-99.1155715398133,19.3432641201918],[-99.1154156510689,19.3429114935528],[-99.1153071997018,19.3426661698282],[-99.1152429014555,19.3425172937541],[-99.1151633402154,19.342333080041],[-99.1151150798632,19.3422344798719],[-99.1149527703739,19.3418722499842],[-99.1145487501047,19.3409705499887],[-99.1144754896612,19.340790489599],[-99.1144470601916,19.3406786195745],[-99.1144322198744,19.3405852597749],[-99.1143967497473,19.3404205203114],[-99.114344830202,19.3400715503357],[-99.1143118196911,19.3398309196173],[-99.1142159104024,19.339229779682],[-99.1141825701228,19.3390145398723],[-99.1141776295586,19.3389695501662],[-99.1141356598737,19.338637490055],[-99.1140684498195,19.3382497103945],[-99.1140385999877,19.3381362604187],[-99.1140204003024,19.3379597403497],[-99.1139567802579,19.3376371397775],[-99.1139074495623,19.337336169875],[-99.1137639200283,19.3369240201112],[-99.1135966902209,19.3366479996337],[-99.1132153203708,19.3359772596444],[-99.1130223402989,19.3355585796042],[-99.1129635795252,19.3354293204121],[-99.1129345796379,19.3353684900894],[-99.1124392597741,19.3346343999312],[-99.112158489681,19.3342182600076],[-99.1119305495501,19.3339633396184],[-99.111618250382,19.3336670203838],[-99.1112692796258,19.3334248804266],[-99.1107199988047,19.3331433508814],[-99.1105896503077,19.3330765397056],[-99.1105382504718,19.3330475501669],[-99.1104303801998,19.3329632798362],[-99.1103233696255,19.3328796601434],[-99.1101675500778,19.3326964595637],[-99.1100923096856,19.3325814597363],[-99.1099967385372,19.3323352612431],[-99.1099815998816,19.3322962896794],[-99.1098388721138,19.3318037117468],[-99.1098180296009,19.331731779836],[-99.1097211097793,19.3314666599745],[-99.1096297397941,19.3313139697875],[-99.1093050600253,19.3308684801018],[-99.1091396903079,19.3306081201236],[-99.1089449704282,19.3303015196371],[-99.1086212603372,19.3297995401438],[-99.1083523972514,19.3293825818565],[-99.1083359399782,19.32935706035],[-99.1080119200494,19.3288546001952],[-99.1079292196764,19.3287263403762],[-99.1075885402152,19.3282867801934],[-99.1070701502434,19.327745570077],[-99.1068183759359,19.3274865282507],[-99.1065443396322,19.3272045796411],[-99.1064337337403,19.3270907849363],[-99.1060926029274,19.32673981772],[-99.1060762796433,19.3267230242052],[-99.1060463203645,19.3266921996634],[-99.1057701504425,19.3263507996536],[-99.1057566575197,19.3263341273899],[-99.1057293203053,19.3263003403001],[-99.1056938511218,19.3262656525927],[-99.1055458296557,19.3261208898632],[-99.1054284297447,19.3260060600753],[-99.1052170853035,19.3257993886176],[-99.105206369994,19.3257889100806],[-99.1051892096335,19.3257721276252],[-99.1051015200861,19.3256863696934],[-99.1049242875571,19.32551302322],[-99.1048912591936,19.3254807207323],[-99.1043362802039,19.324937949589],[-99.1041861798562,19.3248105100393],[-99.1039871401363,19.324673380236],[-99.1038397912376,19.3245968561443],[-99.1038206596669,19.3245869201828],[-99.1034582204047,19.3244162304584],[-99.1027815404293,19.3240551196325],[-99.102399710201,19.3238389696965],[-99.1020664898483,19.3236409497665],[-99.1017020503243,19.3234243797126],[-99.101417909903,19.3232392504328],[-99.1011695700006,19.3230774497875],[-99.1010475101988,19.3229885202434],[-99.1008427103224,19.3228393401011],[-99.1006844299075,19.322682740199],[-99.100406419665,19.3224043704126],[-99.0999538804693,19.3219196301094],[-99.0995361399788,19.3213996896329],[-99.0992984203476,19.3211002597489],[-99.0992420804279,19.3209872904241],[-99.0992070298052,19.3209170203446],[-99.0991245499179,19.3206571499391],[-99.0990768813653,19.3204442506264],[-99.0990768500115,19.3204441095818],[-99.099076259694,19.3204414896396],[-99.0992945197742,19.320449540141],[-99.0993503104549,19.3192732597686],[-99.0995940802028,19.3163464802026],[-99.0996650903752,19.3155039404107],[-99.099878909782,19.3129694204179],[-99.1000691798769,19.3098995502321],[-99.1002325701257,19.3077654503501],[-99.1003129689124,19.3067150200827],[-99.1003216603775,19.3065879698834],[-99.1003299687104,19.3064667202271],[-99.1004970886737,19.3044569396953],[-99.100646569796,19.3027138196884],[-99.1007933695269,19.3012534800417],[-99.1009292223955,19.3000204131525],[-99.1009302268435,19.300020432433],[-99.1009470500067,19.3000207399505],[-99.101025949907,19.3000194003239],[-99.1013289999444,19.3000094596228],[-99.1021208798262,19.2999716204013],[-99.1029259479774,19.2999286833642],[-99.1037664902043,19.2998838500142],[-99.1040358302386,19.2998681400412],[-99.1045024298121,19.2998441998506],[-99.1047457355308,19.2998316508791],[-99.1049495097697,19.2998211398593],[-99.1050165196005,19.2998174899278],[-99.1054193402219,19.2997976003587],[-99.1055667395427,19.2997908500264],[-99.1060838798949,19.2997598195897],[-99.1063893099971,19.2997426803973],[-99.1065751500156,19.299732939852],[-99.1070763503797,19.2997077101999],[-99.1072533498096,19.2996959502229],[-99.1073812896379,19.2996925502139],[-99.1082158495388,19.2996424302858],[-99.1084308204763,19.2996262196578],[-99.1088077500318,19.2996007695805],[-99.1091965699957,19.2996177801959],[-99.1092074204496,19.2996182596942],[-99.1092142495373,19.2996199995622],[-99.1094216902161,19.2996725997843],[-99.109927249735,19.299798649663],[-99.1102989204618,19.2998880304027],[-99.1114306300015,19.3001593496217],[-99.1119576798132,19.3002927703927],[-99.1124533701767,19.300416149563],[-99.1129636196008,19.3005380603415],[-99.1136517496126,19.3006773403374],[-99.1142942298356,19.3008137398896],[-99.115563280042,19.301116549975],[-99.1156774602922,19.3011444897746],[-99.1161658202792,19.3012639502871],[-99.1168077801408,19.3014202497979],[-99.1174154504604,19.3015796803744],[-99.1177867403957,19.3016831200956],[-99.1198495402242,19.3022589796992],[-99.1209391104215,19.3025961199987],[-99.122026950425,19.3029365800719],[-99.1224377798721,19.3030878496979],[-99.1229741398359,19.3032869501424],[-99.1241332642729,19.303765882369],[-99.1246102198811,19.3039629498444],[-99.1246562599003,19.3039805503876],[-99.1248258796367,19.3040408602817],[-99.1249930583661,19.3041117017709],[-99.1260833995351,19.3045737202339],[-99.1268379095775,19.3048990902846],[-99.1270826203484,19.305001829868],[-99.1273178297808,19.3051005702084],[-99.1276178604335,19.3052265396454],[-99.1278141998439,19.3053106500891],[-99.1282983999547,19.3055181104077],[-99.1289494797528,19.305797050327],[-99.1294728596633,19.3060250300996],[-99.1299715404507,19.3062403404493],[-99.1300162503231,19.3062596301826],[-99.1304551702977,19.3064485396777],[-99.1309651102974,19.3066680201943],[-99.1315061398212,19.306901279912],[-99.1318985112549,19.3070690579908],[-99.1324980804163,19.3073254304358],[-99.1327985703662,19.3074429104501],[-99.1341674202282,19.3080479402738],[-99.1347103397566,19.3082876304059],[-99.1347247196507,19.3082939801618],[-99.1347280202477,19.3082898295818],[-99.1355760301416,19.3072170600209],[-99.1361088598523,19.3066310798277],[-99.1364010001887,19.3063191396806],[-99.1371166202111,19.3056046799008],[-99.1377195797999,19.304920919892],[-99.1378983797174,19.3047181698],[-99.1381497700726,19.3044465202037],[-99.1382638898656,19.3043277998035],[-99.1384494904014,19.3041443502737],[-99.1386445698832,19.3039254204168],[-99.1386999696009,19.3038617801254],[-99.138799257055,19.3037510779171],[-99.1389479504587,19.3035852900156],[-99.1390294796941,19.3034963500482],[-99.13934853892,19.3031404806393],[-99.1393627503113,19.3031246301448],[-99.1393728197716,19.3031133800793],[-99.1396536195902,19.3028136496906],[-99.1396796804609,19.3027858498044],[-99.1401279096485,19.3022800003692],[-99.1401599371336,19.3022452216994],[-99.1401611998393,19.3022438502824],[-99.1405142501631,19.3018278897517],[-99.140672850193,19.3016558497303],[-99.1408882003546,19.3014222301783],[-99.1409283503464,19.3013786796005],[-99.1412556804783,19.3010225098588],[-99.1417672600031,19.3004700298301],[-99.1420744904304,19.3001555102172],[-99.1423649804049,19.2998580904427],[-99.142612889944,19.2996097102564],[-99.1426162297956,19.2996063503751],[-99.1426305503201,19.2996119099358],[-99.1433918602804,19.2999070797944],[-99.1437503195953,19.3000445401711],[-99.1440963503825,19.3001769399589],[-99.1445111801634,19.3003383395839],[-99.1446234604228,19.3003804800199],[-99.14469814046,19.300409460365],[-99.1450569702028,19.3005487195663],[-99.1452452196846,19.3006212802078],[-99.1456460802654,19.3007331197593],[-99.1459053329057,19.3007866841582],[-99.1460675205568,19.3008201932595],[-99.1461015802257,19.3008272299632],[-99.1465900201139,19.3009258299645],[-99.1466072901698,19.3009279502254],[-99.1469304200587,19.3009669996113],[-99.147023199294,19.3009656281355],[-99.1471124503911,19.3009643095586],[-99.1471279804142,19.3009640801126],[-99.147130109834,19.3009665195657],[-99.1474003995493,19.3012753404383],[-99.14741007956,19.3012864203784],[-99.1474180602187,19.3012775395621],[-99.1474246815442,19.3012701824244],[-99.1476421100628,19.3010285497928],[-99.1478566801893,19.3008291702166],[-99.1481857196651,19.3005708204329],[-99.1483338575436,19.3004529339371],[-99.1487865998502,19.300092650035],[-99.1496098898104,19.2994529401972],[-99.1500943199925,19.2990867500345],[-99.1506323997145,19.2987001996612],[-99.1507318502916,19.29862875007],[-99.1511005396653,19.2983832304263],[-99.1513787997273,19.2981955101651],[-99.151547679973,19.2980640200332],[-99.1516209498186,19.2980064198344],[-99.1517874799301,19.2979327400665],[-99.1519404001675,19.2978828301102],[-99.1521407101139,19.2978275201763],[-99.153834180183,19.2974336296392],[-99.1546142804381,19.2972730597414],[-99.1552151801523,19.2971512300769],[-99.1552653500944,19.297141089556],[-99.1559554896571,19.2969940300122],[-99.1564237398373,19.2968962901638],[-99.1566511398828,19.2968401398449],[-99.1566645398918,19.2968368304423],[-99.1566688199119,19.296842350027],[-99.1567203496553,19.2969087404431],[-99.1568040001438,19.2970163699935],[-99.15733447961,19.2976989200372],[-99.1574809396291,19.2978917403504],[-99.1579086197995,19.2984879501696],[-99.1584182798606,19.2991329103983],[-99.1586505198301,19.2993705197458],[-99.1588712604028,19.2995901701788],[-99.1590461103421,19.2997473202858],[-99.1593956599733,19.3000061704152],[-99.1597153201446,19.3002428800831],[-99.1599732200322,19.300415660159],[-99.1602442495412,19.3005660199859],[-99.160773480477,19.3008280496666],[-99.1612958497992,19.3010289504222],[-99.1615507400215,19.3011082799992],[-99.1615964199306,19.3011208501051],[-99.1619994002084,19.3012228198758],[-99.1622628903292,19.3012774196889],[-99.1625600603873,19.3013237199183],[-99.1627134902456,19.3013491204025],[-99.162854650321,19.30137248992],[-99.1631800896289,19.3014168600239],[-99.1633021696195,19.3014335102603],[-99.1637771199237,19.3014989404161],[-99.1642772597826,19.3015678600794],[-99.1649011799068,19.3016544909349],[-99.1654742001347,19.3017341097162],[-99.1655599504295,19.3017460208154],[-99.1659204896755,19.3017952206121],[-99.1659906198177,19.3018047707509],[-99.1665056903196,19.3018750803379],[-99.166643799955,19.3018924308782],[-99.1672671989849,19.3019782810779],[-99.1672722500007,19.3019789701824],[-99.1672848800419,19.3019804809735],[-99.1675535400899,19.3020125108509],[-99.1675627392382,19.3020136202257],[-99.1675712202209,19.3020147097895],[-99.1679326000142,19.3020617804395],[-99.1681588897321,19.3020902902433],[-99.1684858900518,19.3021333100175],[-99.1690164299656,19.302206880133],[-99.1691245395478,19.3022219699494],[-99.1696784799386,19.3022981698837],[-99.169789767146,19.3023145591555],[-99.1697983057894,19.302315814576],[-99.1698208895319,19.3023191416618],[-99.1698366300495,19.3023214598301],[-99.169839449835,19.3023218796196],[-99.1698542901876,19.3023236599384],[-99.170178199912,19.3023625798522],[-99.1701947558381,19.3023646015787],[-99.1701950031037,19.3023646424536],[-99.1703399400364,19.3023882197854],[-99.1703514876292,19.3023897933967],[-99.1703555109671,19.3023903417332],[-99.1709486001266,19.3024711501613],[-99.1714750795193,19.3025402004362],[-99.1714753098408,19.302540230119],[-99.1714753669254,19.3025402384365],[-99.1714755401812,19.3025402588961],[-99.171480435423,19.3025408688339],[-99.1714927501865,19.3025424014556],[-99.1714929329437,19.3025424239053],[-99.1714929938629,19.3025424313885],[-99.1714932004117,19.3025424570019],[-99.1716620295892,19.3025634497554],[-99.1716796897881,19.3025656496508],[-99.1722268497575,19.3026412502529],[-99.1728682598041,19.3027305503399],[-99.1734162201902,19.3028109102268],[-99.1740513095891,19.3028942302664],[-99.1746579697407,19.3029805702664],[-99.1752878501957,19.303061219901],[-99.1758881998628,19.3031475701178],[-99.1765493798766,19.303231110157],[-99.1767739640078,19.3032686365704],[-99.1767990000085,19.3032728202719],[-99.1771155503052,19.3033134904195],[-99.1771322793846,19.3033155934466],[-99.1771325915772,19.3033156328054],[-99.1773239803211,19.3033315501735],[-99.1773962494238,19.3033364579356],[-99.1785556196438,19.3034151796343],[-99.1792875396895,19.3034403501508],[-99.1794066301672,19.3034402501783],[-99.1798834901298,19.303437550028],[-99.1803672801563,19.3034253101697],[-99.1806609700473,19.303410660171],[-99.1812613398426,19.3033747502338],[-99.1814300303088,19.3033651701303],[-99.1823490300552,19.3032795401813],[-99.1828235999032,19.3032223696646],[-99.1832081103499,19.3031772601923],[-99.1836478295274,19.3031296900239],[-99.184188629796,19.3030703099471],[-99.1857607399711,19.3028893202299],[-99.1859815202142,19.3028655700596],[-99.1862469701272,19.3028393999405],[-99.1880795799042,19.3026464000967],[-99.1882829996038,19.3026226604227],[-99.1895638900506,19.3024777756704],[-99.1915844304418,19.302254370438],[-99.1929342298004,19.3021054599603],[-99.1934511398001,19.3020484198365],[-99.1940210200492,19.3020133099161],[-99.194467819624,19.3020128304151],[-99.1948352204403,19.3020344204423],[-99.1950308334741,19.3020510851197],[-99.1950516499334,19.3020528588743],[-99.195052975978,19.3020529713876],[-99.1950693096204,19.3020550496762],[-99.1951200329311,19.3020616137019],[-99.1952260479469,19.30207533302],[-99.1952751438032,19.3020816855613],[-99.1953957472159,19.302097292963],[-99.1954334297184,19.3021021695774],[-99.1954668627593,19.3021083915843],[-99.1959535495563,19.3021989696355],[-99.1962860803606,19.3022781704132],[-99.1967110302819,19.3024049699662],[-99.1971576898672,19.3025592203992],[-99.1977615105328,19.3028148558349],[-99.1981092501567,19.3029997500222],[-99.1984603095961,19.3032034801724],[-99.1986960498967,19.3033546898295],[-99.1990868796822,19.3035991800518],[-99.1995057996346,19.3038239498924],[-99.1999085502133,19.3040314204271],[-99.2001844798373,19.3041735395497],[-99.2012711802807,19.3046390900416],[-99.2022293496661,19.3049606896806],[-99.2027218593157,19.3050963809318],[-99.2032031502072,19.3052172500463],[-99.2035907103044,19.3052918299186],[-99.2043518002807,19.3054295698677],[-99.2045902799568,19.3054707704075],[-99.2050473404653,19.3055550799446],[-99.205671219677,19.305667310232],[-99.2057521703797,19.3056818803672],[-99.2057418803236,19.3057451996784],[-99.2057189998396,19.3058684198069],[-99.2056516504258,19.3062160798723],[-99.2055546117841,19.3067170448196],[-99.2055534760395,19.3067229086183],[-99.2055533842958,19.3067233798803],[-99.2055358195801,19.3067207100437],[-99.2055290973691,19.3067195020337],[-99.2055081701217,19.3067157398],[-99.2054931195816,19.3065578000507],[-99.2054467401753,19.3064767499637],[-99.2053789504717,19.3063905098024],[-99.2052507401261,19.3063090301069],[-99.2052387397671,19.3063014001759],[-99.2052330795377,19.3063068495415],[-99.2052108830369,19.3063281496485],[-99.2050382434077,19.3064938658805],[-99.2049925650126,19.306537711639],[-99.2026544968983,19.3087818853905],[-99.2025359697152,19.3088956498376],[-99.2024082882075,19.3090205694407],[-99.2018952059479,19.3095225464084],[-99.2018716614757,19.3095455816184],[-99.2018422530285,19.3095743540652],[-99.2017782023006,19.309637017242],[-99.2017422578406,19.3096721840361],[-99.2017333698459,19.3096808796973],[-99.2017139230115,19.3096997006262],[-99.2007787104293,19.3106047889568],[-99.2007454696133,19.3106369604095],[-99.2007305795331,19.3106513698306],[-99.2007186874631,19.3106637164506],[-99.2006436890504,19.3107415729841],[-99.2006345498672,19.3107510603631],[-99.2005818204594,19.3108061997609],[-99.2002471191875,19.3111600307978],[-99.2004737096727,19.3114039700292],[-99.2004756797639,19.3114060895714],[-99.2004913790221,19.3114061712486],[-99.2006463188171,19.3114069408256],[-99.2011215403902,19.3114516890328],[-99.2011459321313,19.3114539857487],[-99.2011666891261,19.3114559396675],[-99.2011842039214,19.3114578606881],[-99.2012159403058,19.3115179097217],[-99.2012184270771,19.3115509761837],[-99.2012198179207,19.3115694819179],[-99.201223550347,19.31161911065],[-99.2012292888922,19.311729179841],[-99.2012126300319,19.311875400742],[-99.201184649013,19.3119535498917],[-99.2011417802421,19.3120342899443],[-99.1999652900242,19.313843570175],[-99.1987265200522,19.3158058209519],[-99.196599140348,19.3192272506528],[-99.1949877792254,19.321842510424],[-99.1949335702515,19.3220300007229],[-99.1948813204629,19.3231405505878],[-99.1948862889971,19.3234642896852],[-99.1948530295227,19.3247207111183],[-99.1947925993434,19.3271269712807],[-99.1947771800576,19.3287197098151],[-99.1947479792726,19.3293286802513],[-99.1947041792135,19.3302334900176],[-99.1950038589421,19.3306299408849],[-99.1952932893234,19.3310921708305],[-99.1957578196203,19.3319476604024],[-99.1960913493661,19.3324010800307],[-99.1962655200713,19.332684420326],[-99.1963587993188,19.3328850000724],[-99.1963825690248,19.3330289101012],[-99.1963909795368,19.3332416600457],[-99.1963886188442,19.3333256009227],[-99.1963744497323,19.3334068200573],[-99.1962946898867,19.333631291171],[-99.196389949809,19.3336763209106],[-99.1965034818925,19.3337027652651],[-99.1965035236881,19.3337027751016],[-99.1965035694122,19.3337027795744],[-99.1965211486454,19.3337049524074],[-99.1965212000198,19.3337049606095],[-99.1965212504773,19.3337049669824],[-99.196598019151,19.3337144811423],[-99.1966156803314,19.3337166609214],[-99.1969339804617,19.3337207697648],[-99.1982179202399,19.3335073199398],[-99.1987135103273,19.3334245507704],[-99.1999046801691,19.3332297496637],[-99.1999243497252,19.3332265406691],[-99.1999223504337,19.3332319509696],[-99.1998209187794,19.3335053799565],[-99.1995937688257,19.3338408900157],[-99.1993818886266,19.3340845996747],[-99.1991791091339,19.334317860379],[-99.1987096587297,19.3349630502553],[-99.1985268799426,19.3351498204374],[-99.1983981387861,19.3352591801631],[-99.1982596594029,19.3353782808011],[-99.1980567988236,19.3354841508083],[-99.1978673102278,19.3355438608071],[-99.1976729089588,19.33559488071],[-99.1969336503503,19.3357356799437],[-99.196188779745,19.3358873097007],[-99.1951037802976,19.3361710797584],[-99.1942848204712,19.3363916295799],[-99.1931568196976,19.3366103712372],[-99.1918219188629,19.336855788354],[-99.1917249203195,19.3368736201095],[-99.1915291790799,19.3368900909208],[-99.1913783807257,19.3368987004428],[-99.1913622587461,19.3368964798036],[-99.1912551809643,19.3368799535585],[-99.1912532798563,19.3368796608837],[-99.1912357855677,19.3368772407476],[-99.1912356164806,19.3368774786227],[-99.1912340239037,19.3368797196634],[-99.1912327359755,19.3368815368837],[-99.1911732115293,19.3369654083189],[-99.1910472598837,19.3371428810149],[-99.1906047398463,19.3377228508913],[-99.1902487987015,19.3379796514191],[-99.1903209086318,19.3386734907514],[-99.1903213096674,19.3386772303857],[-99.1903032501831,19.3386712903509],[-99.1900613798549,19.338591719593],[-99.1900457799454,19.3385865800474],[-99.1900437099522,19.3385895198551],[-99.1894886203492,19.3393738197096],[-99.1893305395541,19.3395422499716],[-99.1893113871694,19.339562653947],[-99.1891610803811,19.3397227803384],[-99.188585431977,19.3401367635832],[-99.1885689996799,19.3401485803509],[-99.1885528686968,19.3401605513232],[-99.1882436427804,19.3403900325718],[-99.1882243097531,19.3404043803921],[-99.1881922770777,19.3404387039861],[-99.1880097486466,19.3406342839397],[-99.1879997195535,19.3406450301448],[-99.1879762848204,19.3406706485578],[-99.1876610001018,19.3410153096841],[-99.1873263095594,19.3411302801458],[-99.186919476664,19.3412464979803],[-99.1868085702966,19.3412781801304],[-99.1867603424039,19.3413250928416],[-99.1866850001493,19.3413983798016],[-99.1866243495979,19.3415962198054],[-99.1865051196699,19.3419329102075],[-99.1859690798412,19.342447819988],[-99.1853532502424,19.3429771200775],[-99.1852304866603,19.343075026769],[-99.1851630352844,19.3431288206038],[-99.1847752198971,19.3434381098419],[-99.1845015197581,19.3435874800885],[-99.1843346796326,19.3436231197688],[-99.1840383497943,19.3436479797233],[-99.1838365099102,19.3439196200869],[-99.1836776899254,19.3442564203327],[-99.1835092198423,19.3445694803732],[-99.183410800293,19.3447754203119],[-99.1833665097256,19.3449249202724],[-99.1832929398693,19.3452652199622],[-99.1831618261643,19.3458222206818],[-99.1831560803223,19.3458466297925],[-99.1830844201817,19.346121769913],[-99.1828748798288,19.346584309555],[-99.1826642298095,19.3465874000514],[-99.182497649522,19.3466441801804],[-99.1823352603628,19.3467614804157],[-99.1817943401276,19.3473430500531],[-99.1817921698068,19.3473453799199],[-99.1817766596614,19.347340850054],[-99.1817711429875,19.3473392375861],[-99.181770461692,19.347339039127],[-99.1809040377102,19.3470858997202],[-99.1809024474215,19.3470854351186],[-99.1808393501844,19.3470670001763],[-99.1808226598288,19.3470621201823],[-99.1808216802661,19.3470648002621],[-99.1808033399716,19.3471152004002],[-99.180786420394,19.34714351011],[-99.1807630802312,19.3471736598948],[-99.1807504801361,19.3471849204284],[-99.1807312600947,19.3471991200366],[-99.1807210795952,19.3472052799908],[-99.1807055804,19.3472138197747],[-99.1806919101289,19.3472200595791],[-99.180673139772,19.3472270196955],[-99.1806518600453,19.3472328601608],[-99.1806370304516,19.3472357103599],[-99.1806193804562,19.3472379398002],[-99.1805547403973,19.34723578027],[-99.1801272796124,19.3492680500077],[-99.1800903098265,19.3493573203052],[-99.180059850166,19.34943093963],[-99.179931520119,19.3496428795826],[-99.1797839504611,19.3498273498065],[-99.1796068200245,19.350009679694],[-99.1792476897794,19.3503423397156],[-99.1784516899784,19.3510101700537],[-99.1783233400109,19.3511150300917],[-99.1776619495779,19.3517442901046],[-99.1775984495389,19.3518214799501],[-99.1774882300286,19.3520123102896],[-99.1772843097679,19.3523497499387],[-99.1772259799573,19.3524440900651],[-99.17713932028,19.3525241099609],[-99.1770423100214,19.3526002304522],[-99.1760309800131,19.3534105202381],[-99.1757837097718,19.353620120437],[-99.1754274504732,19.353984969958],[-99.1752220899972,19.354241779975],[-99.1749415804195,19.3546364296037],[-99.1742030497961,19.3554461398214],[-99.1735622295592,19.3561246196675],[-99.1729935098978,19.3567514002236],[-99.1727747503211,19.3570813800968],[-99.1727275503975,19.3571816603144],[-99.1724141402215,19.3579044903106],[-99.171792458698,19.3593653486826],[-99.1717089499386,19.3595615796794],[-99.1717061103054,19.3595682598397],[-99.171691289979,19.3595593797862],[-99.1708321202932,19.3590450595891],[-99.1705573500314,19.3588884214502],[-99.1705134710303,19.3588720617229],[-99.1704041396412,19.3588312797515],[-99.1701592304533,19.3587499198805],[-99.169781761546,19.3586598959474],[-99.1697649399343,19.3586578800694],[-99.1691996202372,19.3585970598749],[-99.1691440110585,19.3585931963349],[-99.1685503401341,19.3585519500121],[-99.1677689096671,19.358513250031],[-99.1673264604332,19.3584909813623],[-99.1671537396961,19.3584822900272],[-99.1663416196228,19.3584353397163],[-99.1649439400782,19.3583618904517],[-99.1641062309737,19.35831008411],[-99.1635004899113,19.3582726199248],[-99.1618157799835,19.358175339636],[-99.1617026196877,19.3581694806926],[-99.1604690603827,19.3581055698238],[-99.1600924408255,19.3580852012376],[-99.1595166897428,19.3580540603117],[-99.1591040297439,19.3580317503755],[-99.1587782296368,19.358011860162],[-99.1580801803288,19.3579692603225],[-99.1576910915371,19.3579450883646],[-99.157157230237,19.3579119202445],[-99.1569537502744,19.3578992804132],[-99.1568727803099,19.3578968914213],[-99.156795599882,19.3578946199104],[-99.1562006796255,19.3578614011978],[-99.1555800517977,19.3578267302453],[-99.1555661287735,19.3578259525469],[-99.1546050802197,19.3577722597329],[-99.1544497272413,19.3577654974383],[-99.1542924504708,19.3577586498192],[-99.1539718936142,19.3577454725651],[-99.1537047500678,19.3577344906069],[-99.1534751127494,19.357718957547],[-99.1531607196821,19.3576976898513],[-99.1520156798229,19.3576390003823],[-99.1514656204146,19.357602290083],[-99.1513654650043,19.3575989184505],[-99.15126455024,19.3575955197484],[-99.1507337616131,19.3575692850603],[-99.1504724796984,19.3575563700733],[-99.1500707098258,19.3575328508376],[-99.1496823404089,19.3575120896448],[-99.1488990501316,19.3574708302581],[-99.1480543400042,19.3574251100973],[-99.1476191998885,19.3574076569378],[-99.1474364668333,19.3574003279196],[-99.147232598789,19.3573921501857],[-99.1469348266323,19.3573848438953],[-99.1467353700863,19.3573799500907],[-99.1464077985802,19.3573702795519],[-99.1462055989096,19.3573643102363],[-99.1456034893663,19.3573473798149],[-99.1453847931592,19.3573399877504],[-99.1450742190268,19.357329490137],[-99.1447923200173,19.3573200203679],[-99.1443818598626,19.3572961495918],[-99.1440546504232,19.3572718298501],[-99.1438570304619,19.3572627698433],[-99.1434996904427,19.3572414602627],[-99.142893849841,19.3571989196629],[-99.1423760895529,19.3571682200545],[-99.1422774501141,19.3571623701908],[-99.14197455009,19.3571266900211],[-99.1414930302785,19.3570685997275],[-99.1411138304249,19.3570225399633],[-99.140924969517,19.3569996913392],[-99.1407729404633,19.3569882298281],[-99.1404241626825,19.3569619382396],[-99.1398360003925,19.3569175996403],[-99.1392318796075,19.3568652899554],[-99.1377216496142,19.3567684499655],[-99.1372787402306,19.3567428296841],[-99.1369371099484,19.3567172798025],[-99.1365743101789,19.3566946198465],[-99.1362538301125,19.3566747799907],[-99.1359152198179,19.3566463700697],[-99.1355242202447,19.3566231204551],[-99.1350314198171,19.3565890903544],[-99.134747220085,19.3565692303041],[-99.1345597799464,19.3565636303928],[-99.1343965199706,19.3565465499209],[-99.1342705090241,19.3565406903404]]]},"properties":{"CVEGEO":"09003","CVE_ENT":"09","CVE_MUN":"003","NOMGEO":"Coyoacán"}},{"type":"Feature","geometry":{"type":"Polygon","coordinates":[[[-99.0169191795736,19.3818741195528],[-99.0165216602435,19.3816660004054],[-99.0164197703356,19.3816126495637],[-99.0160361195502,19.3814126502973],[-99.0157918500076,19.3812852899152],[-99.0156055699136,19.3811881801304],[-99.0151322599362,19.3809414299476],[-99.0151222200683,19.3809361399474],[-99.0146614804388,19.380693489599],[-99.0146200300825,19.3806716796289],[-99.0141906297409,19.3804455201344],[-99.0140743801862,19.3803843103761],[-99.0137381999781,19.3802072502905],[-99.0133097696167,19.3799816204065],[-99.0132844797223,19.3799682903137],[-99.0128094004075,19.3797180900172],[-99.0125177403815,19.3795644796606],[-99.012363119603,19.3794830503506],[-99.0118903404182,19.3792340498705],[-99.0117668901156,19.3791690296923],[-99.0114730803634,19.379014280224],[-99.0109827103889,19.3787560197751],[-99.0109690903948,19.3787488500072],[-99.0105334001537,19.3785193798902],[-99.0101647108587,19.3783251959461],[-99.0098533398649,19.3781390502638],[-99.0096209402212,19.3780001187583],[-99.0095754044596,19.3779728902616],[-99.0094546801009,19.3779007200991],[-99.0094468802431,19.3778960603442],[-99.0093243804114,19.3778230901503],[-99.0092750901714,19.3777937402607],[-99.0092712334355,19.3777914438552],[-99.0092269198148,19.3777650495458],[-99.0092245446043,19.3777636396819],[-99.0092221703483,19.3777622298368],[-99.0091326601539,19.3777089099131],[-99.0089746498294,19.3776148001343],[-99.0089744962094,19.3776147082906],[-99.0087707400744,19.3774933500588],[-99.0086582897494,19.3774263704007],[-99.0085594801921,19.3773675197611],[-99.0085513652823,19.3773626869926],[-99.0084424787197,19.3772978310709],[-99.0084419132552,19.3772974927553],[-99.0080465836698,19.3770620457849],[-99.0080170902385,19.3770444796176],[-99.0077430196112,19.3768812300474],[-99.0077190379476,19.3768669463119],[-99.0076833496236,19.3768456898894],[-99.0074604490536,19.3767129302263],[-99.0073106500693,19.3766237096841],[-99.006917319593,19.3763894502669],[-99.0065178600384,19.3761515199548],[-99.0061601697857,19.3759384600016],[-99.0057856900078,19.3757154196627],[-99.0056906000708,19.3756587803395],[-99.0054087196538,19.3754908901034],[-99.0050406203936,19.3752716298412],[-99.0047915196618,19.3751232596789],[-99.0046232801539,19.375023050051],[-99.0042338601719,19.3747910896328],[-99.004223049564,19.3747848503139],[-99.0037905497531,19.374535230137],[-99.0033284599744,19.3742685200551],[-99.0029472497937,19.3740484901207],[-99.0029146202774,19.3740296601413],[-99.0026484504085,19.373876030329],[-99.0022380598065,19.3736391698548],[-99.0018280598682,19.3734025398718],[-99.0014144604462,19.3731638003597],[-99.0010145103696,19.372932950456],[-99.0006142297377,19.372701909924],[-99.0001965699302,19.3724608302772],[-99.000157399849,19.3724382298766],[-99.0000807098938,19.3723939697686],[-98.9997977999742,19.3722273502055],[-98.9994504302694,19.3720227502335],[-98.9993964798802,19.3719909804225],[-98.9990123198912,19.3717647404384],[-98.9986236799973,19.3715358298178],[-98.9983461402888,19.3713723797943],[-98.9982119398205,19.3712933401255],[-98.9980523501927,19.3711993401723],[-98.9978837799813,19.3711000600214],[-98.9977768507145,19.3710370841031],[-98.997626170438,19.3709483396871],[-98.9976260394185,19.3709482627797],[-98.9976259093532,19.3709481858912],[-98.9975471503181,19.3709017947597],[-98.997493479995,19.3708701802776],[-98.9972282198275,19.3707139496038],[-98.997168889271,19.3706790202046],[-98.9968097501669,19.3704674903932],[-98.9968091837053,19.3704671565464],[-98.9968086191325,19.3704668236433],[-98.9968065984045,19.3704656299562],[-98.996804516262,19.3704644069578],[-98.9968039818293,19.3704640927767],[-98.9968034502398,19.3704637795582],[-98.9964705394337,19.3702676899648],[-98.9963773779581,19.3702128303622],[-98.9961610593737,19.37008543021],[-98.9960490882537,19.3700194803964],[-98.9958249191159,19.3698874500632],[-98.995605861061,19.3697584179829],[-98.9956042135641,19.3697574455517],[-98.9956038007305,19.3697572026514],[-98.9956025792285,19.3697564824437],[-98.9953791076341,19.3696248549837],[-98.9953305090306,19.3695962303089],[-98.9951324577647,19.3694795800379],[-98.9948828487019,19.3693325703867],[-98.9947167781094,19.3692347501219],[-98.9945999790047,19.3691659503752],[-98.994283518052,19.3689795700752],[-98.9942813607464,19.3689782938978],[-98.994280954538,19.3689780538442],[-98.9942805756461,19.3689778306446],[-98.9942801392783,19.3689775727743],[-98.9942767386344,19.3689755714137],[-98.9941677853832,19.3689113974307],[-98.9940733470224,19.3688557716399],[-98.9939535691906,19.3687852203795],[-98.9938725079811,19.3687374803723],[-98.9936117792042,19.3685839098865],[-98.9934406880009,19.368483120424],[-98.9932467387806,19.3683688899589],[-98.9930486479864,19.3682522000165],[-98.9929454187094,19.3681914003064],[-98.9926175977614,19.3679983134352],[-98.9926175402664,19.3679982796696],[-98.9926149447416,19.3679967446513],[-98.992612537726,19.36799532031],[-98.9926076137502,19.3679924350054],[-98.9926075204501,19.3679923796859],[-98.9923179238376,19.3678217986339],[-98.992317864454,19.3678217639245],[-98.9922734801255,19.3677956198443],[-98.9921940281406,19.3677488198625],[-98.9919391776859,19.3675987099939],[-98.9918939382769,19.3675539800972],[-98.9917999781172,19.3674610801043],[-98.9917553791578,19.3670037698277],[-98.9918069690755,19.3668649800835],[-98.9918701383215,19.3666950003973],[-98.9918836493854,19.3666398297967],[-98.9919178199758,19.3665001495888],[-98.991947720457,19.36637785027],[-98.9919579802345,19.3663359098686],[-98.9919865198681,19.3662192803869],[-98.9920370298238,19.3660127804238],[-98.9920547397176,19.3659404196696],[-98.9921845801008,19.3654096198868],[-98.9922514003191,19.3651365099497],[-98.992286689578,19.3649922299593],[-98.9923391397175,19.3647778201625],[-98.9924183499423,19.3644539503845],[-98.9924666800208,19.3642564297594],[-98.9924973401416,19.3641311201851],[-98.9925763101455,19.3638082797011],[-98.9925957503511,19.3637287497123],[-98.9926254496609,19.3636074198587],[-98.9926439483758,19.3635317811325],[-98.9926774799392,19.3633946801157],[-98.9927391696914,19.3631425099525],[-98.9927732198209,19.3630033197781],[-98.9927767996932,19.3629886898424],[-98.9928586501265,19.3626540800759],[-98.9928677702749,19.3626200503571],[-98.9929082198805,19.3624692295658],[-98.9929272595641,19.3623982601298],[-98.9929735496733,19.3622256796316],[-98.9930200497259,19.3620523204313],[-98.9931100796318,19.3617166504127],[-98.993145319628,19.3615852795705],[-98.9933852201217,19.3606908801507],[-98.9934676002918,19.3603837202193],[-98.9935155700873,19.3602931795616],[-98.9935936603089,19.3601458001505],[-98.9940622796139,19.359261419867],[-98.9941752597169,19.359048149957],[-98.9944477800872,19.3588461102814],[-98.9945472803069,19.35856644968],[-98.9945566604541,19.3581413199645],[-98.9942720480208,19.3578518499842],[-98.9937518504009,19.3573798898763],[-98.9925032298682,19.3563328196989],[-98.9924724302134,19.3563069998264],[-98.9916062200627,19.3555805896625],[-98.9914674200111,19.3554641996984],[-98.9913619397113,19.3553635701894],[-98.9909923496493,19.3550110302292],[-98.9908860835377,19.3549096598714],[-98.9907308594096,19.3547615801045],[-98.9905935996266,19.3546306504308],[-98.9901064500972,19.3541659402617],[-98.9896250498569,19.353706720231],[-98.9891757488885,19.3532781395566],[-98.9887769998161,19.3528977401298],[-98.9880933104841,19.3522455396908],[-98.987613540369,19.3517817714494],[-98.9875836291916,19.3517528612804],[-98.9871747185953,19.3513576007032],[-98.9860386775296,19.350259455191],[-98.9858683491835,19.3500948101555],[-98.9854572896259,19.3496974547636],[-98.9852101798871,19.3494585812522],[-98.9848173492325,19.3490788497765],[-98.9847043789244,19.3489696505841],[-98.9844850303384,19.3487575995697],[-98.983861619038,19.348163921313],[-98.9825603487356,19.346924740276],[-98.9823879386771,19.346760541318],[-98.9822299689134,19.3466101101198],[-98.9814992194545,19.3459141996263],[-98.9812731882887,19.3456949414087],[-98.9806602195281,19.3451003202259],[-98.9805848713664,19.3450272270846],[-98.9798698794139,19.3443336307241],[-98.9796309797354,19.3441018913287],[-98.9795009491202,19.3439757502078],[-98.9791940897324,19.3436780604363],[-98.9790222494641,19.3435113495588],[-98.9789957489639,19.3434856612037],[-98.9787933197964,19.3432892800403],[-98.9785425097193,19.3429925460098],[-98.9780775196979,19.3424424199148],[-98.9780771429703,19.3424419747235],[-98.9780767671968,19.3424415295513],[-98.9780633785994,19.3424256810167],[-98.9778219963908,19.3421400823372],[-98.9778084290963,19.3421240299571],[-98.9775273196352,19.3416497108059],[-98.9772775311191,19.341228181441],[-98.9771620798603,19.3410334010627],[-98.9764563437208,19.3398430499527],[-98.9761125100141,19.3393102897334],[-98.9758246298327,19.3388642498705],[-98.9758229198919,19.3388615996839],[-98.9754796804137,19.3383297701275],[-98.9752155202373,19.338031600291],[-98.9749597198196,19.3377428597758],[-98.9746370000608,19.3373785697903],[-98.9743251485289,19.3370265699738],[-98.9743245835342,19.337026092915],[-98.9743245460533,19.3370260613565],[-98.9743243024277,19.3370258562258],[-98.9743226907912,19.3370244973956],[-98.9743215354629,19.3370235237422],[-98.9743211953131,19.3370232378462],[-98.9743133272766,19.3370166069798],[-98.9742982414766,19.3370038937835],[-98.9742938759527,19.3370002154166],[-98.9742834208675,19.3369914033648],[-98.9742083470372,19.3369281371447],[-98.9741415226815,19.3368718220151],[-98.9741181556739,19.3368521298589],[-98.9740409325399,19.3367870508714],[-98.9740212217588,19.33677043933],[-98.9739417086803,19.336703430616],[-98.9738725345528,19.3366451346617],[-98.9738723190491,19.3366449527465],[-98.9738562082581,19.3366313753855],[-98.9733182431825,19.3361780085971],[-98.9728689442722,19.3357993607317],[-98.9727881802171,19.3357313097362],[-98.9727566952918,19.3357061602931],[-98.9725575376455,19.3355470798062],[-98.9718657229178,19.3349945407422],[-98.971633478604,19.3348090496181],[-98.9712010877891,19.3344386474213],[-98.970555620437,19.3338857100823],[-98.9702228492027,19.333602259178],[-98.9699014582918,19.3333285011116],[-98.9697641989709,19.3332115833097],[-98.9683785995767,19.3320313163499],[-98.9682902058308,19.3319560151977],[-98.9681085456963,19.3318012601152],[-98.9680436512774,19.3317459879417],[-98.9680291999982,19.33173368016],[-98.9676888358912,19.3314437398754],[-98.9676738798214,19.3314309996829],[-98.9672753799711,19.3310915497218],[-98.9672027701872,19.3310297097914],[-98.9669168802604,19.3307861497955],[-98.9667783999554,19.3306711803196],[-98.9665193400636,19.3304560601648],[-98.9660633185309,19.330077420078],[-98.9656933718514,19.329770226365],[-98.9654481195606,19.32956657593],[-98.965373171183,19.3295043402712],[-98.96533407112,19.3294718691149],[-98.9652868600262,19.3294326602872],[-98.9639966798897,19.3283613201249],[-98.9637762422002,19.3281756311312],[-98.962994627991,19.327517222407],[-98.9625314028147,19.3271270098824],[-98.9615439598687,19.3262951957723],[-98.9613457138556,19.3261281934247],[-98.9611977349054,19.326003534929],[-98.9611843939454,19.325992296342],[-98.9611197643172,19.3259378522392],[-98.9608807696287,19.3257365200147],[-98.9608251625478,19.3256896610996],[-98.9604499902899,19.3253735078179],[-98.9604483863801,19.3253721571628],[-98.9608749754313,19.3253940004361],[-98.9609051654595,19.3253955456579],[-98.9609311624666,19.3253968769412],[-98.9609681397096,19.3253987680129],[-98.9609753769113,19.3253991374245],[-98.9610285871003,19.3254018353031],[-98.9611936357679,19.3254102072656],[-98.9612848818292,19.3254148345736],[-98.9613081371376,19.3254160145908],[-98.9613392580054,19.3254175929487],[-98.961754529346,19.3254386542447],[-98.9617792834195,19.32543990964],[-98.9618103099079,19.3254414832842],[-98.9622154124195,19.3254620279887],[-98.9622732180304,19.3254649591969],[-98.962346727086,19.3254686873166],[-98.9623721008792,19.3254699741051],[-98.9628419747452,19.3254938012841],[-98.9628783545984,19.3254956463502],[-98.9629179845908,19.3254976564261],[-98.9633719416476,19.3255206735408],[-98.9633942159398,19.3255218036135],[-98.9634342463864,19.3255238333833],[-98.963988513791,19.3255519367895],[-98.9640441276078,19.3255547562147],[-98.9640832752278,19.3255567408856],[-98.9646032099557,19.3255831009232],[-98.9646280289169,19.325584358967],[-98.9646657674139,19.3255862725841],[-98.9656934806941,19.3256383702545],[-98.9658172037469,19.3256446421009],[-98.9659103569158,19.3256493638145],[-98.9659491079666,19.3256513282562],[-98.9661477914264,19.325661397897],[-98.9661857197418,19.3256633185706],[-98.9662591412993,19.3256670403075],[-98.966351919879,19.3256717397275],[-98.9682746799088,19.3257225034212],[-98.9682753104575,19.325722519701],[-98.9683146901826,19.3256661703119],[-98.9686177700755,19.325232520396],[-98.9689602099611,19.324742567362],[-98.9689602415392,19.3247425208784],[-98.9690458298536,19.324750719617],[-98.9693071096686,19.3247757803464],[-98.9698646200459,19.3248537501837],[-98.9703926502302,19.3249276001426],[-98.9707922800715,19.325182339989],[-98.9711833803076,19.3254316297489],[-98.9747091503573,19.3256672304237],[-98.9753236796753,19.3256434903202],[-98.9759563994119,19.3249467507813],[-98.9761689300285,19.3249414696165],[-98.9762028401865,19.3249406270914],[-98.9762924498153,19.3249383995972],[-98.976228178528,19.3242961999394],[-98.9765165098926,19.3242556896757],[-98.9765905085707,19.324947570556],[-98.9769418197794,19.3250681706913],[-98.9773927288732,19.3252237749957],[-98.9773967895915,19.3252251764404],[-98.9773973797022,19.3252253803421],[-98.9774099090404,19.3251660603426],[-98.9774938600244,19.324768580998],[-98.9780456189348,19.324992351115],[-98.9779265991049,19.3252851813061],[-98.9782030902112,19.3253310804054],[-98.978248588521,19.325084420222],[-98.978248603687,19.3250843389763],[-98.9782507368243,19.3250727772145],[-98.9783302802256,19.3246415504135],[-98.9784870500743,19.3246101204361],[-98.9784974438621,19.3245097267425],[-98.9785249598807,19.324243941695],[-98.978545444903,19.3240460723328],[-98.9785603059634,19.3239025253596],[-98.9785603096095,19.3239024900946],[-98.9788051943878,19.3239211826769],[-98.9789277797277,19.3239305398327],[-98.9793393700559,19.3239619500586],[-98.9797080003982,19.3240299103177],[-98.9801944503324,19.3241467995632],[-98.9802643697421,19.3241900899671],[-98.9806073395903,19.3246566503125],[-98.9802922203602,19.324999187046],[-98.9800873866205,19.3252218419683],[-98.9795674303281,19.32578703041],[-98.9798682300141,19.3261395797276],[-98.9808926000828,19.326187490246],[-98.9865347102357,19.3264482503718],[-98.9893931798345,19.3265805695993],[-98.9929403096064,19.3267446601304],[-98.99797145006,19.3269772908169],[-99.0013537254289,19.3271336031594],[-99.0013543089794,19.3271336301473],[-99.0075510301708,19.3251708911779],[-99.009449029959,19.324569800036],[-99.0187397499973,19.3216271102386],[-99.0259611403374,19.3193381697099],[-99.0259762803719,19.319333890245],[-99.0349163996449,19.3168038803726],[-99.0387328899303,19.3157258306707],[-99.0387928550186,19.3156859398735],[-99.038852820052,19.3156460499601],[-99.038976411843,19.3154884350311],[-99.0390339802307,19.3154150201276],[-99.0391093961461,19.3152993737136],[-99.0391559800951,19.3152279398022],[-99.0392261449594,19.3151203569471],[-99.0392424604172,19.3150953399767],[-99.0392952498612,19.3150144195835],[-99.0393180304621,19.3149794799757],[-99.0393559201244,19.3149344002649],[-99.0393799795857,19.3149057802717],[-99.0395128802553,19.3147476797434],[-99.0395852298833,19.3146872903043],[-99.0397549397909,19.3148313101438],[-99.0398701735244,19.314929094924],[-99.0400523308455,19.3150836687076],[-99.0401030302013,19.3151266899471],[-99.0404424895356,19.3154147400396],[-99.0407456000485,19.3151573803259],[-99.0417093703963,19.3143391103978],[-99.04177960041,19.314416400993],[-99.0419528801871,19.3142154605792],[-99.0419856585978,19.3141758000174],[-99.0421843503745,19.313935449641],[-99.042231018966,19.3138790004496],[-99.0423946603691,19.3136810304426],[-99.0425241196412,19.3135244195586],[-99.0426068493979,19.3134243409521],[-99.0426419087656,19.3133819396616],[-99.0427818004409,19.3132126901048],[-99.0428065994341,19.3131827095984],[-99.0430282001627,19.3129146296987],[-99.0432695102963,19.3126227104581],[-99.0435048487714,19.3123380006169],[-99.0436125194097,19.3122077408563],[-99.0445922486841,19.3129105199634],[-99.0446764502828,19.3129710807668],[-99.0448363187189,19.3127794595992],[-99.0448381702483,19.3127772596207],[-99.0449345187569,19.312861320605],[-99.0452692899785,19.3133768799513],[-99.0454284296715,19.3135591095662],[-99.0456135200446,19.3137768503246],[-99.0456511192922,19.3138210812272],[-99.0457041385615,19.313891481412],[-99.0458102785867,19.3140324504435],[-99.0459339988571,19.3141716511732],[-99.0461361088561,19.3143353195613],[-99.0463144504541,19.3145245799851],[-99.0466177386017,19.3148764902858],[-99.0466885994691,19.3146690512938],[-99.0470994112238,19.3141361266963],[-99.0475112459967,19.3136018685923],[-99.04768424966,19.3133774364367],[-99.0481284593658,19.312801170843],[-99.0484174314165,19.3124426378176],[-99.0488610888372,19.3118921814248],[-99.0488676590857,19.3118840200912],[-99.0493864301126,19.3122665414262],[-99.0496152225289,19.3124192568715],[-99.0503095692853,19.3128827206066],[-99.0503143493791,19.3128856898495],[-99.0504295689693,19.3129571697456],[-99.0506696810087,19.3126922801441],[-99.0508869403472,19.3124526005717],[-99.0509325067326,19.3123970116809],[-99.0520500489695,19.3110336607314],[-99.0520707624011,19.3110071327857],[-99.0522633198061,19.3107605202324],[-99.0537825999238,19.3118598498036],[-99.0539805403208,19.3116215108566],[-99.0539954297666,19.311604030383],[-99.0541852802163,19.3113812602332],[-99.0542080799964,19.3113544899856],[-99.0544476497841,19.3110800897195],[-99.0546558003574,19.3108431697459],[-99.0548993996812,19.3105387196166],[-99.0551353397446,19.3102572302456],[-99.0551885498291,19.3101937496846],[-99.05534879953,19.3099945102324],[-99.0554799700543,19.309831429702],[-99.0557706502966,19.3094796896425],[-99.0560974896627,19.3090798301778],[-99.0562024303762,19.3089508500002],[-99.0569300898103,19.30805650994],[-99.0584022796582,19.3062555704256],[-99.059871290023,19.3044406501215],[-99.0604865400782,19.3046902004238],[-99.0608855500317,19.3048582201434],[-99.0626638897264,19.3054407798376],[-99.063399629958,19.3056849799407],[-99.063425248784,19.30561157993],[-99.0634350574619,19.3055834786225],[-99.0637167997542,19.3047762495692],[-99.0638311499646,19.3044520297998],[-99.0640326499905,19.3038789502357],[-99.0641731698427,19.3034800203135],[-99.0643480499978,19.3029631696204],[-99.0644901099383,19.3025498198566],[-99.0645004498394,19.3025204296144],[-99.0647774300325,19.3016430802722],[-99.0645869999745,19.3010866498829],[-99.0644221198636,19.3006048802439],[-99.0643842898298,19.3005123796968],[-99.0639454303277,19.2994806496662],[-99.0636030198411,19.2986730598481],[-99.0633992602348,19.2984015498194],[-99.0629673502406,19.2978260201253],[-99.0628023803381,19.2976061799367],[-99.0626421703793,19.2973039996857],[-99.062620420155,19.2969915203424],[-99.0626094904585,19.2968346499377],[-99.062594489831,19.2967145398813],[-99.0625121101767,19.2963244200374],[-99.062455170406,19.2961002597023],[-99.0624049103282,19.2959024298414],[-99.0623524803879,19.2956957998331],[-99.0623411099033,19.295654779731],[-99.0621273803382,19.2948221503702],[-99.061977599992,19.2944249501256],[-99.0617191502013,19.2942195700853],[-99.0615620502107,19.2940922495709],[-99.0616013099161,19.2935560195868],[-99.0616178500601,19.2930695696962],[-99.0616316600237,19.2926631097562],[-99.0616489254634,19.2926303229871],[-99.0616839102046,19.2925638803094],[-99.0617236196604,19.2925196200984],[-99.0620961402341,19.2921043998221],[-99.0625063204433,19.2916471401518],[-99.0628237101847,19.2912947104053],[-99.0630676500503,19.2910422501336],[-99.0633864303895,19.2907123701396],[-99.0634330503471,19.2906641196128],[-99.0635372596491,19.2905576296506],[-99.0637367499767,19.2903537702661],[-99.0641645700904,19.2899194498704],[-99.064272659882,19.2898096898046],[-99.0643938296175,19.2896874602355],[-99.0647306201092,19.2893476598452],[-99.0649484203195,19.2891279403838],[-99.0650148300065,19.2890609400831],[-99.0653551797204,19.2887175400827],[-99.0655213098866,19.288551999882],[-99.0656972002281,19.2883768502356],[-99.0657583700847,19.2883159398235],[-99.0659630497013,19.2881121101228],[-99.0660302601642,19.2880456297018],[-99.0661938003137,19.2878838802581],[-99.0663658804117,19.2877136600976],[-99.0667107499909,19.2873725200319],[-99.067020220051,19.2870664200961],[-99.067057710433,19.2870293396648],[-99.067201850061,19.286881379575],[-99.067376289741,19.2867023196176],[-99.0675715099535,19.2865019196567],[-99.0677747798403,19.2862910297265],[-99.0679340504468,19.2861257402427],[-99.0680891504107,19.2859647703359],[-99.068118950324,19.2859340304177],[-99.0682982300519,19.2857261199065],[-99.068477170372,19.2855185696042],[-99.0685607499761,19.2854216502769],[-99.0686420195943,19.2853283999664],[-99.0688206201057,19.2851235101802],[-99.0689667504045,19.2849558501219],[-99.0691529195724,19.2850857399531],[-99.0698799204636,19.2857347400359],[-99.0713757996478,19.2870700901677],[-99.0721851997401,19.2878182596535],[-99.0723564803024,19.2879481697759],[-99.0740740599319,19.2890989795819],[-99.0744872602888,19.2893718312345],[-99.074941109349,19.2896981405876],[-99.0752458804315,19.290079279833],[-99.0759099789735,19.2909861708539],[-99.077225709287,19.2928486901313],[-99.0773152800975,19.2929629101913],[-99.0777197197686,19.2932279698513],[-99.0780229501155,19.2934740202234],[-99.0786593104211,19.294213140157],[-99.0789706496518,19.2945885102678],[-99.0792063799469,19.2948681397907],[-99.0796940003208,19.2954538501513],[-99.0799712901004,19.2957678000623],[-99.0803711204452,19.2962371796757],[-99.0823180798388,19.2985831997902],[-99.0831682204422,19.2996523202997],[-99.0833720498517,19.3000788796433],[-99.083590650363,19.3004095502446],[-99.0838443098441,19.3007238599803],[-99.0841127396598,19.3010399703847],[-99.0843581703048,19.3013670002468],[-99.0844716748923,19.3015149550432],[-99.0845851797266,19.3016629097796],[-99.0848567796852,19.3019809703771],[-99.0851333498425,19.3022697501242],[-99.0853837699079,19.3025913199137],[-99.0856247699552,19.3028887404202],[-99.0858752795924,19.3031908499622],[-99.0861579197432,19.3035044300783],[-99.0862918301212,19.3036042296446],[-99.0867183097454,19.303795380024],[-99.0871853801652,19.3041496598042],[-99.0871983688697,19.3041656495495],[-99.0874655799209,19.3044836903826],[-99.0876588802499,19.3046818602912],[-99.0876588966068,19.3046818986614],[-99.0879355399995,19.3053248600825],[-99.0879498785244,19.3053418661363],[-99.0881447699484,19.3055729999507],[-99.0883485967239,19.3058483415474],[-99.0883904495964,19.3059048796071],[-99.0884038477961,19.3059175772752],[-99.0884434297289,19.3059550903592],[-99.0885418814635,19.3060684543029],[-99.0886151996832,19.3061528796073],[-99.088653201828,19.3061913534293],[-99.0888410448823,19.3063815241956],[-99.0889616017771,19.306503574583],[-99.0890209503658,19.3065636599009],[-99.0890432585377,19.3065946469598],[-99.0892325503479,19.3068575797808],[-99.0893062646109,19.3069397237166],[-99.0893740981877,19.3070153139696],[-99.0894868603807,19.3071409703537],[-99.0895590706062,19.3073035304268],[-99.0896013104138,19.3073986198096],[-99.089668985217,19.307489647207],[-99.0897717100223,19.3076278203493],[-99.089877080062,19.3077276597339],[-99.0900251920169,19.3078709512402],[-99.0902924297634,19.3081294898786],[-99.0903648496281,19.3082265803349],[-99.0903787637489,19.308244360871],[-99.0905349704745,19.3084439696475],[-99.09057287182,19.3084882870803],[-99.0907987598828,19.3087524171492],[-99.0908143098574,19.3087705997446],[-99.0908404924539,19.3088050716718],[-99.0914193103561,19.3095671504475],[-99.0917356296273,19.3099865697743],[-99.0917938296817,19.3100521201454],[-99.0919269497823,19.310211479622],[-99.0922498795562,19.3105846300407],[-99.0923489702191,19.3106798203467],[-99.0926190298072,19.3109884802403],[-99.0926791689296,19.3110626599284],[-99.0927279097995,19.311122779964],[-99.0928343104743,19.3112628497908],[-99.0931829104575,19.3117022200114],[-99.0932236198297,19.3117572001488],[-99.0935729796303,19.3122044598751],[-99.0939352304429,19.3126682201364],[-99.0940889503573,19.3128682502782],[-99.0942653997673,19.3127715201715],[-99.0949649703946,19.3136913199528],[-99.0958505204051,19.3148150199979],[-99.0967568600235,19.3159884496433],[-99.0974404201621,19.3168264295848],[-99.0977101099912,19.317172969865],[-99.0982380300176,19.3179597395979],[-99.0984426197669,19.3182726595741],[-99.0986465498259,19.3185902003816],[-99.0986854797422,19.3186744197119],[-99.0987097402443,19.3187949202664],[-99.0986453397551,19.3189575503307],[-99.0984887400491,19.3190380800449],[-99.0986964902394,19.3196414202018],[-99.0988006601816,19.3204481504443],[-99.0990591798897,19.3204419100451],[-99.099076259694,19.3204414896396],[-99.0990768500115,19.3204441095818],[-99.0990768813653,19.3204442506264],[-99.0991245499179,19.3206571499391],[-99.0992070298052,19.3209170203446],[-99.0992420804279,19.3209872904241],[-99.0992984203476,19.3211002597489],[-99.0994125210797,19.3212439797693],[-99.0995265467437,19.3213876058611],[-99.0995361399788,19.3213996896329],[-99.0995953230121,19.3214733524069],[-99.0999538804693,19.3219196301094],[-99.100406419665,19.3224043704126],[-99.1006844299075,19.322682740199],[-99.1008427103224,19.3228393401011],[-99.1010475101988,19.3229885202434],[-99.1011695700006,19.3230774497875],[-99.101417909903,19.3232392504328],[-99.1017020503243,19.3234243797126],[-99.1019671063856,19.3235818909846],[-99.1020664898483,19.3236409497665],[-99.102399710201,19.3238389696965],[-99.1027815404293,19.3240551196325],[-99.1033453212516,19.3243559819289],[-99.1034582204047,19.3244162304584],[-99.1038206596669,19.3245869201828],[-99.1038397912376,19.3245968561443],[-99.1039871401363,19.324673380236],[-99.1041861798562,19.3248105100393],[-99.1043362802039,19.324937949589],[-99.1048912591936,19.3254807207323],[-99.1049242875571,19.32551302322],[-99.1051015200861,19.3256863696934],[-99.1051892096335,19.3257721276252],[-99.105206369994,19.3257889100806],[-99.1052170853035,19.3257993886176],[-99.1054284297447,19.3260060600753],[-99.1055458296557,19.3261208898632],[-99.1056938511218,19.3262656525927],[-99.1057293203053,19.3263003403001],[-99.1057566575197,19.3263341273899],[-99.1057701504425,19.3263507996536],[-99.1060463203645,19.3266921996634],[-99.1060762796433,19.3267230242052],[-99.1060926029274,19.32673981772],[-99.1064337337403,19.3270907849363],[-99.1065443396322,19.3272045796411],[-99.1068183759359,19.3274865282507],[-99.1070701502434,19.327745570077],[-99.1075885402152,19.3282867801934],[-99.1079292196764,19.3287263403762],[-99.1080119200494,19.3288546001952],[-99.1083359399782,19.32935706035],[-99.1083523972514,19.3293825818565],[-99.1086212603372,19.3297995401438],[-99.1089449704282,19.3303015196371],[-99.1091396903079,19.3306081201236],[-99.1093050600253,19.3308684801018],[-99.1096297397941,19.3313139697875],[-99.1097211097793,19.3314666599745],[-99.1098180296009,19.331731779836],[-99.1098388721138,19.3318037117468],[-99.1099815998816,19.3322962896794],[-99.1099967385372,19.3323352612431],[-99.1100923096856,19.3325814597363],[-99.1101675500778,19.3326964595637],[-99.1103233696255,19.3328796601434],[-99.1104303801998,19.3329632798362],[-99.1105382504718,19.3330475501669],[-99.1105896503077,19.3330765397056],[-99.1107199988047,19.3331433508814],[-99.1112692796258,19.3334248804266],[-99.111618250382,19.3336670203838],[-99.1119305495501,19.3339633396184],[-99.112158489681,19.3342182600076],[-99.1124392597741,19.3346343999312],[-99.1129345796379,19.3353684900894],[-99.1129635795252,19.3354293204121],[-99.1130223402989,19.3355585796042],[-99.1132153203708,19.3359772596444],[-99.1135966902209,19.3366479996337],[-99.1137639200283,19.3369240201112],[-99.1139074495623,19.337336169875],[-99.1139567802579,19.3376371397775],[-99.1140204003024,19.3379597403497],[-99.1140385999877,19.3381362604187],[-99.1140684498195,19.3382497103945],[-99.1141356598737,19.338637490055],[-99.1141776295586,19.3389695501662],[-99.1141825701228,19.3390145398723],[-99.1142159104024,19.339229779682],[-99.1143118196911,19.3398309196173],[-99.114344830202,19.3400715503357],[-99.1143967497473,19.3404205203114],[-99.1144322198744,19.3405852597749],[-99.1144470601916,19.3406786195745],[-99.1144754896612,19.340790489599],[-99.1145487501047,19.3409705499887],[-99.1149527703739,19.3418722499842],[-99.1151150798632,19.3422344798719],[-99.1151633402154,19.342333080041],[-99.1152429014555,19.3425172937541],[-99.1153071997018,19.3426661698282],[-99.1154156510689,19.3429114935528],[-99.1155715398133,19.3432641201918],[-99.1156581999463,19.343432770275],[-99.1157314130338,19.3435324502512],[-99.1158746899207,19.3437055201507],[-99.1160820798822,19.3439637995833],[-99.1162189101161,19.3441160199669],[-99.1164045402043,19.3443940499163],[-99.1170517104744,19.3455558796947],[-99.1170668604531,19.3455837098351],[-99.1172605699754,19.3459445499685],[-99.1173921800433,19.3461893499765],[-99.1177640369515,19.3468352841517],[-99.1180611795774,19.3473514300005],[-99.1181362367236,19.3474646045663],[-99.1182316004081,19.3476083995887],[-99.1189042201419,19.3486226200276],[-99.1194572495861,19.3494564900009],[-99.1195467796451,19.3495914800406],[-99.1195600601377,19.3496148598394],[-99.1198241398047,19.3499925396495],[-99.1201464197907,19.3504278498022],[-99.1202420598831,19.3505612597869],[-99.1203603808863,19.3508442258512],[-99.1203609097393,19.3508454899864],[-99.1204880863761,19.3511496230056],[-99.12048908047,19.3511519996494],[-99.1207773695278,19.3518414800749],[-99.1209314303203,19.3523150597199],[-99.1212618600363,19.35334015038],[-99.1214535800805,19.3539200597021],[-99.1215885704608,19.3546363701341],[-99.121890420437,19.3569764899313],[-99.1219760926892,19.3576339177102],[-99.1219771605586,19.3576421094062],[-99.1219797242698,19.3576617756542],[-99.1219797274166,19.3576618074282],[-99.121987106421,19.3576626529478],[-99.1219973796972,19.3576638299646],[-99.1219994151836,19.3576640508673],[-99.122001088726,19.3576642322552],[-99.1223748068698,19.3577048316234],[-99.1223862511124,19.3577060744097],[-99.1224773401668,19.3577159697583],[-99.1225533407531,19.3577242257671],[-99.1226976877002,19.3577399059724],[-99.1236209798951,19.3578402002873],[-99.1237856896054,19.35785809022],[-99.1246240500755,19.3579491501585],[-99.1251146196639,19.3580024303502],[-99.125613780072,19.3580566498311],[-99.125865940466,19.3580840300331],[-99.1261134001437,19.3581109099286],[-99.1262876496336,19.3581295702806],[-99.1265829703233,19.3581618504373],[-99.126733849537,19.3581782798541],[-99.1270887202717,19.3582168300731],[-99.1271706299097,19.3582257198488],[-99.1277084896413,19.3582841196279],[-99.127767350374,19.3582905203581],[-99.1282770904527,19.3583458799399],[-99.128397620106,19.3583595697455],[-99.1286950496972,19.35839125972],[-99.1289302501739,19.3584171499365],[-99.1290977396073,19.3584349799648],[-99.1293860497511,19.3584662896029],[-99.1295263396944,19.3584815201155],[-99.1298581195653,19.3585175501086],[-99.1301424000111,19.3585484202091],[-99.1303280799387,19.3585685796919],[-99.1308697797194,19.3586273999475],[-99.1311779104354,19.3586608603462],[-99.1313609698201,19.358375690244],[-99.1314241103185,19.3582601197604],[-99.1317629696009,19.3577167096837],[-99.131913250398,19.357520019771],[-99.1321270301518,19.3573010902883],[-99.1322874303155,19.3571767696313],[-99.1323692601823,19.3571198304032],[-99.1325022495672,19.3570339195735],[-99.1326910797648,19.3569176896702],[-99.1329148598089,19.3568010300106],[-99.1330743097482,19.3567360799897],[-99.1334881696984,19.3565880901482],[-99.1336742303388,19.3565519395999],[-99.1339704598959,19.3565337103376],[-99.1342705090241,19.3565406903404],[-99.1343965199706,19.3565465499209],[-99.1345597799464,19.3565636303928],[-99.134747220085,19.3565692303041],[-99.1350314198171,19.3565890903544],[-99.1355242202447,19.3566231204551],[-99.1359152198179,19.3566463700697],[-99.1362538301125,19.3566747799907],[-99.1365743101789,19.3566946198465],[-99.1369371099484,19.3567172798025],[-99.1372787402306,19.3567428296841],[-99.1377216496142,19.3567684499655],[-99.1392318796075,19.3568652899554],[-99.1398360003925,19.3569175996403],[-99.1398887396978,19.3571400203591],[-99.1398938296714,19.3573695998908],[-99.1396563399675,19.3583536000539],[-99.1393999802224,19.3595367803834],[-99.1391879995487,19.3604858497718],[-99.1390402599594,19.361125949674],[-99.1389037804609,19.3618077996075],[-99.1387669797893,19.3624607205761],[-99.1386376503404,19.3630806303188],[-99.1385192896495,19.3636309198065],[-99.1383824797857,19.3642875096564],[-99.1382254796757,19.3649112801505],[-99.1380789100474,19.3655030195675],[-99.137950290259,19.3660913497384],[-99.137829629894,19.3667042011775],[-99.1377385700871,19.3672114295677],[-99.137557368289,19.3680127404221],[-99.1374178185829,19.3686200004036],[-99.1371774595388,19.3696164900847],[-99.1369309178734,19.3707903801739],[-99.1367263400721,19.3716266004283],[-99.1364535102245,19.3728717408746],[-99.1362290296167,19.3738466601473],[-99.1360001697808,19.3748716307895],[-99.1359390496783,19.3752295199531],[-99.1357984497525,19.3758712901816],[-99.1357304796212,19.376191580318],[-99.1354877203763,19.3771869797631],[-99.1354246886775,19.3773062500029],[-99.1350309504731,19.3774005196544],[-99.1341513991247,19.3774804600562],[-99.1338504593146,19.3774483401333],[-99.1333314290844,19.3773967803943],[-99.1328791704333,19.3773497198267],[-99.1324484600324,19.3773029499381],[-99.1320072197358,19.3772562000573],[-99.1315498489759,19.3772152500283],[-99.1314024789041,19.3772027703519],[-99.131069980256,19.3771694902964],[-99.1308413992498,19.3771397503318],[-99.1305687800918,19.3771146803391],[-99.1301984287842,19.3770779702027],[-99.1300817385928,19.3770675099449],[-99.129699859689,19.377029139792],[-99.1295805088613,19.3769981100843],[-99.1295383085878,19.3769931402109],[-99.1294775804382,19.3769756598343],[-99.1291050786979,19.3769056301637],[-99.128413520181,19.3767849402217],[-99.1283629998156,19.3767742201452],[-99.1282786502784,19.3767585702117],[-99.1278246602493,19.3766737799523],[-99.1276159801833,19.3766343498361],[-99.1274481393211,19.3765983698103],[-99.127323719879,19.3765795699271],[-99.1272409692211,19.3765676604324],[-99.1268013702092,19.3764980302992],[-99.1266614500695,19.3764721499898],[-99.1266258648984,19.376464019446],[-99.1264447094557,19.3764226201464],[-99.1263900203883,19.3764113697838],[-99.1261688897473,19.3763799702734],[-99.1259959958088,19.3763462466663],[-99.1259735090196,19.3763418600619],[-99.1258926589654,19.376328400241],[-99.1255982865258,19.3762848962501],[-99.125434629709,19.3762607098987],[-99.1252666890836,19.376231940193],[-99.1250175099398,19.3761908896557],[-99.1245797102085,19.3760963096747],[-99.1244564984024,19.376066802677],[-99.1244077992788,19.3760551400277],[-99.124094340398,19.3759998797597],[-99.1239812189704,19.375976709826],[-99.1235542494105,19.3759003197785],[-99.1231697096848,19.3758367797774],[-99.1226636869478,19.37573797124],[-99.1225339175326,19.3756995102382],[-99.1225373648796,19.3759166513277],[-99.1225614093997,19.3774322304365],[-99.1225638070201,19.3775833272271],[-99.1225659799398,19.3777202595669],[-99.1225691661348,19.3778834194184],[-99.1225704324669,19.377948255878],[-99.1225729739966,19.3780784128577],[-99.1225891488557,19.3789067103116],[-99.1225781140752,19.3799527103899],[-99.1225771444577,19.380044675003],[-99.1225764797107,19.3801076797876],[-99.1225929988261,19.3802746596253],[-99.1225927799498,19.380282121139],[-99.1225626290352,19.3813120001528],[-99.1225572002407,19.3814979400982],[-99.1224833664546,19.3823605803459],[-99.1224765096084,19.3824406904149],[-99.1211265992611,19.3823481497011],[-99.1208516598912,19.3823296899128],[-99.1205538798428,19.3823156803034],[-99.1203879103313,19.3823095101192],[-99.1201141497179,19.3822945999652],[-99.1197860289271,19.3822783496375],[-99.1193662604598,19.3822531096387],[-99.1190825802097,19.3822399503739],[-99.118803450291,19.3822257799991],[-99.1184307990776,19.3821992501585],[-99.1181739494304,19.3821820800856],[-99.118088910071,19.3821761704019],[-99.1179302901492,19.3821684296058],[-99.1178244202476,19.3821636203284],[-99.1177830502013,19.3821610497785],[-99.1177145488586,19.3821606901057],[-99.1176630186912,19.3821576004218],[-99.1175658901045,19.3821526296757],[-99.1173688899593,19.3821463698803],[-99.117196248526,19.3821377500916],[-99.1170287390126,19.3821283399968],[-99.1169211498638,19.3821223401413],[-99.1167689400145,19.3821057197172],[-99.1166709490854,19.3820926899315],[-99.1164752204331,19.3820808197464],[-99.1163198501018,19.3820647402374],[-99.1161418596133,19.3820522503314],[-99.1160183498103,19.3820367196545],[-99.1158353796217,19.382017030194],[-99.1157296893235,19.3819995196705],[-99.1155891097696,19.3819752900735],[-99.1154110200388,19.3819623996138],[-99.1153069099441,19.3819531403848],[-99.1151271689563,19.3819328801296],[-99.115041079991,19.3819186602084],[-99.114805148701,19.3818934503039],[-99.1147395199526,19.3818842503446],[-99.1144647703509,19.3818361997199],[-99.1144046597479,19.381827720258],[-99.1140967991668,19.3817825398125],[-99.1139151689088,19.3817549403389],[-99.1137602491902,19.3817311500935],[-99.1135660599418,19.3817094902048],[-99.1133794798044,19.3816940501978],[-99.1131144793626,19.3816795203106],[-99.1130577500827,19.3816784201946],[-99.1128325994368,19.3816717697909],[-99.112720520395,19.3816586902659],[-99.1125987085474,19.3816417412155],[-99.1123807794426,19.3816095797786],[-99.1122098200914,19.3815791502147],[-99.1120463401541,19.3815553803748],[-99.1119596502564,19.3815435403296],[-99.1117302587584,19.3815095196679],[-99.1115603800118,19.3814825796396],[-99.111334019333,19.3814416797926],[-99.1111231796743,19.3814005199648],[-99.1109360199467,19.3813559197985],[-99.1106886875799,19.38132692524],[-99.1105827804031,19.381314510352],[-99.1105564485361,19.3813115403271],[-99.1105260898598,19.3813090297337],[-99.1104589403216,19.381301999849],[-99.110415380463,19.3812954599962],[-99.1103868592392,19.3812927996585],[-99.109435749147,19.3811790198785],[-99.1094137250418,19.3811755820293],[-99.1093980791929,19.3811731397098],[-99.1091837804522,19.3811488196072],[-99.1089291990283,19.3811199399195],[-99.1087537502691,19.38109611965],[-99.1085693488435,19.3810704596614],[-99.1085223989043,19.3810671799337],[-99.1080056803941,19.381001629983],[-99.1076713991775,19.3809621496102],[-99.1074337187963,19.3809408799007],[-99.1073623678884,19.3809263197259],[-99.1073147402585,19.3809212796075],[-99.1072007090292,19.380909709922],[-99.1070384602131,19.3808932300081],[-99.1069287098014,19.3808824597375],[-99.1068535797984,19.3808752600503],[-99.1067452804669,19.3808642800196],[-99.1065586500022,19.3808560498387],[-99.1063003104738,19.3808623698561],[-99.1060893498221,19.3808482897834],[-99.105937740241,19.3808312195654],[-99.1057245203257,19.3808097396515],[-99.1056667199033,19.3808097697565],[-99.1054027801782,19.3807755996592],[-99.1051070586775,19.3807379196736],[-99.1047540487814,19.3806900800451],[-99.1042652485386,19.3806274299037],[-99.10375534031,19.3805571797456],[-99.1033695200965,19.3805101397076],[-99.1030178496563,19.3804473803146],[-99.1012504295287,19.3802395797109],[-99.1011442501267,19.3802420798459],[-99.1010915392222,19.3802433203888],[-99.1007937186823,19.3802320202096],[-99.0995132297811,19.3800879402431],[-99.0991358188973,19.3800452299113],[-99.0987200204314,19.3799986798673],[-99.0983140887675,19.3799536003384],[-99.0979674599359,19.3799097202659],[-99.097614229883,19.379868599572],[-99.097287860018,19.3798351199292],[-99.0970205095781,19.3798101204392],[-99.0966635186118,19.3797806498372],[-99.0963005691176,19.3797530800557],[-99.0959861799875,19.3797405503827],[-99.0957324757664,19.3796343804058],[-99.0956476500948,19.3795988802564],[-99.0955478278071,19.37975423161],[-99.0952623497526,19.3801985097341],[-99.0950730603956,19.3804931097019],[-99.0948819987159,19.380790450084],[-99.0948269099465,19.3808761795687],[-99.0947123803539,19.3810544197759],[-99.0945567404632,19.3812966497181],[-99.0943532300686,19.3816133502878],[-99.0939112901648,19.3823011196031],[-99.0935339793211,19.3828883095632],[-99.0932450202416,19.3833380299352],[-99.0931451080042,19.3834934901919],[-99.0929792495485,19.3837290002724],[-99.0929507431666,19.38379026829],[-99.0929098886786,19.3838780726709],[-99.092897430415,19.3839048497628],[-99.0928850530667,19.3839405331163],[-99.0928459496881,19.3840532802585],[-99.0928234037253,19.3840877639727],[-99.0923170893033,19.3848621397739],[-99.0922375404197,19.3849998196779],[-99.0918943495868,19.385540289814],[-99.091557180323,19.3860708896864],[-99.0911664297155,19.3867022600887],[-99.0909383390843,19.3870554796434],[-99.0907380896167,19.3873657995963],[-99.0905481994778,19.387652779779],[-99.0904778596647,19.3877590798512],[-99.0903882904684,19.3878991199069],[-99.0902169086827,19.3881735499239],[-99.089866969134,19.3887154300291],[-99.0896782304536,19.3889988497827],[-99.089503428673,19.389266829675],[-99.0893263402796,19.3895545802656],[-99.0891352202896,19.3898578801005],[-99.088995600454,19.390079199925],[-99.0888013690601,19.3903823100303],[-99.0886701642952,19.3903599104117],[-99.0886120436372,19.3903499855815],[-99.0882429502314,19.390286969973],[-99.0878602287578,19.3902370203619],[-99.0874922602192,19.3901844299583],[-99.0871268492424,19.390129919789],[-99.086863979939,19.390091880348],[-99.0867674902869,19.3900724000805],[-99.0866579491856,19.3900631197148],[-99.0865704779149,19.3900573710596],[-99.0865265387337,19.3901520896503],[-99.0863743696186,19.3901028295854],[-99.0849070201327,19.3896704796319],[-99.0845837388381,19.3894752810059],[-99.0845254003202,19.3899283397261],[-99.0843844289734,19.390635059999],[-99.0843242199874,19.3909598803311],[-99.0843052300477,19.3910758597328],[-99.0842292897829,19.3914678598959],[-99.0841431399466,19.3919002798427],[-99.0840321404571,19.3924961496465],[-99.0840179802464,19.3925721503478],[-99.0838331278081,19.3925232845456],[-99.083648279282,19.392474420405],[-99.0835829088717,19.3924277504223],[-99.0832081794133,19.3922462904453],[-99.083139630073,19.3922159802895],[-99.0827990798197,19.3920302803557],[-99.0824396896505,19.3918335396103],[-99.0823751395664,19.3917989703686],[-99.0821127696106,19.3916571202973],[-99.081913678867,19.3915594199564],[-99.0817754299845,19.3914999497229],[-99.0814287085944,19.3913187997502],[-99.0813676485925,19.3912913401368],[-99.0810520200004,19.3911148901903],[-99.0809129703329,19.3910485395848],[-99.080692600084,19.3909336500523],[-99.0804481999668,19.3908159399511],[-99.0803723100805,19.3907761696546],[-99.0799408596029,19.3905324014172],[-99.079387000001,19.3902472897973],[-99.0793617204481,19.3902312298512],[-99.0788597787323,19.3899759400175],[-99.0788114289305,19.3899484296782],[-99.0783545789737,19.3897266903277],[-99.0778529990037,19.3894548596498],[-99.0772621488386,19.3891429496297],[-99.0767581501871,19.3888994502832],[-99.0763176500203,19.3886836302759],[-99.075893399271,19.3884697499876],[-99.0748425388087,19.3878973496728],[-99.074514769338,19.3877310758063],[-99.074512473964,19.3877299113639],[-99.0743296602992,19.3876371703673],[-99.0741174726295,19.3875330436668],[-99.0741121781926,19.38753044561],[-99.0739105088467,19.3874314798445],[-99.0734892504242,19.3872116603283],[-99.0730144588681,19.3869554900033],[-99.0725250303519,19.3867242302336],[-99.0721271491214,19.3865135997282],[-99.0717351698568,19.3863272197412],[-99.0713772189783,19.3861423998657],[-99.0709220494545,19.385882719645],[-99.0707263804508,19.3857776797337],[-99.0704440887669,19.3856256001452],[-99.0699492889361,19.385376490162],[-99.0694780195369,19.38513100011],[-99.0689556202147,19.3848630601388],[-99.0676055486688,19.3841722601418],[-99.0667345992354,19.3837167796092],[-99.0665500853058,19.383626945024],[-99.0663655697108,19.3835371101856],[-99.0661593028844,19.3835073102303],[-99.066156996408,19.3835069772937],[-99.0658354290609,19.3834605196007],[-99.0655495691829,19.3834080020126],[-99.0655448631189,19.3834071376782],[-99.0655429133471,19.3834067799439],[-99.064997628232,19.3833065997352],[-99.0641264499799,19.3831429797375],[-99.0636595988981,19.3830724898369],[-99.0633513187826,19.3830151738326],[-99.0632485099752,19.3829960595567],[-99.0623920592812,19.3828504599856],[-99.0615263400023,19.3826964800953],[-99.0610398901499,19.3826188709889],[-99.060848400356,19.3825883199702],[-99.0608366215819,19.3829689057465],[-99.060836295127,19.3829794669178],[-99.0608325647887,19.3831000128992],[-99.0608314803124,19.3831350598153],[-99.0608001082071,19.3833167996557],[-99.0607852418744,19.3834787367903],[-99.0607827863469,19.3835054648698],[-99.060782318958,19.3835105700923],[-99.0607531475981,19.3836856826341],[-99.0607531144643,19.3836858904043],[-99.0607523683671,19.3836903713056],[-99.0606443493838,19.3843387996617],[-99.0605101089307,19.3852511498955],[-99.0604278900432,19.3857214602935],[-99.0603701693286,19.3860648604524],[-99.0603495087156,19.3861574497939],[-99.0602515095722,19.3867350602974],[-99.0602074901982,19.3870470599774],[-99.0601662902652,19.3873268899414],[-99.0600427702595,19.3879847403185],[-99.0599903190944,19.3882916595515],[-99.0599354430372,19.3886771679091],[-99.0599275739344,19.3887324443699],[-99.0599259414178,19.3887439180707],[-99.0598700697725,19.3891364190773],[-99.0598434359434,19.3893235169653],[-99.0598430701659,19.3893260824272],[-99.0597969689284,19.3896499402728],[-99.0597131497453,19.390008109982],[-99.0595979094681,19.390696480382],[-99.0595294894384,19.3912111201469],[-99.0594934790313,19.3913888602138],[-99.0594460304504,19.391655109735],[-99.0594178796674,19.3918892000956],[-99.0593515200261,19.3922860798199],[-99.0592324597905,19.3930273996226],[-99.0591880297503,19.3932521101021],[-99.0591592597997,19.3933701503667],[-99.0590864494119,19.3937616204013],[-99.0589769400319,19.394254620409],[-99.058976029307,19.3945369799609],[-99.0589268803483,19.3950924198219],[-99.0588237788498,19.3957055103386],[-99.0587742798581,19.3961160602803],[-99.0586625690273,19.3971416802098],[-99.0585984147111,19.397805645557],[-99.0585776708632,19.3980203428618],[-99.0585640588104,19.3981612159575],[-99.0585579788793,19.3982241495466],[-99.058558379095,19.3982936801999],[-99.0585505174185,19.3983479877587],[-99.0585310059769,19.3984827844124],[-99.058523323621,19.3985358639922],[-99.0585122479405,19.3986123698882],[-99.058373848804,19.3997765698151],[-99.0583539694523,19.3999560199838],[-99.0583179798567,19.400281220002],[-99.0582675735461,19.4007358004319],[-99.0582675686507,19.4007358501759],[-99.0581333786518,19.4007196400841],[-99.0581328795424,19.4007195796229],[-99.0581357196878,19.4006921499132],[-99.0579323501746,19.4006087099783],[-99.0576112596579,19.4004769698332],[-99.0563007202737,19.3999392601639],[-99.0561130803271,19.3998622797952],[-99.0555705497308,19.3996396798393],[-99.0549607797149,19.3993894896914],[-99.0549092196358,19.3993659494251],[-99.0549090248348,19.399365860449],[-99.0549088896431,19.3993657971012],[-99.0549086589013,19.3993656920199],[-99.0541779412935,19.3990321520717],[-99.0539285400285,19.3989183101509],[-99.0537919701718,19.3988556295722],[-99.0533196195596,19.3986388300207],[-99.0529060301258,19.398449019727],[-99.052571429655,19.398297399717],[-99.0524597701766,19.3982468199416],[-99.0518606302561,19.3979753395697],[-99.0513985400203,19.3977659500744],[-99.0513182499299,19.3977295803604],[-99.0508701195366,19.3975265202836],[-99.0506587495218,19.3974307501785],[-99.0505084900296,19.3973626597355],[-99.0501109703602,19.3971805797687],[-99.0496393797236,19.3969645802525],[-99.0492479699773,19.396785289619],[-99.0491525698332,19.3967416000488],[-99.0488479497914,19.3966020601927],[-99.0484534602179,19.3964213698906],[-99.0481534596433,19.3962839495961],[-99.0480089996021,19.3962177795992],[-99.047911658239,19.3961731913879],[-99.0478958294758,19.396165940048],[-99.0477849495817,19.396115150091],[-99.0473973795495,19.3959404895745],[-99.047039380149,19.3957791502059],[-99.0468661995644,19.3957011098896],[-99.0463143504672,19.39545239957],[-99.0457877400169,19.3952150799975],[-99.0456750897725,19.3951643100909],[-99.045250340348,19.3949728800119],[-99.0447238802456,19.3947356204413],[-99.044596720037,19.3946783098312],[-99.0444735497704,19.3946227997667],[-99.0443290198833,19.3945570599001],[-99.0439054001723,19.3943643496614],[-99.0434834200431,19.3941723997926],[-99.0432535201107,19.3940678296467],[-99.0430676801074,19.3939832902621],[-99.0426986801757,19.3938154503394],[-99.0422854797273,19.3936274803138],[-99.0422804604383,19.3936252000345],[-99.042276541937,19.3936234152232],[-99.0422761031847,19.3936232154354],[-99.0422754592267,19.3936229228273],[-99.0418327097788,19.3934215265655],[-99.0417641504657,19.3933903400103],[-99.0416071196371,19.3933189095458],[-99.0412039802266,19.3931333699812],[-99.0408526796099,19.3929716897278],[-99.04082490972,19.3929589199961],[-99.0404462800836,19.3927846598484],[-99.0401501401099,19.3926483697036],[-99.0400273398916,19.3925918601976],[-99.039718179861,19.3924495700292],[-99.0392887498629,19.392251939636],[-99.0388890801967,19.3920679797981],[-99.0385054809625,19.3918914472305],[-99.0385043095593,19.3918909068556],[-99.0385040467437,19.3918907848102],[-99.0385036061329,19.3918905831629],[-99.0385026001556,19.3918901203352],[-99.038189725564,19.391746125016],[-99.038104650072,19.3917069696428],[-99.0377139700362,19.3915271501209],[-99.0373166297203,19.3913442902503],[-99.0371296602963,19.3912582299951],[-99.0369438804185,19.3911727202226],[-99.0365001697881,19.3909685096372],[-99.0361530001608,19.3908087799332],[-99.0357481803061,19.3906225397507],[-99.0357236901512,19.3906112796642],[-99.0353201498611,19.3904256198364],[-99.0349112801744,19.3902375101409],[-99.0346270202541,19.3901067199315],[-99.0345900496573,19.3900897098312],[-99.0338526595316,19.3897504599574],[-99.0336313997152,19.3896486601769],[-99.0334541201134,19.3895670899195],[-99.0330626601426,19.3893869795651],[-99.0328839797355,19.3893047803626],[-99.0326697798954,19.3892062295724],[-99.032279230451,19.3890265401544],[-99.0318928004078,19.3888487402557],[-99.0314887097657,19.3886628203272],[-99.0314197403538,19.3886310801207],[-99.0310407404216,19.3884567097748],[-99.0308072899567,19.3883492901706],[-99.0306665701512,19.388285940232],[-99.0302840199254,19.3881137101914],[-99.0299541804555,19.387965199992],[-99.0298693198278,19.3879270002786],[-99.0294856797937,19.3877542602201],[-99.0290782496389,19.387570830013],[-99.029077503562,19.3875704936585],[-99.0290771026329,19.3875703126998],[-99.0290764152008,19.3875700019646],[-99.0290748483538,19.3875692951655],[-99.0290737845722,19.3875688148287],[-99.0290737089245,19.3875687807198],[-99.0290720134724,19.3875680161165],[-99.0290691794664,19.3875667407093],[-99.0287188945591,19.3874090334305],[-99.0286902804739,19.3873961497591],[-99.0282965400989,19.3872188803118],[-99.027927649686,19.3870527803993],[-99.0276670200111,19.3869354300325],[-99.0274795098426,19.3868510201619],[-99.0270432796784,19.3866546000325],[-99.0266674901956,19.3864854000342],[-99.0263033502709,19.3863214502922],[-99.0262439699637,19.386294709973],[-99.0258845099635,19.3861328602859],[-99.0254978603729,19.385958769717],[-99.025228420043,19.385837450414],[-99.0249590000396,19.3857161400997],[-99.0248874797514,19.385683939873],[-99.0248053503191,19.3856469501067],[-99.0244071199195,19.385467650348],[-99.024017940291,19.3852923998117],[-99.0236337103102,19.3851193997148],[-99.0235017800893,19.3850599796001],[-99.023174550453,19.3849126498042],[-99.0227634601368,19.38472754042],[-99.0227144201841,19.3847054498816],[-99.0223646804106,19.3845479699073],[-99.0223522500347,19.38454236958],[-99.0219576496215,19.3843646899581],[-99.0219276298428,19.3843511701977],[-99.0215524797684,19.3841822502758],[-99.0211669403018,19.3840086300957],[-99.0211120295686,19.3839839096366],[-99.0207543998063,19.3838228796166],[-99.0203484503574,19.3836400797638],[-99.0203377399925,19.3836347795991],[-99.0200641102963,19.3834995397746],[-99.0199494802386,19.3834428898941],[-99.0195720501406,19.3832563498094],[-99.0195518896676,19.3832458503457],[-99.019146309681,19.3830346502548],[-99.0187767499944,19.3828421795554],[-99.0187180502167,19.3828116203395],[-99.0183286597788,19.3826088303886],[-99.0179861504186,19.3824304603239],[-99.0179493795461,19.3824113197899],[-99.0179015922528,19.3823864315762],[-99.0175290798825,19.3821924298438],[-99.0172412090586,19.3820425123849],[-99.0172042799927,19.3820232797481],[-99.0171664597793,19.3820035800587],[-99.0170154198862,19.3819245095884],[-99.0169191795736,19.3818741195528]]]},"properties":{"CVEGEO":"09007","CVE_ENT":"09","CVE_MUN":"007","NOMGEO":"Iztapalapa"}},{"type":"Feature","geometry":{"type":"Polygon","coordinates":[[[-99.208193779196,19.3367352002225],[-99.2085889987591,19.3360961708379],[-99.2086740189064,19.3359764898096],[-99.2083371200126,19.3360950501562],[-99.2080968202909,19.3361796211042],[-99.2078405486667,19.3362715710024],[-99.2071060192022,19.3365440199755],[-99.2067712304616,19.3362969696025],[-99.2066587796832,19.3362183806819],[-99.2067852292057,19.3361084006986],[-99.2069205386355,19.3359911509334],[-99.2074569090131,19.3355118602108],[-99.2079719688417,19.3350820901046],[-99.208205060405,19.334851460016],[-99.2084437386389,19.3345726206236],[-99.2086320487326,19.3343290500237],[-99.2089320503694,19.3339083110984],[-99.2091239404329,19.3336334314066],[-99.2093693696231,19.3332782797453],[-99.2095869190884,19.332890600179],[-99.2100224384624,19.3320106235745],[-99.2102365488076,19.3315780003374],[-99.2102773389332,19.3314948598704],[-99.2104262773881,19.3311913487729],[-99.2104543191563,19.3311342002017],[-99.2105048202373,19.3310362797067],[-99.2106594486166,19.3307363402778],[-99.2117968287052,19.3284337099894],[-99.2121102187546,19.3278280806814],[-99.2124666804544,19.3272347214317],[-99.2126876596671,19.3269229411102],[-99.2127833199329,19.3267970296654],[-99.2136091389211,19.325918029575],[-99.214349519993,19.325321400417],[-99.2159405399445,19.3242117701165],[-99.2175614195983,19.3231028897127],[-99.2185634798794,19.3224164000564],[-99.2190579540493,19.3220732271169],[-99.219310320378,19.3218980803631],[-99.2200582596574,19.3213878796568],[-99.2203530632007,19.3211682398529],[-99.220449029093,19.3210967412783],[-99.2204699715495,19.3210811400166],[-99.2205191909658,19.3210370894298],[-99.2205210800508,19.3210353917925],[-99.2205713990879,19.320990351162],[-99.2205999874689,19.3209644110168],[-99.2207172299434,19.3208580297473],[-99.2209009999262,19.3206476002963],[-99.2210334902973,19.3204453803541],[-99.2211464595242,19.3202693099675],[-99.2212322799138,19.3200955996492],[-99.2213101695919,19.3199087196613],[-99.2214083101687,19.3196438602913],[-99.2214671104169,19.3193006502848],[-99.2214855402286,19.3189691797386],[-99.2214779501386,19.3186923800397],[-99.2214526503814,19.3185163504455],[-99.2214243998252,19.3183197397497],[-99.2213689502505,19.318075660289],[-99.2213158296901,19.3178401796628],[-99.2212913397131,19.3177316196177],[-99.2212232196742,19.3173984895537],[-99.2211963701034,19.3172670896253],[-99.2211565695328,19.3170538198416],[-99.221076849877,19.3166060800091],[-99.2210414901745,19.3163984797284],[-99.2209726002699,19.3160312199824],[-99.2209708429896,19.3160207135932],[-99.2209603196771,19.3159577997646],[-99.2208427402383,19.3152935104485],[-99.2208063696536,19.3150870298255],[-99.2207548796856,19.314809600242],[-99.2207325203444,19.3146889103917],[-99.220656630078,19.3142998603377],[-99.2205173503424,19.3137165403206],[-99.2204117799906,19.3133934798382],[-99.2203032800843,19.3130837497611],[-99.2201219400515,19.3126738301456],[-99.2199254297748,19.3122636303642],[-99.2204718002465,19.3113226801372],[-99.2205622595528,19.3112295704363],[-99.2206605796491,19.3111471201112],[-99.2207078302175,19.3111298204259],[-99.2209714000197,19.3110786196263],[-99.221307199787,19.311061049853],[-99.2217404596479,19.3110379701194],[-99.2229986895735,19.3109508297096],[-99.2239289396142,19.3108965698717],[-99.2240526601888,19.3108604496421],[-99.2246255695382,19.310728660108],[-99.2249334200459,19.3105977803864],[-99.2250175398595,19.310335740225],[-99.2251707398509,19.3099572501796],[-99.2269121203523,19.3086492798761],[-99.2272395200903,19.3084078495502],[-99.2274358503604,19.3082259712246],[-99.2276134295999,19.3080614799382],[-99.2277233503541,19.3079143107453],[-99.2277465804456,19.3077830797489],[-99.2277139493832,19.307609109802],[-99.2276462603381,19.3073786800565],[-99.2275922204039,19.3071922902861],[-99.2276609704225,19.3070614301379],[-99.2276766196718,19.3070316501021],[-99.2277470299847,19.3069632200851],[-99.2278928796334,19.3068570595462],[-99.228025678167,19.3068041788232],[-99.228121648903,19.306765961556],[-99.2286670501281,19.3065487795864],[-99.2289494804553,19.3064838295932],[-99.2293622198839,19.3064788897048],[-99.2295492197416,19.3063818598339],[-99.229805708649,19.3061865502935],[-99.2299293195737,19.3060127503171],[-99.2301649999033,19.3058640508533],[-99.2304064887617,19.3057683997934],[-99.2306185398393,19.3056817103401],[-99.2309137400157,19.3055729705749],[-99.231197060162,19.3054491396947],[-99.2316918895687,19.3052028901782],[-99.2319045992726,19.3050423210832],[-99.2319302302265,19.3047976596825],[-99.2319848300671,19.3042764610105],[-99.2320422195333,19.3038810304046],[-99.232042280202,19.303881003429],[-99.2322483103466,19.303788779828],[-99.2323373702924,19.3029827399451],[-99.2325474798115,19.3030004497123],[-99.2326460801138,19.3024815196108],[-99.2329739097017,19.3018101199714],[-99.2322288199412,19.3014685098102],[-99.2323971499203,19.301325570072],[-99.2327630299466,19.3010481696788],[-99.2329380195851,19.3009231696886],[-99.2332635201498,19.3007865695792],[-99.2333971097238,19.3008162296872],[-99.2333621203588,19.3002317403012],[-99.2333710592352,19.3000778306473],[-99.2332122195457,19.3000951800558],[-99.2330649795795,19.3000980802292],[-99.2328087499556,19.2999726204388],[-99.2327100902977,19.2998894801153],[-99.2327260296468,19.2997994597026],[-99.2327952202549,19.2997186599458],[-99.2328478603734,19.2995835197015],[-99.2328316299963,19.2994561499914],[-99.2328133103722,19.2993217102314],[-99.2327855395248,19.2991887399784],[-99.2327407497559,19.2990546796271],[-99.2327234203936,19.2989241096406],[-99.2327231996464,19.298768339936],[-99.2327231202331,19.2987189103269],[-99.2327230795278,19.2986890799987],[-99.2327228500787,19.2985274000739],[-99.232689970103,19.2983848201661],[-99.2325837996392,19.2981331401789],[-99.2325206200733,19.2980115697624],[-99.232482910191,19.2978765402095],[-99.2324943696637,19.2977352802138],[-99.2326311400525,19.2974995504383],[-99.2331866298458,19.2966991797021],[-99.2333012004026,19.2965951796035],[-99.2334577999231,19.2964639101449],[-99.2336356501431,19.2963610499302],[-99.2338326298375,19.2962593100187],[-99.2339900296513,19.2961641802805],[-99.2340894603312,19.2960668897556],[-99.2341880896143,19.2959688796056],[-99.2343841993881,19.2957437996141],[-99.2344500302879,19.2956904199407],[-99.2345325795838,19.2956660614134],[-99.2346210491781,19.2956547512699],[-99.2346918003184,19.2956341496051],[-99.2347644891638,19.295593030835],[-99.2349039500705,19.2953921208505],[-99.2351198499849,19.2952552209443],[-99.2352645187139,19.2951733695923],[-99.2353894800695,19.2951078012629],[-99.2354738604063,19.2949957714169],[-99.2355707385769,19.294991489656],[-99.2356749099582,19.295095919846],[-99.2358042602133,19.2951430799592],[-99.2359726792201,19.295147999773],[-99.2360970788467,19.2951081112551],[-99.2361581490963,19.2949962497169],[-99.2361432303216,19.2948997103269],[-99.2360206800922,19.294830170831],[-99.235918228922,19.2947202510105],[-99.2358696891281,19.2946253106488],[-99.2359006496891,19.2945064001169],[-99.2359685202324,19.2944563696769],[-99.2361147688493,19.2944328508418],[-99.2363796590548,19.2944176512515],[-99.2365268204588,19.2943687108614],[-99.2367211791191,19.2943998195944],[-99.2369386595773,19.294317090919],[-99.2370716485354,19.2942684796478],[-99.2372169200001,19.2942587208714],[-99.2374782603302,19.294317251028],[-99.2376356301731,19.2943372299721],[-99.2377676491936,19.2943781402277],[-99.2378997803517,19.2944288611618],[-99.2379671386076,19.2944537206319],[-99.2379847089958,19.2944628812447],[-99.2380107186513,19.294477399555],[-99.2380299501825,19.2944881208358],[-99.2385607702942,19.2946880804003],[-99.238629549342,19.2947031205696],[-99.2386936490218,19.2946990502115],[-99.2393822486439,19.2944917110114],[-99.2396523188226,19.294380921208],[-99.2397853797741,19.2943181203624],[-99.2399941693636,19.2942180500682],[-99.2401496285964,19.2941301497268],[-99.2401662489195,19.2941207498045],[-99.2402245695658,19.2940978445501],[-99.2402828901557,19.2940749410852],[-99.240373770296,19.2940505495631],[-99.2404755688531,19.2940974295888],[-99.2405646792557,19.2941372906144],[-99.2406361986246,19.2941810595648],[-99.2406808592831,19.2942001203586],[-99.2407717703579,19.2941928495978],[-99.2408274293714,19.2941708504441],[-99.240945219135,19.2940863409788],[-99.2410857486788,19.2940625407385],[-99.2412268194719,19.2940416006415],[-99.2413846196915,19.2940184906996],[-99.2414785104411,19.2939317712019],[-99.2415061186843,19.2937927406849],[-99.2415418495463,19.2936615109095],[-99.2416147392662,19.2935449408386],[-99.2417791092516,19.2933232508615],[-99.2419214897103,19.2931441495998],[-99.2415495804224,19.2928633400791],[-99.2422521486441,19.2929042204416],[-99.2423170304002,19.2928555497606],[-99.2425658797605,19.2924830195729],[-99.242664650366,19.2922728002933],[-99.2428368904082,19.2918706202525],[-99.2428971701097,19.2916773804088],[-99.2429967098782,19.2914373196051],[-99.242824619764,19.290171339773],[-99.242779030017,19.2896487200426],[-99.2427615996499,19.2893600596024],[-99.2427160898942,19.2892753702374],[-99.2424913404166,19.2892504498247],[-99.2423740901428,19.2892345101048],[-99.2422699800883,19.289173620195],[-99.2420826498427,19.289020249679],[-99.2418984004556,19.2889007799431],[-99.2417914901402,19.2888198796578],[-99.2415669196001,19.2886074203294],[-99.2414955701415,19.2885226600605],[-99.2413155402531,19.2883088603317],[-99.2410757802386,19.2880725498552],[-99.2410141203685,19.2879896597798],[-99.2410152034597,19.2879197232922],[-99.241020779788,19.2875595103958],[-99.240972979914,19.2874484904119],[-99.2408277495335,19.2873093503621],[-99.2408012900393,19.2871646599381],[-99.2408063803588,19.2869924201426],[-99.2409427498895,19.2868211400425],[-99.2409928501462,19.2867916798574],[-99.2411365804436,19.2867375801287],[-99.2411844004011,19.286707919673],[-99.2412713996443,19.2866539504315],[-99.241514819918,19.2864492903221],[-99.2416045103463,19.2863056498602],[-99.2416940196873,19.2860764499821],[-99.2417339498161,19.2859160497337],[-99.2418272899435,19.285684479927],[-99.2419148597158,19.2855061995658],[-99.2419351098906,19.2854649800902],[-99.2420292203871,19.2853181096659],[-99.2423172506997,19.2848685510858],[-99.2426563498868,19.2843392803204],[-99.2426806496026,19.2843324803215],[-99.2428515695735,19.2842846197979],[-99.2429252796447,19.2842036196603],[-99.2429676198533,19.2841394497197],[-99.2429200499306,19.2839427396144],[-99.2428539095819,19.2837669503485],[-99.2425937395691,19.2835585097522],[-99.2423335701325,19.2833500796265],[-99.2421019103621,19.2833133202752],[-99.2420157198497,19.2832696795701],[-99.2419648803534,19.2831479401292],[-99.241956970052,19.2830085697862],[-99.2420225998834,19.2829016798086],[-99.2421488302811,19.2828231397059],[-99.242784920034,19.2825157103349],[-99.2429240000689,19.2824688803639],[-99.2431093399232,19.2824064803602],[-99.2432316500967,19.282365290199],[-99.2433176787705,19.2823363212995],[-99.2433367175779,19.2823247310835],[-99.2433485149047,19.2823175496645],[-99.2434451695256,19.282258710123],[-99.2435461815679,19.2821908699055],[-99.2436277177816,19.2820651399448],[-99.2436436517669,19.2819509802684],[-99.243589909386,19.2818253959885],[-99.2435021985471,19.2817184500831],[-99.243419659181,19.2816078312974],[-99.2433174791234,19.2814389111686],[-99.2433078794654,19.2813583709365],[-99.2433142199259,19.2812229513383],[-99.2433613182916,19.2810769106301],[-99.2434593804725,19.2809898308342],[-99.2435628788469,19.2808964500796],[-99.2436657790929,19.280802491181],[-99.2437686889913,19.2807085197169],[-99.2438717384043,19.2806147192617],[-99.2439722201219,19.2805184201977],[-99.2440599794546,19.2804115104443],[-99.2441752190005,19.2803314908745],[-99.244304489556,19.280273970959],[-99.2444368002297,19.2802468906969],[-99.2445915696406,19.2802046909195],[-99.2449129203157,19.2801373103424],[-99.2449346895513,19.2800706303191],[-99.2449128203208,19.2798868910218],[-99.2448460804053,19.2795404311159],[-99.2448249841263,19.2794307794157],[-99.2448047702728,19.279325710161],[-99.244790919184,19.2792189096299],[-99.2447981993223,19.2791268496037],[-99.244809750094,19.279067420754],[-99.2448696303695,19.2788785102601],[-99.2450225786558,19.2784319101156],[-99.2451362072471,19.2780275615704],[-99.2452590297113,19.2775904897162],[-99.2453557099888,19.2770737996855],[-99.2453677803475,19.2769639497343],[-99.2453578498818,19.2767917097516],[-99.2452801801382,19.2766163197268],[-99.2451954599289,19.276489030116],[-99.2448874201474,19.276209420405],[-99.2447625397318,19.2763244202942],[-99.2446111703835,19.2762594903764],[-99.2444563802333,19.2762142001069],[-99.2442088497453,19.2760911400752],[-99.2441106498662,19.2760165396897],[-99.2439780202931,19.2758817095723],[-99.2438272203351,19.2759439195534],[-99.2434587700598,19.2756492001652],[-99.2434660599926,19.2754804302649],[-99.2434787100468,19.2753704797853],[-99.2434995101017,19.2752981798532],[-99.2435326798142,19.2751713498057],[-99.243626339605,19.2749159795618],[-99.2437312303555,19.2746801803853],[-99.2438592801139,19.2743758897578],[-99.2439244299461,19.2742589201229],[-99.2440454199359,19.2741223496164],[-99.244150250455,19.27394891019],[-99.2442844196711,19.2736531199428],[-99.2444080498651,19.2732710797624],[-99.2446132195238,19.2729023201526],[-99.2445310497251,19.2728568801317],[-99.2445019495242,19.2727089699605],[-99.2443040301666,19.2724551803676],[-99.2440822789088,19.2723335821513],[-99.2439678780685,19.2721119395924],[-99.2438265402024,19.2717886800058],[-99.243772399962,19.2716376917408],[-99.2437300593446,19.271464000405],[-99.2436792295994,19.2711877396122],[-99.2436575398381,19.2710081103877],[-99.2436416598474,19.2708753119995],[-99.2436460299442,19.2706948502326],[-99.2435986895839,19.2703891799437],[-99.2436022789053,19.2702677513856],[-99.2435992660598,19.2702592641597],[-99.243532956043,19.2700724432225],[-99.2434978303237,19.269973480093],[-99.2434790688924,19.2698586633558],[-99.2434678295502,19.2697898796422],[-99.2434913683498,19.2696870596376],[-99.2435987798828,19.2695034796816],[-99.2437432898626,19.2693511700352],[-99.243865529235,19.2692681068252],[-99.2439495368407,19.2692110231672],[-99.2441628363317,19.2690660833197],[-99.2444912204237,19.2688429419884],[-99.2448450973879,19.268670633743],[-99.2448739803038,19.2686565703748],[-99.2449725198782,19.2685179098668],[-99.2450459462324,19.2684363026904],[-99.2451530644403,19.2683172496866],[-99.2452713096303,19.2681858296703],[-99.2453240188789,19.2681372743078],[-99.2453261498485,19.2681353109061],[-99.2453649389332,19.2681043354382],[-99.2453696129223,19.2681006018817],[-99.2453851436843,19.2680881992837],[-99.2453864198222,19.2680871797488],[-99.2453923416507,19.2680825049634],[-99.2453947635308,19.2680805921679],[-99.2457821491864,19.2677747697751],[-99.2458551372752,19.2677027126677],[-99.2458920902939,19.2676662304113],[-99.2459522086906,19.2675858053222],[-99.2459948200614,19.2675288001043],[-99.2460512499008,19.267353320216],[-99.2460738598982,19.2671741703197],[-99.2460560803692,19.2670337802713],[-99.2459682889579,19.2668402898433],[-99.2459316899796,19.266509569987],[-99.2459516303583,19.266437379863],[-99.2459745202491,19.2663733196665],[-99.246008710154,19.2663114497131],[-99.246051659784,19.266244490122],[-99.246376139798,19.2658245400366],[-99.2466626600253,19.2657263696103],[-99.2469579200255,19.2656395997017],[-99.2469968602145,19.2655954796528],[-99.2470209102405,19.2655284597699],[-99.2470619699497,19.2650580002655],[-99.2470904598621,19.2647490596972],[-99.2469951697436,19.2644965398511],[-99.246383020451,19.2639838901293],[-99.2459062800023,19.2636062895702],[-99.2456328499831,19.2633739799572],[-99.2455426799472,19.2630887203321],[-99.2455283502703,19.2629331403608],[-99.2455619098221,19.2625475096726],[-99.2456171495247,19.262224860251],[-99.2456541098756,19.261719689898],[-99.2457209503525,19.2615689402717],[-99.2459400604253,19.2612001395877],[-99.2462290298802,19.2608891797909],[-99.246298179517,19.2607491104289],[-99.2464781795328,19.2606546600973],[-99.2468410600096,19.2605371497009],[-99.2471978904355,19.2603273799487],[-99.2472365398426,19.2602773196438],[-99.2471905402344,19.2602012596076],[-99.2468170295836,19.2597213102602],[-99.2463481998788,19.2593467797178],[-99.2459742803488,19.2590399699743],[-99.2458722196199,19.2589927795876],[-99.2457363203253,19.258941400458],[-99.2455811501507,19.2589111399981],[-99.2454015696973,19.258907860416],[-99.2452572499023,19.2588980801255],[-99.2450940601312,19.2589460896417],[-99.2449137095236,19.2590025704201],[-99.2447597701115,19.259092740448],[-99.2446088202711,19.2591913498948],[-99.2443822598459,19.2593774197013],[-99.2443284495363,19.2594162798414],[-99.2440576795547,19.2594613201628],[-99.2439944498893,19.2594085196824],[-99.243888250194,19.259200679662],[-99.243871319889,19.259059690028],[-99.2438821099836,19.258945770243],[-99.2438948602978,19.2588621701216],[-99.2443725398121,19.2582797696987],[-99.2444526300489,19.2581644601122],[-99.2449822200481,19.257762459904],[-99.245284680368,19.2575175201747],[-99.2453858302886,19.2573421101559],[-99.2453925503683,19.257174750416],[-99.2452916197423,19.2569074497446],[-99.2452353804231,19.2568076303802],[-99.2451382004234,19.2567002500648],[-99.2449749700984,19.256533229704],[-99.2449278347729,19.256481275184],[-99.2448155797006,19.256357540035],[-99.2448212597704,19.2562849104318],[-99.2448670502189,19.2562000497541],[-99.2449309496072,19.2560572296299],[-99.2450340302782,19.2559608299926],[-99.2450592495254,19.2558748800333],[-99.2450917395894,19.2557992198364],[-99.2451638901871,19.2556100899638],[-99.2452179201676,19.2554124302599],[-99.2452466604088,19.2552525203712],[-99.2452206959275,19.2551778575839],[-99.2452048500822,19.2551322896551],[-99.2451826002111,19.2550300899353],[-99.245113980449,19.2549447500248],[-99.2449366898562,19.2546747999356],[-99.2448696602951,19.2545620799603],[-99.2448022002596,19.2543909998479],[-99.2447652901083,19.2540339098342],[-99.2447214299423,19.2536799701062],[-99.2446548903044,19.2533540801786],[-99.2446192502023,19.2532119701108],[-99.2446068498387,19.2530828303222],[-99.2446044229102,19.2530437948912],[-99.2445850802982,19.2527326299212],[-99.2445930577848,19.2527040682771],[-99.2446122296124,19.2526354296629],[-99.2447193095766,19.2525454002873],[-99.244786029649,19.2524465502255],[-99.2447655103612,19.2523266502877],[-99.2450052595777,19.2518055398871],[-99.2452169702286,19.2512960798972],[-99.2452502303178,19.2510378800682],[-99.2452231698774,19.2508154000644],[-99.2452129196949,19.2506068202686],[-99.2451997503111,19.2504694196865],[-99.2452320301997,19.2503770596716],[-99.2452858897057,19.2502723796425],[-99.2453441103372,19.2501882200759],[-99.2457917399742,19.2497636301515],[-99.245940109769,19.2496587396581],[-99.2461409703424,19.2495658196075],[-99.2463023098112,19.2495103803804],[-99.2464751703647,19.2494650897742],[-99.2465689801219,19.2494339702832],[-99.246672479617,19.2493461803729],[-99.246832380471,19.2491742597265],[-99.2470019399769,19.2490668600438],[-99.2473860598957,19.2488529403699],[-99.2474649198723,19.2487331099576],[-99.2475116799586,19.2485274202189],[-99.2475868600577,19.2483051798342],[-99.2475901804505,19.2480814003036],[-99.2476501197713,19.2478562801864],[-99.2476426599734,19.2476489798201],[-99.2476076602032,19.2474675996069],[-99.2476506496656,19.2473393801048],[-99.2477593798458,19.2471040304166],[-99.2478396301419,19.2469722600879],[-99.2479226897276,19.2468668199231],[-99.2480076896433,19.2467337499655],[-99.2481829400945,19.2467777496724],[-99.2482963098707,19.2468155198131],[-99.2486093199917,19.2468424902823],[-99.2489007101718,19.2467390801099],[-99.2491161695747,19.246588859956],[-99.2492465397905,19.2465147801426],[-99.2494173796425,19.2464299695543],[-99.2495962296109,19.2463314803005],[-99.249611229875,19.2462041095585],[-99.2496177695813,19.2460848898616],[-99.2496499497385,19.2459408195597],[-99.249825970292,19.2457416302152],[-99.2499395397255,19.2457016503752],[-99.2501686201709,19.245724939883],[-99.2503509699783,19.2456932799738],[-99.2504459996172,19.2453985196641],[-99.2504776796723,19.2452090496024],[-99.2502016299565,19.2449135798419],[-99.2501336497745,19.2447992597991],[-99.250146430053,19.2446885496772],[-99.2502287697475,19.2445590298878],[-99.2503578496841,19.2445201503947],[-99.2505911798279,19.2442877400298],[-99.2508602903867,19.2439682502403],[-99.2510095996831,19.2437743801134],[-99.2512078301986,19.2433646203465],[-99.2513112198168,19.2431528598865],[-99.251450880008,19.2429262901088],[-99.2517685400401,19.2424331697982],[-99.251801279697,19.2420250796182],[-99.2515989204104,19.2416720498854],[-99.2513869198519,19.2414702198121],[-99.2511827397909,19.2412673395954],[-99.2510419198662,19.240913879664],[-99.2509936001857,19.2404559098989],[-99.2514723500387,19.2400721398404],[-99.2517851698202,19.2394979198847],[-99.2518796898585,19.2389743702353],[-99.2520182800982,19.2386320297726],[-99.2521886300282,19.2383976896838],[-99.2524095699308,19.2381632799327],[-99.2527121801266,19.2378222498405],[-99.2528688296225,19.2375901495583],[-99.2528028204283,19.2371927499337],[-99.2526619398424,19.2366455797123],[-99.2526756500999,19.2360942804351],[-99.2528267402673,19.2357470501109],[-99.2529091100147,19.2354674295532],[-99.2531293500472,19.2351002803558],[-99.2534325199686,19.234811620058],[-99.2539843697407,19.2344420596266],[-99.2543777996225,19.2340674502465],[-99.2547460900542,19.2339305496009],[-99.255136490081,19.2337053103773],[-99.2556490804398,19.2332216904016],[-99.2559696197768,19.2327760799631],[-99.2560970503172,19.2325399398346],[-99.2563570799624,19.2325340603854],[-99.256952620331,19.2325448803103],[-99.2572710297793,19.2324706302534],[-99.2574519502168,19.2320597702441],[-99.2576385702874,19.2317938298556],[-99.2579068603583,19.2315523199652],[-99.2580900597998,19.2312810597544],[-99.2583904498633,19.2309804797523],[-99.2586195695845,19.2307671496946],[-99.2588968199982,19.2305116300007],[-99.2599725803704,19.2298606002711],[-99.2603022796642,19.229707750132],[-99.2609310300569,19.2294130301179],[-99.2612745797023,19.2293350797804],[-99.2616178901444,19.2292691500996],[-99.2620248797894,19.2291863504077],[-99.2624493501158,19.2291261098347],[-99.2627218002652,19.2289811203084],[-99.2633314198468,19.2286374597619],[-99.2637725202965,19.2284938504481],[-99.2640334596345,19.2282254500642],[-99.265083479572,19.2274307798557],[-99.2651371097865,19.2272193497003],[-99.265258369567,19.2271166904203],[-99.2655686603327,19.2270970301444],[-99.2657708801027,19.2269942496266],[-99.2660158002321,19.2269523200407],[-99.2662315197215,19.2269163099145],[-99.2665039198097,19.2267941098725],[-99.2668592903827,19.2265300297101],[-99.2677096300633,19.225942540346],[-99.2682377495262,19.2255888198699],[-99.2685927997111,19.2251101803041],[-99.269148579831,19.2247131499538],[-99.2694869202892,19.2244887100207],[-99.2697952296136,19.224402120362],[-99.2705329198989,19.224291919809],[-99.270678229713,19.224203019924],[-99.2707717402792,19.2239565199268],[-99.2709236197335,19.2237033400801],[-99.2711137398214,19.2235487200917],[-99.2713138502662,19.2234333996723],[-99.2714708899348,19.2233645198927],[-99.2717478002856,19.2231470498208],[-99.2719587801293,19.222937339648],[-99.2722535998411,19.2226604202043],[-99.2725541800411,19.2221385100383],[-99.2729892799913,19.221811719841],[-99.2735516896194,19.2215731195844],[-99.2737841202958,19.2213732003712],[-99.2739516001193,19.2212295101228],[-99.2741565999699,19.2210388902595],[-99.2741733100602,19.2207016301756],[-99.2741029097508,19.2204006498124],[-99.274039060307,19.2201011195604],[-99.2740159697304,19.2197066804127],[-99.2739834902095,19.2195278904384],[-99.2740595795464,19.2188504802895],[-99.2741302899252,19.2186338197433],[-99.274136969622,19.2184579503603],[-99.2741546200248,19.2183095101721],[-99.2742067202954,19.2181523997273],[-99.2743647404144,19.2180855201448],[-99.2744519402681,19.2178872002869],[-99.2746159998814,19.2175182798596],[-99.2753043200574,19.21705544963],[-99.2756565197704,19.216759180361],[-99.2758776599069,19.2165796295937],[-99.2760350895514,19.2164895400659],[-99.2762417195422,19.2164230801513],[-99.2762789102176,19.2163546200935],[-99.2763391800532,19.2160014302364],[-99.2763589395739,19.2157949199407],[-99.2764120295906,19.2157069500059],[-99.2764704303023,19.2156609197756],[-99.2765550604583,19.2156339799604],[-99.2766154499422,19.2155668896707],[-99.2766677397606,19.2154864001391],[-99.276716000083,19.2154059203461],[-99.2767772802048,19.215303570316],[-99.2771888003779,19.2148384000988],[-99.2773405796671,19.2147160002335],[-99.2774543696397,19.2146795398502],[-99.2775066603163,19.2146844301357],[-99.2775348597405,19.2146787202983],[-99.277562850381,19.2146503399162],[-99.2776016897038,19.2145902803722],[-99.277663089978,19.2145511102257],[-99.2777486797717,19.2145142796739],[-99.2779402499633,19.2144926603733],[-99.2779820500395,19.2144777104504],[-99.2780159795757,19.2144503502771],[-99.2780525400378,19.2144230003932],[-99.2782097204273,19.2142786500315],[-99.2786036000064,19.2141864796572],[-99.2788149096282,19.214075520182],[-99.2793721498825,19.2139887703408],[-99.2795760899439,19.2139209195959],[-99.2798659996587,19.213839849936],[-99.2801555799316,19.2137238197253],[-99.2803208002597,19.2136495502296],[-99.2805948200657,19.2136558602956],[-99.280760120231,19.2136309403882],[-99.2808948504055,19.2136845495678],[-99.280972829665,19.2137091101191],[-99.2810460902259,19.2137246901666],[-99.2811425695963,19.2136978299425],[-99.2813400896172,19.2136468295727],[-99.2815855699096,19.2135323497375],[-99.2818898300031,19.2133957402941],[-99.2821402896786,19.2132258900846],[-99.2823935803528,19.2130814596188],[-99.2831002297059,19.2130556299927],[-99.2832973703178,19.21316134043],[-99.2834009500839,19.2132104503928],[-99.283536419702,19.2134237096073],[-99.2837090599751,19.2135395102467],[-99.2839391997992,19.2136044799642],[-99.2841058599526,19.2136515101363],[-99.2844133100291,19.2136362000657],[-99.2845769404277,19.2136807998261],[-99.2846370903586,19.2136896901482],[-99.2847246001739,19.2136360197663],[-99.2848260498275,19.2135625696458],[-99.2849645396611,19.2134854597858],[-99.2850517101442,19.2134522003886],[-99.2851518898534,19.2133795797237],[-99.2852608000075,19.2133110804183],[-99.2853937698041,19.2132860297308],[-99.2855725499853,19.2132650495918],[-99.2860295802791,19.2133103700676],[-99.2862823399959,19.2133352897529],[-99.2865238299696,19.2132785095524],[-99.2868172203837,19.2132022799016],[-99.287105569603,19.213162629873],[-99.2875135802146,19.2131495800459],[-99.2878235698587,19.2131222596539],[-99.2880482597051,19.2131769803798],[-99.2881961495876,19.2133069095797],[-99.2885764199227,19.2136066800257],[-99.2887348297629,19.21371656979],[-99.2889406197618,19.2137763102141],[-99.2890567203613,19.21381805025],[-99.2891648901933,19.2138097701283],[-99.2894295399817,19.213730950057],[-99.2898902000427,19.2139149796091],[-99.2902576902004,19.2140760900429],[-99.2906271996286,19.2142607197253],[-99.2910615697724,19.2144536196202],[-99.2914379402929,19.2145982797253],[-99.2917678896082,19.2142829399709],[-99.2923935797233,19.2138258200278],[-99.2927542897093,19.2137737401842],[-99.2931513501668,19.2139066599289],[-99.2934016803156,19.2141435402814],[-99.2935629995432,19.214261919624],[-99.2936485996563,19.2143211103859],[-99.2937210600256,19.2143959195566],[-99.2937844801375,19.21452035007],[-99.2938233500924,19.2145668296903],[-99.2939459998955,19.2146441800799],[-99.2941218598912,19.2147854500261],[-99.2942016902235,19.2148880803905],[-99.2943081201875,19.2150255698993],[-99.2944389698836,19.2151222901306],[-99.2946841704658,19.2151805502908],[-99.2948363797209,19.2152457202345],[-99.2949449804557,19.2153370903454],[-99.2950557804464,19.2154809096154],[-99.2952709401916,19.2159575495839],[-99.2954877799421,19.2162976201593],[-99.2958342802232,19.2167625497382],[-99.2961284303799,19.2171105998343],[-99.2964258801824,19.2175278296058],[-99.2967058203308,19.2177633502928],[-99.2970230501928,19.21783234018],[-99.2973584599295,19.217918369608],[-99.2977992298193,19.2181218596449],[-99.2981443703764,19.2180814200268],[-99.2986199401564,19.2179296897891],[-99.2992248197642,19.2177095796767],[-99.2998085699259,19.2177412296629],[-99.3002669099014,19.21774239987],[-99.3005437802909,19.2179691197094],[-99.3009745498826,19.2181985998236],[-99.3014278802922,19.2182207800449],[-99.3015026503775,19.2182894602186],[-99.3020010902403,19.2186274302887],[-99.3024561203561,19.2189687397342],[-99.3027308596915,19.2192583104302],[-99.3030933696334,19.2195884299046],[-99.303238979967,19.2198213703994],[-99.3034363696009,19.2200910796059],[-99.3036946602599,19.2203331804502],[-99.3039726601015,19.2205759998046],[-99.3047116902173,19.2213329802258],[-99.3054306596369,19.222013249583],[-99.3057044300123,19.2222361801917],[-99.3060479097374,19.2223641196799],[-99.3064916203926,19.2224096802878],[-99.3070996303809,19.2227627802638],[-99.3077907203683,19.223195280421],[-99.3080554302885,19.2234323802648],[-99.3084016303301,19.2234985399215],[-99.3086254502015,19.2236096501073],[-99.308946539765,19.2239295402461],[-99.3091899201935,19.2242930895933],[-99.3094301697822,19.2245536503073],[-99.3096246901286,19.2247488203201],[-99.309991250143,19.2247980499881],[-99.3104966003914,19.2252133503904],[-99.3108335698991,19.2251697097168],[-99.3110260500136,19.2253975502242],[-99.3111633095452,19.2255190001883],[-99.31128281992,19.2256333202476],[-99.3114395397973,19.2257367999969],[-99.3117174803242,19.2258712204055],[-99.3119909699387,19.2259416197211],[-99.3122760502031,19.2260201103222],[-99.3126555102862,19.2259575999298],[-99.312973659929,19.2258045398306],[-99.3132509197348,19.2259768902612],[-99.3135533198435,19.226208139748],[-99.3140111104396,19.2264763097509],[-99.3144522897498,19.2266209196328],[-99.31466531005,19.2267044899866],[-99.315056550109,19.2268978198957],[-99.3155555397595,19.2273953503467],[-99.3153433499909,19.2291964903103],[-99.3212965096044,19.232665479972],[-99.3222548497588,19.2326478295977],[-99.3225482904351,19.2337261797318],[-99.3225512300867,19.2338278798184],[-99.3225539200376,19.2339443698398],[-99.322632449823,19.2340810896096],[-99.3227213502862,19.2346751697784],[-99.3227663799535,19.2353055796777],[-99.3227366195922,19.2356534599786],[-99.322995380008,19.2359084602981],[-99.3229352500669,19.2364364298604],[-99.3228514496448,19.2367144900547],[-99.3227298295424,19.2375114297359],[-99.3227610600864,19.2376155797724],[-99.3228160902321,19.2376789702738],[-99.3228544496715,19.2377627401918],[-99.322856019977,19.2379142300851],[-99.3228712904249,19.238019110008],[-99.322937679566,19.2381126504224],[-99.3231192302203,19.2382011399033],[-99.3231941097146,19.2382530303899],[-99.323239220059,19.2383107203188],[-99.3232770900809,19.2383878199378],[-99.3233014900924,19.2384532800642],[-99.3233144896602,19.238554919868],[-99.3231640200445,19.2390687201275],[-99.3231643403893,19.2392312200431],[-99.3228912903073,19.2398174498934],[-99.3226691496228,19.2403065404051],[-99.3221246803029,19.2409191198827],[-99.3212581801503,19.241818420006],[-99.3207886904439,19.2422882198462],[-99.3205340296953,19.2426062597193],[-99.3203517703183,19.242864260019],[-99.3201908897984,19.2430175496721],[-99.3200587699639,19.2431433796328],[-99.3198144000519,19.2432810900626],[-99.3195343498374,19.2433973202676],[-99.3193888902146,19.2434344601201],[-99.3192601796371,19.2434435701937],[-99.3191079198048,19.24337274032],[-99.3188759396844,19.243235379738],[-99.3187905699637,19.2431924300132],[-99.3187220798046,19.2432098495585],[-99.3185932802263,19.2432822604509],[-99.3183908601167,19.2434783996043],[-99.3182773996396,19.2437285798892],[-99.3177060299035,19.2443711999878],[-99.3176365398646,19.2444920498712],[-99.3176019102067,19.2445971798506],[-99.3175209397841,19.2450047702811],[-99.3175065996291,19.2452983998905],[-99.3177945797519,19.2456700597156],[-99.317722380051,19.2459226601867],[-99.3176978501328,19.2459491101145],[-99.317584769928,19.2460129102693],[-99.3175641198543,19.2460831197529],[-99.317580449569,19.2461642300931],[-99.3177140297134,19.2464038301305],[-99.3178407102997,19.2470293700989],[-99.3178479796258,19.2471234000262],[-99.317812769856,19.2472698298808],[-99.3177652503438,19.2473625803139],[-99.3175230503037,19.2476103201529],[-99.3172887699534,19.2480527200205],[-99.3171355496377,19.2485542600515],[-99.3169958296226,19.2491467403446],[-99.3170069197553,19.2496321795515],[-99.3170740604219,19.250307879556],[-99.3168175398163,19.2507249796213],[-99.31677031021,19.2507790001224],[-99.3166948199204,19.2507772499681],[-99.3166294803995,19.2507378201727],[-99.3165886298186,19.2507870798136],[-99.3164838296875,19.2509673201824],[-99.3164425795373,19.2510323503464],[-99.3163889695812,19.2510491103425],[-99.3163253398454,19.2510327997035],[-99.3161787701755,19.2508511401816],[-99.3161407198022,19.2508430501981],[-99.316111709943,19.2508375099737],[-99.3160759396832,19.2508381198629],[-99.3160508002736,19.2508364299878],[-99.3160256602708,19.2508359803849],[-99.3159964000793,19.2508417396041],[-99.3159565098508,19.2508605996791],[-99.3159168201892,19.2509157496339],[-99.3159173401126,19.2509817704195],[-99.3159318798911,19.2510638497949],[-99.3159601499076,19.2512869997915],[-99.3159365398026,19.251525430168],[-99.3159086799653,19.251649480134],[-99.3159730498642,19.2518286895728],[-99.3160601503863,19.2519408301011],[-99.31608199968,19.2520149499729],[-99.3160574000416,19.2520808803794],[-99.3159662200894,19.2521751097137],[-99.3158774598228,19.2523431198815],[-99.3158559404289,19.2524496504511],[-99.3159480803513,19.2526262896929],[-99.3159350599108,19.2528040004021],[-99.3158744797341,19.2529161196595],[-99.3157329104418,19.2530086296549],[-99.315597199822,19.2531765997111],[-99.3155061198201,19.2533065997962],[-99.3152601703436,19.2539559997958],[-99.3151921498846,19.2543590204086],[-99.3150456200375,19.254563889797],[-99.3148856296147,19.254836599944],[-99.3147695696523,19.2549786600503],[-99.3147814303734,19.2552178000426],[-99.3148704595739,19.2553453496431],[-99.3149657096813,19.2554355400908],[-99.3150509101048,19.2555194898358],[-99.3151601700495,19.2556415699311],[-99.3152601097565,19.2557718002851],[-99.3154365703864,19.2559140300861],[-99.3154704300782,19.2559925097129],[-99.3154797499881,19.2560594003624],[-99.3154645703454,19.2561379702833],[-99.3153628800206,19.2563589198059],[-99.3152535200563,19.2564169099908],[-99.3150332502363,19.2564824897363],[-99.314772050111,19.2565132299902],[-99.3145948597561,19.256736119733],[-99.3143926497582,19.2568134795988],[-99.3142007397933,19.2568241098496],[-99.3140739097353,19.2568109203745],[-99.3139743501817,19.2567721497598],[-99.3137620803529,19.2566574499862],[-99.3135388596539,19.2566470597442],[-99.3128003498639,19.256702400274],[-99.3125375803798,19.2569474498915],[-99.31226662955,19.257084619831],[-99.3112093095168,19.2570755803374],[-99.3107661496132,19.2571829199216],[-99.3102031704726,19.257274649993],[-99.3097357799119,19.257591080104],[-99.3092415496447,19.257831740276],[-99.3087740498663,19.2580976296863],[-99.3081865400954,19.2580070596865],[-99.3075499500646,19.2579059100059],[-99.3068962000278,19.2577764003553],[-99.3062356899729,19.2577449202772],[-99.3052999702396,19.2579427197153],[-99.3038886797596,19.2583836195597],[-99.3035056799384,19.2586671501824],[-99.3030255104082,19.2586675103268],[-99.3023703497821,19.2589282001946],[-99.3021616602,19.2593555801411],[-99.3019112302897,19.259512570363],[-99.3017142497987,19.2600390201533],[-99.3014775496355,19.2605028899914],[-99.3010097798431,19.2608794496106],[-99.3008764904206,19.2610444601386],[-99.300566630262,19.2610965802228],[-99.3002341204475,19.2609375797801],[-99.2997749402735,19.260886050058],[-99.2989492498029,19.2612201196565],[-99.2983908299977,19.2613214200794],[-99.2979835403717,19.2614537497041],[-99.2977558904047,19.261882200115],[-99.2972889198859,19.2622876600875],[-99.2969655197709,19.2627119198666],[-99.2968087399935,19.2631121498506],[-99.2962374895303,19.263304720396],[-99.2957623401754,19.2635130202599],[-99.2951042803148,19.2638020200388],[-99.2947938598489,19.2640456797843],[-99.2945127497446,19.2643038599795],[-99.294236719815,19.2645954497404],[-99.2941882003579,19.2648911097168],[-99.2939870602804,19.2652787796031],[-99.294056229551,19.2655646303484],[-99.2940154504246,19.2660227100328],[-99.2937835104667,19.2663655402934],[-99.2935198295881,19.2668817797053],[-99.2927427704752,19.2676382296992],[-99.2926227998322,19.2681278299122],[-99.2925787999713,19.2683083998755],[-99.2922368596796,19.2685482599792],[-99.2916375804276,19.268773120421],[-99.2912549497127,19.2690241399571],[-99.2909210803953,19.2692020302086],[-99.2905147098934,19.2695689801193],[-99.2901476602034,19.2698938297157],[-99.2899561797147,19.2700782904332],[-99.2896308299318,19.2702861204351],[-99.289329489807,19.2703509702958],[-99.2890128804846,19.270294249605],[-99.2882639396473,19.2701713098081],[-99.2879251800887,19.2701561696687],[-99.2875284004153,19.2701714801983],[-99.2868067201582,19.2704142603368],[-99.2861895996353,19.2706806803093],[-99.2856482202002,19.2714253099452],[-99.2854379198262,19.2718259797818],[-99.2854160296088,19.2721984495643],[-99.285246950422,19.2731077201784],[-99.284942459798,19.2732749400519],[-99.2847172601514,19.2735567201273],[-99.2845031799596,19.2739101395992],[-99.2842767797188,19.2742514496321],[-99.2840493402324,19.2745919498449],[-99.2837367099143,19.2747569401659],[-99.2833311196884,19.275097020084],[-99.2832112602073,19.2754597502771],[-99.2831784501081,19.2757362596587],[-99.2833100004341,19.2759972497572],[-99.2837494295865,19.2762263496981],[-99.2839177202342,19.2766922903885],[-99.2839654302845,19.2769613396967],[-99.283475180115,19.2772750500292],[-99.2830425203659,19.2777686899818],[-99.2823014900743,19.2790329998348],[-99.2820543102347,19.2792248900596],[-99.2815090595586,19.2794906799442],[-99.281307720064,19.2802185801778],[-99.2811398197713,19.2806197999097],[-99.2808083798808,19.2807575401297],[-99.2804596799936,19.2807580797471],[-99.2802167403511,19.2808210796334],[-99.2800547399387,19.2809305496524],[-99.2796378501601,19.2811547995643],[-99.2794504296343,19.2813940899713],[-99.2792001696523,19.2816703796416],[-99.2790202897299,19.2817156804262],[-99.2786570896292,19.2816217198015],[-99.2784655400071,19.2814691202917],[-99.2783149201195,19.2813984799262],[-99.2782239995788,19.2814140302539],[-99.2781357199404,19.2814836204085],[-99.2780028801688,19.2815525097357],[-99.277929429533,19.2817027099756],[-99.277901340343,19.281933940321],[-99.2778888195752,19.2823258799649],[-99.2778884642751,19.2824678457086],[-99.2778881497855,19.2825932601607],[-99.2765628600237,19.2833655699746],[-99.2733202904275,19.2851892296498],[-99.2734479555969,19.2853641045606],[-99.2735886301197,19.285556800142],[-99.2749803201131,19.2874631198142],[-99.2761689503033,19.2890979096798],[-99.2747344003058,19.2913286498848],[-99.2731633199498,19.2931493403437],[-99.2724612496454,19.2942110801781],[-99.2724980901243,19.2946579995555],[-99.2723680501549,19.2950136596231],[-99.2723267700695,19.295334580031],[-99.27210742974,19.2955056603625],[-99.2718540499409,19.2961126804067],[-99.2717169704502,19.2968275999337],[-99.2715415398333,19.2977419802334],[-99.27148617997,19.2979967103915],[-99.2716638201019,19.2983417404272],[-99.2714725996226,19.2991749995593],[-99.2705534296646,19.2996798002207],[-99.2703330002542,19.3000595795791],[-99.2700825200079,19.3005414897063],[-99.2697366499014,19.3011762800494],[-99.2697587698209,19.3011843703673],[-99.2703803402188,19.3014114897288],[-99.2704859197326,19.3015732801892],[-99.2705786328753,19.3016336380211],[-99.2708753627829,19.3018268129397],[-99.2709294899186,19.3018620501376],[-99.2711558000994,19.3019943800028],[-99.2712821195255,19.3020682601942],[-99.2715040797212,19.3023091197782],[-99.2716508077516,19.3023332362649],[-99.2719949503984,19.3023898002499],[-99.2721404001852,19.3024137101527],[-99.2722170002761,19.3024581803307],[-99.2720621403505,19.3025688196378],[-99.271500060146,19.303012649969],[-99.2714130303669,19.3030813801612],[-99.2713635977202,19.3031318985925],[-99.2713431582587,19.3031527877682],[-99.2709840200503,19.303519819979],[-99.2708136004096,19.3037302801248],[-99.2706195698928,19.3039698903007],[-99.270421739689,19.3041255801686],[-99.2699023096286,19.3043739801059],[-99.2697583198525,19.304438310321],[-99.2693808200067,19.3046070199479],[-99.2693645399852,19.3046142901712],[-99.269311399909,19.3046354803704],[-99.2690452798162,19.3047416001875],[-99.2684302502633,19.3051156201808],[-99.2685577195997,19.3052407096996],[-99.2687004802454,19.30533133975],[-99.2691736799026,19.3055023804447],[-99.2693075462668,19.3055560845941],[-99.2693336301592,19.3055665498314],[-99.2694297400664,19.3056051099032],[-99.2697876597732,19.3057254897484],[-99.2698550944147,19.3057334840843],[-99.2698743798283,19.3057357698011],[-99.2699623995327,19.3057483402164],[-99.270007690101,19.3057688299496],[-99.2701168603556,19.3059320200287],[-99.2701843402817,19.3060409501431],[-99.2703196495512,19.3063230297993],[-99.2704459495786,19.306514249737],[-99.2705739696239,19.3066303995558],[-99.2707732800864,19.3067339496221],[-99.2708157503153,19.3067522897668],[-99.2708388603578,19.3067622597736],[-99.2708860302003,19.3067891400253],[-99.2709190002913,19.3068184800173],[-99.2710845949769,19.3070043815799],[-99.2711006002554,19.3070223504067],[-99.2712036497766,19.3072188795889],[-99.2713416601207,19.3082569196386],[-99.271335630357,19.3082788901472],[-99.2710577091823,19.3086057493538],[-99.2708390500656,19.3088629103958],[-99.2711454797804,19.3090494596765],[-99.2711416776321,19.3090596075705],[-99.2710536302136,19.3092946500595],[-99.2709095195465,19.3095907801141],[-99.270733489596,19.3099525201914],[-99.2706325090189,19.3101667943283],[-99.2705577123289,19.3103255061408],[-99.2704980897335,19.3104520202828],[-99.2703644001832,19.3107781702362],[-99.2702365397566,19.3111525503624],[-99.2702095101287,19.3112673503109],[-99.2700553097453,19.3115238503531],[-99.2703395997411,19.3118007497579],[-99.2705102895559,19.3115446497073],[-99.2705446596896,19.3119366798314],[-99.2702721995408,19.3122041800762],[-99.2701383097139,19.3124179802436],[-99.2699808001654,19.3127313995989],[-99.2698300198324,19.3129258500691],[-99.2697218428408,19.3131210333841],[-99.2697213685623,19.3131218882783],[-99.2697212121078,19.3131221708565],[-99.2696692197236,19.3132159795734],[-99.2696191395262,19.3134133501322],[-99.2695881148134,19.3134661050279],[-99.2695663698397,19.313503080249],[-99.2695339204693,19.3135582502907],[-99.2694405796342,19.3136250197057],[-99.2689851198577,19.3137295698965],[-99.2684381703628,19.314009999797],[-99.2680817999659,19.3140827102071],[-99.2679432801508,19.3141398004262],[-99.2677998804071,19.3141951396475],[-99.2676472496524,19.3142024196131],[-99.2676278301186,19.3141515504441],[-99.2676881497879,19.3140732595835],[-99.2676942901808,19.3140290800841],[-99.2675230895318,19.3138012802841],[-99.2673963695488,19.3137923202006],[-99.2672147797101,19.3137298298514],[-99.2667801400539,19.3135222897996],[-99.2660534599256,19.3134502497935],[-99.2659006585788,19.313437451299],[-99.2657239403349,19.3136743100983],[-99.2656804600866,19.3137464801719],[-99.2655926895671,19.3138921801201],[-99.2655108000836,19.3140622796043],[-99.2654339698856,19.3141902603778],[-99.2652897800248,19.3143442204193],[-99.2651373395883,19.3145568909253],[-99.2649740301119,19.3147915700991],[-99.2646519400169,19.3150228003507],[-99.2645145496506,19.3153105395666],[-99.2643613799012,19.3154128198872],[-99.2641453195392,19.3155798003521],[-99.2638120001151,19.3158393202164],[-99.263620998729,19.3159775998294],[-99.2631705502997,19.3163060303546],[-99.2627718197128,19.3167798802289],[-99.262440479621,19.3171661798278],[-99.2622362502802,19.3173122803165],[-99.2617688497295,19.3176894503652],[-99.2616940796167,19.3178219195837],[-99.2616035402373,19.3182819100432],[-99.2613957802385,19.3187145100763],[-99.2610384900423,19.3195574502446],[-99.2608172603036,19.3198853807577],[-99.2605738799096,19.3201489397341],[-99.2604513387196,19.3204452596046],[-99.2603745098039,19.3205661200054],[-99.2598954195626,19.3210354196798],[-99.2597514795463,19.3211803696501],[-99.259621580319,19.3213111995755],[-99.2592112294434,19.3216021495884],[-99.2590425103139,19.3218152310291],[-99.2587350604569,19.3220529703155],[-99.2585771401152,19.3221282295898],[-99.2584216802793,19.3222750896403],[-99.2580750902429,19.3223855096147],[-99.2579437202784,19.3224977201323],[-99.2577988199024,19.3225899998083],[-99.2576200200293,19.3227625499768],[-99.2575294204219,19.3228616303527],[-99.2573430494061,19.3231203997021],[-99.2573430336482,19.3231204238797],[-99.2571112495486,19.3234731699325],[-99.256920829789,19.3237439396659],[-99.2565317401866,19.324343049726],[-99.2564316496666,19.3245390303651],[-99.256358569962,19.3247618798616],[-99.2563288903861,19.3249524200051],[-99.2562586196581,19.3252208503876],[-99.2561129995355,19.3254341099652],[-99.2559152499773,19.3257255103076],[-99.2558193704475,19.3257226296303],[-99.2556087097466,19.3260000301744],[-99.2553324904542,19.3263873404041],[-99.255175719909,19.3265593102889],[-99.2549006204722,19.3266730496485],[-99.2546896495497,19.3267602600437],[-99.2541544597595,19.3269231195647],[-99.2539895395423,19.3269516899859],[-99.2538765098622,19.326940800184],[-99.2536344901256,19.3268725197927],[-99.2533526502705,19.32686511038],[-99.2531013196175,19.3269860198631],[-99.2525960198723,19.3270642497931],[-99.2522522596114,19.3270878603423],[-99.2513810000684,19.3270792501561],[-99.2511082297875,19.3270303496284],[-99.2507063203527,19.3270281999709],[-99.2503845798312,19.3270286601291],[-99.2499586290931,19.327029231242],[-99.2496611070399,19.3271195334364],[-99.2493526597596,19.3272131498584],[-99.2486878000617,19.3275706600773],[-99.2486274801701,19.3276761704393],[-99.2483502786146,19.3277955798865],[-99.2480269401817,19.3278693703936],[-99.2471962903973,19.3279410497171],[-99.2463862899115,19.3280791398064],[-99.2458855087673,19.3281224601296],[-99.2458796992032,19.328122259979],[-99.2455231091757,19.3281100001654],[-99.2453868503443,19.32813948983],[-99.2452936500442,19.3281752508407],[-99.2450281086333,19.3284341807192],[-99.2446250303757,19.328453770136],[-99.2442294492795,19.3285596897476],[-99.2438312896419,19.3284517195518],[-99.2437254204783,19.328462289848],[-99.2436115496656,19.3284736799367],[-99.2435361200922,19.3284645512223],[-99.2430555100494,19.3282211807844],[-99.2427720790414,19.3279992303959],[-99.2427301492508,19.3279528806727],[-99.2424962603207,19.3275944303947],[-99.2421711398885,19.3270620505982],[-99.2411011187867,19.3253098795472],[-99.2410755700803,19.3251704901136],[-99.2409012043911,19.3249910734587],[-99.2409011763743,19.3249910430468],[-99.2408618256936,19.3249505515607],[-99.2405735189117,19.3246538912926],[-99.2404697992013,19.324547160082],[-99.2403799391024,19.3244546898022],[-99.2403237403898,19.3244219997],[-99.2402595704489,19.3243967395717],[-99.2401911020265,19.3244089419494],[-99.2401019488127,19.3244248300844],[-99.2400562185287,19.3244356810089],[-99.2397613700595,19.3245056203593],[-99.23957097176,19.3245785760327],[-99.2393172891464,19.3246757810449],[-99.2392609685925,19.324667649979],[-99.239014684532,19.3245522777489],[-99.2388317499319,19.3244665806566],[-99.238806693857,19.3244782159319],[-99.2386711789087,19.3245411495695],[-99.2382268791251,19.3245417407432],[-99.2381457401817,19.3245508908639],[-99.2381361772538,19.3245526060758],[-99.2373974704445,19.3246851144404],[-99.2373129202935,19.3247002796328],[-99.2368887691297,19.3248941797633],[-99.2364536193177,19.325171880932],[-99.2363715697256,19.3254577411945],[-99.2360556209943,19.3258471559508],[-99.2360136791696,19.3258988508196],[-99.2342748839124,19.3267178426131],[-99.2340835089804,19.3268079809625],[-99.2334885393191,19.3272275108965],[-99.2321317401446,19.3284948500229],[-99.2318775090854,19.3290281702207],[-99.2317629228932,19.3291132409777],[-99.2315269101759,19.3292884595733],[-99.2312014585961,19.3298351804131],[-99.2305730796866,19.3301088610183],[-99.2300971990731,19.330316109567],[-99.2296829095894,19.3303652001501],[-99.2292898588575,19.3305150196565],[-99.2291149398348,19.3306240603317],[-99.2288751699178,19.3307807105767],[-99.228163130267,19.331121831857],[-99.2271570789948,19.3316037996129],[-99.2266697498927,19.3316044000802],[-99.2262709800869,19.3315628797206],[-99.2261488804807,19.3316346795719],[-99.224204859649,19.332358080764],[-99.2241151697932,19.3324972896318],[-99.2242156903981,19.332748980295],[-99.2233430297267,19.3330929401534],[-99.2232116600817,19.3331550001441],[-99.2224028198336,19.3335370306867],[-99.2218896586339,19.3337026307246],[-99.2213270794211,19.3338221810537],[-99.2200436489355,19.3339393712758],[-99.2191387791657,19.333978910089],[-99.2185629091747,19.3343911411403],[-99.2178295389005,19.3346117403987],[-99.2175045698339,19.3346516607744],[-99.2171384195842,19.3346917496704],[-99.2170139490126,19.3348131710983],[-99.2168378303605,19.3350870313246],[-99.2165860186243,19.3352275406069],[-99.2160161803293,19.3352715808664],[-99.2158848494147,19.3353215809516],[-99.215734429648,19.3353965196477],[-99.2155600801147,19.3355215710408],[-99.2154181388633,19.3356752302399],[-99.2153113193482,19.336109800577],[-99.2151278599359,19.3362524211371],[-99.2148635791533,19.3363877507367],[-99.2147722500604,19.3364077404264],[-99.2146793903091,19.3364259367916],[-99.2144371693828,19.3364734000367],[-99.2142754503508,19.3364909407583],[-99.214202770001,19.3364988307623],[-99.2138361194101,19.3365386298923],[-99.2137210292782,19.3365515699455],[-99.2135675700145,19.3365550512546],[-99.2132806888334,19.3365186500419],[-99.2123403987207,19.3361904809793],[-99.2119835699687,19.3362840797123],[-99.2119188936723,19.3362775945475],[-99.2117409097579,19.3362597506621],[-99.2114824198159,19.3361976806297],[-99.211226659217,19.3362533407418],[-99.2105058897289,19.3366578897869],[-99.2100203801381,19.3369111699001],[-99.2097496889924,19.337143680345],[-99.2094642803175,19.3373408802517],[-99.2088504800732,19.3376319211543],[-99.2083877792164,19.3378513098451],[-99.208153309094,19.3378867114131],[-99.2078539694422,19.3378687503752],[-99.2075151203445,19.3378111212407],[-99.2077861375469,19.3373820908452],[-99.2078112288599,19.3373423697702],[-99.208193779196,19.3367352002225]]]},"properties":{"CVEGEO":"09008","CVE_ENT":"09","CVE_MUN":"008","NOMGEO":"La Magdalena Contreras"}},{"type":"Feature","geometry":{"type":"Polygon","coordinates":[[[-98.9971770195434,19.2274725700277],[-98.9972337389031,19.2273106897619],[-98.9974470497302,19.2271844601839],[-98.9974635984157,19.2264885334089],[-98.9974636000326,19.2264884600555],[-98.9974397007165,19.2264845854219],[-98.9970631685334,19.2264235208562],[-98.9966810598907,19.2263263800647],[-98.996428599815,19.226190401268],[-98.9962694502969,19.2259771709594],[-98.9961806234565,19.225888793232],[-98.9961806001218,19.2258887701179],[-98.9963557516348,19.225282401127],[-98.9963762408371,19.225211496274],[-98.9963762594352,19.2252114314126],[-98.9960669224008,19.2251200531767],[-98.9957918872924,19.2250387892328],[-98.9957909738131,19.225038519188],[-98.9957908800304,19.2250384901419],[-98.9954421793685,19.2262423509698],[-98.995422819041,19.2264346198968],[-98.9954186920969,19.2264626797574],[-98.9952639095956,19.2275149201744],[-98.9952628917619,19.22751484012],[-98.995262787051,19.2275148307878],[-98.9943944304813,19.2274479196943],[-98.9942042198233,19.2274260307722],[-98.9937254201875,19.2274704596367],[-98.9936757565223,19.2273061522263],[-98.9936757380606,19.2273060811911],[-98.9936223046959,19.2271293056103],[-98.9936191171985,19.2271187588597],[-98.9936190977835,19.2271186878054],[-98.9935620996002,19.2269301022675],[-98.9935620792319,19.2269300311942],[-98.9935527472858,19.2268681552313],[-98.9935527365311,19.2268680807255],[-98.9935433567938,19.2268058640664],[-98.9935025790828,19.2265354242523],[-98.9935025692616,19.2265353506712],[-98.9935025593003,19.2265352834292],[-98.9934803429945,19.226387923972],[-98.9934803312665,19.2263878503529],[-98.993471989858,19.2263325227471],[-98.9934719790834,19.226332449147],[-98.9934714202172,19.226328730687],[-98.9934591210662,19.2262471537061],[-98.9934591093382,19.2262470800869],[-98.9934076310123,19.2259056247695],[-98.9934076211911,19.2259055511884],[-98.9933450841615,19.2254907656647],[-98.9933385040745,19.2254471233598],[-98.9933384933,19.2254470497597],[-98.9933381929351,19.2254450587454],[-98.9933219195383,19.2253371252447],[-98.9932627911762,19.2249449235855],[-98.9932627804018,19.2249448499854],[-98.9925507399704,19.224892110895],[-98.9918680002322,19.2248413402868],[-98.9918251997661,19.2248378437243],[-98.9912372599991,19.2247897701607],[-98.9910735789389,19.2255946803867],[-98.990558678941,19.2257783501352],[-98.9882339085902,19.2237047708442],[-98.9857190288017,19.2214346611317],[-98.9843178478556,19.2202561722914],[-98.9843009756585,19.2202419808434],[-98.9842697283008,19.2202157026104],[-98.9842589748096,19.2202066598228],[-98.9842545704211,19.2202029560306],[-98.9840509005273,19.2200316813176],[-98.9840335479965,19.2200170888585],[-98.9840050206791,19.2199930990885],[-98.9838738286755,19.2198827739356],[-98.9838718437006,19.2198811053073],[-98.9838415843092,19.2198556575934],[-98.983804161197,19.2198241895884],[-98.9835368288019,19.2195993757146],[-98.9835057793184,19.2195732625575],[-98.9834739226308,19.2195464764226],[-98.983242365324,19.2193517445805],[-98.9832122325382,19.2193264043764],[-98.9831813507332,19.2193004340318],[-98.9829998324587,19.2191477848156],[-98.9829827807098,19.2191334446867],[-98.9829632524701,19.2191170220225],[-98.9827515721056,19.2189390072323],[-98.9827301310756,19.218920976231],[-98.9827059120957,19.2189006084233],[-98.9824894142926,19.2187185405572],[-98.9824708664698,19.2187029419503],[-98.9824540582384,19.2186888077641],[-98.9823926230374,19.218637136994],[-98.9822370636202,19.2185062929511],[-98.9822149421324,19.2184876856616],[-98.9821953823274,19.2184712323784],[-98.9819832423274,19.2182927879457],[-98.9819675456442,19.2182795846388],[-98.9819497966424,19.2182646551614],[-98.9817449499227,19.2180923448162],[-98.9817063698143,19.2180598928574],[-98.9816713606833,19.2180304440662],[-98.9797228291634,19.216391369593],[-98.9797124105364,19.2163826068181],[-98.9797015697075,19.2163734867905],[-98.9789050725941,19.215703468333],[-98.9788918229145,19.2156923222771],[-98.9788917891988,19.2156922944228],[-98.9788784702638,19.2156810889968],[-98.9783239750181,19.2152146387783],[-98.9782295511608,19.2151352062969],[-98.9782294444153,19.2151351171855],[-98.9782268183129,19.2151329065604],[-98.9781531133734,19.2150709040859],[-98.9781500303693,19.2150683101414],[-98.9781397912507,19.2150688761599],[-98.9779021381334,19.215082018889],[-98.9778966781561,19.2150823208952],[-98.9778103162972,19.2150676272328],[-98.9778102165443,19.2150676098339],[-98.975010309996,19.2145911999575],[-98.9750085880446,19.214591008715],[-98.9749575800393,19.2145853524163],[-98.9745020896819,19.2144832008757],[-98.9743495386658,19.2144431410103],[-98.9742443140952,19.2143907162021],[-98.9741327169304,19.214335116756],[-98.9737166001908,19.2141277999735],[-98.973621399657,19.2140829214236],[-98.9733322589158,19.213822491073],[-98.9732126794487,19.2136645105835],[-98.9731768531972,19.2136155694135],[-98.9731768347556,19.2136155409582],[-98.9731768143873,19.2136155133703],[-98.9730635104743,19.2134605849573],[-98.9730590297167,19.2134544612563],[-98.9728277092226,19.21317054044],[-98.9724285687677,19.2126954196925],[-98.972224260356,19.2125109098042],[-98.9719703991351,19.2123264801423],[-98.9717061391669,19.2121302303947],[-98.9714977792729,19.2119715512292],[-98.9714969968871,19.2119711387119],[-98.9712955190214,19.2118646297193],[-98.9710160200066,19.2117160801402],[-98.96997776971,19.2112753798624],[-98.9699306801393,19.2112552196477],[-98.9697610604358,19.2111825695924],[-98.9694731395318,19.210974180218],[-98.9692402199651,19.2108508301994],[-98.9689260598366,19.2107124499576],[-98.9685775797533,19.2105890596511],[-98.9685279196336,19.2105710797198],[-98.9683765495987,19.2104888496912],[-98.9676573395823,19.2097960503348],[-98.9668377501114,19.2090065497339],[-98.9668265097835,19.2089613401714],[-98.9668634804511,19.2087426802424],[-98.9670024227767,19.207920708911],[-98.9670060197489,19.2078994299955],[-98.9670517996378,19.2076285999039],[-98.9674239698407,19.207327199797],[-98.9671813496377,19.2070422503844],[-98.9671685100091,19.2066176000981],[-98.9672287402733,19.2062510897213],[-98.9674045502734,19.2061724300298],[-98.967509420147,19.2061254900941],[-98.9679791700503,19.2057199797939],[-98.9685719696121,19.2052082298041],[-98.9693343552539,19.2045500692503],[-98.9696785696961,19.2042529098375],[-98.9677018903635,19.2031288500912],[-98.9676802760222,19.2030259204226],[-98.9676096603198,19.202689740284],[-98.9670258301814,19.1999098602416],[-98.9669786903743,19.1979216499276],[-98.9676938903571,19.1897430797641],[-98.966410340246,19.1870316600007],[-98.9598490604063,19.1791678795639],[-98.956521740234,19.1766352204528],[-98.9561746800812,19.1767630601635],[-98.9549157402662,19.1740634000805],[-98.9523856502518,19.168637619807],[-98.9656121698654,19.1649304601132],[-98.9673663999423,19.1644386901106],[-98.9652502596719,19.1619616901532],[-98.9646160301795,19.1612192900561],[-98.9637381695445,19.1601916802285],[-98.9631226897213,19.1594711962016],[-98.9626974501362,19.1589734002651],[-98.9620192599139,19.1581795096746],[-98.9610843503195,19.1570850602118],[-98.9605706202378,19.1564836297137],[-98.9600174500242,19.155836059991],[-98.9598605196191,19.1556523397806],[-98.9594683200707,19.1551932002187],[-98.9584844298766,19.1540413399746],[-98.9583185397484,19.1538471203418],[-98.9546263098915,19.1495243497257],[-98.9594818903265,19.1472984200661],[-98.9598955096072,19.1471088003787],[-98.9626041997926,19.1458669495568],[-98.9630370299062,19.1456425998825],[-98.9664559395316,19.1438705097192],[-98.9659560596355,19.1425844895748],[-98.9656631702175,19.141830969834],[-98.9654936602027,19.1413949097418],[-98.96511271994,19.1404148203771],[-98.9650890603416,19.1403859996039],[-98.9646452900115,19.1398454196497],[-98.9646055499837,19.1397970203105],[-98.9638887201376,19.1382174798636],[-98.9637603099123,19.13793451976],[-98.9634875495787,19.1374880797452],[-98.9631754196429,19.1369771403827],[-98.9628977100953,19.136522550284],[-98.9626262195767,19.1360781496444],[-98.9624771102294,19.1358340803222],[-98.9623770197458,19.1356702496259],[-98.9622726800589,19.135455800402],[-98.9619454798099,19.1347833503695],[-98.9618171698882,19.1345196900343],[-98.9617153997715,19.1343105403049],[-98.9616255499105,19.1341258896761],[-98.9614783996706,19.1338234496842],[-98.9610918903894,19.1330291099187],[-98.9608539699876,19.1323052297049],[-98.9605098199399,19.1312581201696],[-98.9604324598621,19.1310227698536],[-98.9595422195369,19.1283141100218],[-98.9587294895773,19.1258412298991],[-98.9585289701499,19.1252738000995],[-98.9577973804037,19.1232035800228],[-98.9575074802947,19.1223832199977],[-98.9576560298921,19.1196310203654],[-98.9580028502047,19.1179153504535],[-98.9580704295657,19.1175809698805],[-98.958500250421,19.1148979401706],[-98.9585627100955,19.1145080503192],[-98.9587020000663,19.1136385103169],[-98.9586920202631,19.1127052500841],[-98.9586905495801,19.1125679403899],[-98.95840974975,19.1113094004201],[-98.9586063801517,19.1104138800781],[-98.958676479747,19.1100946196754],[-98.9589566597727,19.1090427199948],[-98.9590635095333,19.1042779502315],[-98.9612397804383,19.0955831800337],[-98.9632657702277,19.0920627799741],[-98.9657214798232,19.0858611700432],[-98.9682835801826,19.0831408796396],[-98.9713723399476,19.0812183797166],[-98.973696619839,19.0795531696708],[-98.9789954004552,19.0744559497992],[-98.9823613697032,19.0776084199848],[-98.983594490368,19.0787632502376],[-99.0289936798147,19.0853687959393],[-99.030194910365,19.084556539816],[-99.0432088604527,19.075755460082],[-99.0487286602493,19.0666015398154],[-99.0566502055663,19.0534623029897],[-99.0566503695859,19.0534620299228],[-99.059800230187,19.0482366601471],[-99.0620857500577,19.0487187201214],[-99.1044538602602,19.0576480303743],[-99.1051285700606,19.0577901200766],[-99.1254331202787,19.0620647202347],[-99.1352126200148,19.0888405497893],[-99.1353721291631,19.0892772166197],[-99.1353790198316,19.0892960799877],[-99.1364814802882,19.0893779800096],[-99.1468108601198,19.1005830901023],[-99.1547475398122,19.1088365501276],[-99.1632928502348,19.1174905703677],[-99.1550093198679,19.1353097097629],[-99.1540042801167,19.1381215699672],[-99.1524995800049,19.1421180802817],[-99.1519569103205,19.1507674296678],[-99.1518057701183,19.1514107502958],[-99.149723750448,19.1598440896441],[-99.1496084199279,19.1603128801899],[-99.1487041496493,19.1602730296359],[-99.1482000797982,19.160235030086],[-99.147578579714,19.1601406298252],[-99.1472081695476,19.1600415100555],[-99.146803889814,19.1599446895534],[-99.1465098202493,19.1598116196463],[-99.1460768603533,19.1595521399217],[-99.1454578299033,19.1592137202013],[-99.1449221801612,19.1589283399263],[-99.1448045496235,19.158864030095],[-99.144494149698,19.1586654495922],[-99.1442300201451,19.1583990496089],[-99.1439608195357,19.1581168503542],[-99.1436770796698,19.1578346499761],[-99.1434458199417,19.1575388503476],[-99.1432382499642,19.1571432900216],[-99.1430561997209,19.1568185096848],[-99.1429383196457,19.1565139699323],[-99.1427495503093,19.1560803497535],[-99.142519229841,19.1555576003555],[-99.1422836496396,19.1551363804135],[-99.1420340803787,19.1547433197045],[-99.1418225199667,19.1544800600519],[-99.1415239800136,19.1540597204434],[-99.1411329499721,19.1535145502701],[-99.1408490899567,19.1529183997262],[-99.1406955696887,19.1524966895964],[-99.1404043195532,19.1522132597652],[-99.1400201995954,19.1519585698598],[-99.1397742504205,19.1518073704596],[-99.1394261500638,19.1516472198429],[-99.1389486502169,19.1514434502319],[-99.138532260402,19.1513383503234],[-99.1377733202106,19.150995620239],[-99.1372113504509,19.1507503799362],[-99.1324060495275,19.1486112900742],[-99.1312315400961,19.1507503796611],[-99.1302443202446,19.1525441699681],[-99.1191301403622,19.1728729500459],[-99.1186541400704,19.1737426597293],[-99.1134183504325,19.1833022898891],[-99.1126606196039,19.1846926602174],[-99.1123306299212,19.1852954800957],[-99.1116624498291,19.1865132901987],[-99.1114840899735,19.1868341395471],[-99.1102763399752,19.1890444900863],[-99.1091180140508,19.1911612999027],[-99.1090167652349,19.1913463261436],[-99.1088172288887,19.1917109642989],[-99.1086281659369,19.1920564620342],[-99.1084375674014,19.1924047640646],[-99.1080995148738,19.1930225213188],[-99.1069480616538,19.1951266410669],[-99.1069280601153,19.1951631913038],[-99.1067434885391,19.1955004614041],[-99.1067328785903,19.1955198500267],[-99.1067149949572,19.1955525298804],[-99.1065291693028,19.1958920923626],[-99.1065193826913,19.1959099765847],[-99.106509630842,19.1959277953388],[-99.1063160859797,19.1962814603057],[-99.1063082467565,19.19629578434],[-99.1062995732015,19.1963116333955],[-99.1059917241766,19.1968741364386],[-99.1059854736323,19.1968855819283],[-99.1059802642824,19.1968951014046],[-99.1058116017526,19.1972032953637],[-99.1058031433657,19.1972187508244],[-99.1058029548757,19.1972190950944],[-99.105791835732,19.1972394134007],[-99.1057732770571,19.1972733250481],[-99.1057454514325,19.1973241696535],[-99.1057453026081,19.1973244422082],[-99.1057363997547,19.1973407099345],[-99.1055330875744,19.1976586360177],[-99.1055179720965,19.1976822695534],[-99.1055176169861,19.197682826244],[-99.1055057780238,19.1977013396765],[-99.1055055945764,19.1977016260624],[-99.1052913941711,19.1980365743374],[-99.105281369018,19.1980522515924],[-99.1052776801208,19.1980580196913],[-99.1052766267725,19.1980603821375],[-99.1052749846322,19.1980640668495],[-99.105264537046,19.198087508145],[-99.1051818303007,19.1982730802989],[-99.1047541961063,19.1982133875591],[-99.1046978291118,19.1982055198595],[-99.1046583494023,19.1982792896153],[-99.1046372300225,19.1983368000664],[-99.1046353351314,19.1983517037399],[-99.1046314801814,19.1983820198877],[-99.1046088594421,19.1984258198832],[-99.1047254590853,19.1984933501751],[-99.1047789201584,19.1985609213205],[-99.1048243099087,19.1986561503094],[-99.1048509693724,19.1987662907297],[-99.1048442290388,19.1988661104361],[-99.1047996891252,19.1989642212486],[-99.1047255804661,19.199046370058],[-99.104196349772,19.1993671813477],[-99.1041233390433,19.1994106596083],[-99.1040806194269,19.1994363807411],[-99.1032679185776,19.1999262001314],[-99.1031138795983,19.2000182908757],[-99.1026292499064,19.2003111203377],[-99.10239984924,19.2004647709725],[-99.1022731102757,19.2006282314326],[-99.1022469395293,19.2006619713059],[-99.1021703401598,19.2008279697526],[-99.1021175802971,19.2010517999115],[-99.1020864504256,19.2015723212425],[-99.1020700603192,19.2018464001053],[-99.1020224303001,19.20228052132],[-99.1019636001705,19.202646089708],[-99.1019331803896,19.2034342504059],[-99.1018997111964,19.2038234207758],[-99.1018708495912,19.2042008498054],[-99.1018543106469,19.2044304296738],[-99.1018147496923,19.2046216297085],[-99.1017804289327,19.204719180117],[-99.1017636595492,19.2047627988735],[-99.1017459392363,19.2048088907547],[-99.1016930887503,19.2048917803094],[-99.1015900201763,19.205014859609],[-99.101147594183,19.2055312067139],[-99.1010022792844,19.2057007998424],[-99.100984419616,19.2057216499193],[-99.1008861198548,19.2058246502106],[-99.1008020003837,19.2058949803456],[-99.1006988795368,19.2059552897609],[-99.100635565049,19.2059845328604],[-99.1006063400969,19.2059980301692],[-99.1003751201375,19.206072480447],[-99.1002561201183,19.2061152296466],[-99.100182089845,19.2061704896914],[-99.1001239500761,19.206245850193],[-99.1000843102743,19.2063211801594],[-99.1000579197071,19.2064140902329],[-99.1000447500582,19.2065195499949],[-99.1000261102337,19.2069933503547],[-99.1000129703157,19.2071440000485],[-99.0999760201732,19.2072670497504],[-99.0999205396944,19.2073856303855],[-99.0998306598512,19.2074956002938],[-99.0993691396838,19.2079908496432],[-99.099305859851,19.2080694198132],[-99.0992694196476,19.208105150061],[-99.099212509681,19.2081472798271],[-99.0991632194518,19.208164320455],[-99.0991099500561,19.2081828211064],[-99.0990373695537,19.2081965702876],[-99.0989450797198,19.2082094006876],[-99.098895550395,19.2082113795566],[-99.0988194602073,19.2082150204097],[-99.0984884492267,19.2082152008984],[-99.098410510017,19.2082209413548],[-99.0983506198187,19.2082266609083],[-99.0982690286205,19.2082381999083],[-99.0981373792254,19.2082723804552],[-99.0979617548948,19.2083247660138],[-99.0979443097322,19.208329969669],[-99.0971386594553,19.2085927209692],[-99.0969959204752,19.208630749617],[-99.0968731100358,19.2086538597143],[-99.0967773503756,19.2086644495744],[-99.0966797388814,19.2086648298005],[-99.0965507386578,19.2086520803748],[-99.0964327687583,19.2086266910353],[-99.0962731786954,19.2085987705854],[-99.0961229400281,19.20857300124],[-99.0959740904674,19.2085541401579],[-99.0958561204176,19.2085559201691],[-99.0957744491977,19.2085783495831],[-99.0956870301684,19.2086279396384],[-99.0956115198557,19.2087178911049],[-99.0955550602889,19.2088031502162],[-99.0954143459097,19.2090156277413],[-99.0952531501525,19.2092590302071],[-99.0951595800437,19.209438649587],[-99.095098919784,19.209590020173],[-99.0950762303569,19.2097413704563],[-99.0950645395207,19.210078980249],[-99.0949959998799,19.2110742800893],[-99.0949757800834,19.2111511697764],[-99.0949454602427,19.2112208502028],[-99.0948999201756,19.2112833197586],[-99.0948341503723,19.2113607995651],[-99.094743079906,19.2114329101558],[-99.0946545101965,19.2114930203971],[-99.0945608798028,19.2115387098703],[-99.0944849501756,19.211553149885],[-99.0943963500027,19.2115532002229],[-99.0942950800447,19.2115244297503],[-99.0942043097354,19.2114740302786],[-99.0941357075923,19.211415751614],[-99.0940093091733,19.2113083703798],[-99.0937702224313,19.2111390846834],[-99.0936852503053,19.2110789197141],[-99.093542148641,19.2110087098849],[-99.0933889197451,19.2109644909315],[-99.0931809201148,19.2109299401178],[-99.0929293487076,19.2109187699606],[-99.0923917195284,19.2108925098811],[-99.0920650524495,19.210905863965],[-99.0917170485673,19.2109200909149],[-99.0909653696152,19.2110193796462],[-99.0909365084535,19.2110283822834],[-99.0908739964048,19.2110478815786],[-99.0908730891659,19.2110481639687],[-99.0908728798645,19.2110482296943],[-99.0906948001613,19.2110956503463],[-99.0893920186944,19.2113628564339],[-99.0892902461075,19.2113837288933],[-99.0892899769423,19.2113837844029],[-99.0890325500949,19.2114365801714],[-99.0885042603119,19.2115449498712],[-99.0884233353037,19.2115615472616],[-99.0882280500406,19.2116016001762],[-99.0865002711131,19.2119559514228],[-99.0863131802667,19.2119943200428],[-99.0857449758036,19.2121108525937],[-99.0844096497925,19.2123847101034],[-99.0842090919678,19.2124258374468],[-99.083770090051,19.2125158601199],[-99.0836428582448,19.2125419500162],[-99.0834726808711,19.2125768495582],[-99.0830510595414,19.2126633103228],[-99.0825090297475,19.2127769800753],[-99.0820592508342,19.2128713674215],[-99.0819660796002,19.2128909200331],[-99.0813517992479,19.2130198207772],[-99.080895688637,19.2131155209697],[-99.080355629782,19.213227650285],[-99.0800587396183,19.2132892800441],[-99.0793719191997,19.2134318603924],[-99.0788344585265,19.2135434502762],[-99.078704048943,19.2135705200726],[-99.0785337703428,19.2136058796607],[-99.0781279489768,19.2136901041285],[-99.0778199700803,19.2137540498239],[-99.0777210288942,19.2137745744206],[-99.0767535489916,19.2139754236531],[-99.075790229187,19.2141753725528],[-99.073586628803,19.2146327739412],[-99.0723071792777,19.2148983440292],[-99.0710643096374,19.2151563036394],[-99.069071488964,19.2155698836198],[-99.0677717993771,19.2158395935599],[-99.06732545891,19.2159322233936],[-99.0663086796078,19.2161432233041],[-99.0658038192438,19.2162479739586],[-99.0643301988274,19.2165537625452],[-99.0632077989393,19.2167866436164],[-99.0605433995176,19.2173384244422],[-99.0601571992142,19.2174184137327],[-99.059189378965,19.2176188240311],[-99.058163309409,19.2178313040229],[-99.0567162593914,19.218130933668],[-99.0563531790668,19.2182061140351],[-99.0559837390499,19.2182826136419],[-99.053839199313,19.2187276434574],[-99.0530975965631,19.218881532339],[-99.0523546893153,19.2190356838915],[-99.0523528470507,19.2190360655748],[-99.0494845847991,19.2196312058013],[-99.0491436789513,19.2197019337912],[-99.0482655392453,19.2198841139021],[-99.0478671996116,19.2199667639453],[-99.0478320051952,19.2199740664231],[-99.0476625113698,19.2200092313592],[-99.0468233183611,19.2201833370407],[-99.0466635213667,19.2202164854155],[-99.0466439994388,19.2202205337327],[-99.0454382190535,19.2204707036659],[-99.0430225991703,19.2209718533744],[-99.0427853493943,19.2210210738092],[-99.0424680589044,19.2210869033908],[-99.0421688189554,19.2211490235697],[-99.0417864587945,19.2212283932091],[-99.0411247391109,19.2213657433813],[-99.0401053104425,19.2215773504291],[-99.0380401399323,19.222006000178],[-99.0375965995253,19.2220980504067],[-99.0369396595819,19.222234400031],[-99.0367316298876,19.2222775700565],[-99.0364189101204,19.2223423996438],[-99.0362836503529,19.2223704299026],[-99.0357864003733,19.2224735098935],[-99.035208770393,19.222593249853],[-99.034061049561,19.2228311500039],[-99.0328741796081,19.223077154386],[-99.0301930299636,19.2236328502125],[-99.0262738903386,19.2239807709204],[-99.0253277186372,19.224064651151],[-99.0230038899171,19.2242706308601],[-99.0217383200044,19.224382851034],[-99.0196241801917,19.224570320394],[-99.0185534589754,19.224665254808],[-99.0180066390088,19.2247137331211],[-99.0177895995729,19.224732970618],[-99.0174833203569,19.2247602511626],[-99.012494219411,19.2252044908116],[-99.0116043997112,19.2252837110634],[-99.0096740698687,19.2254555168636],[-99.0088949703322,19.2255248610877],[-99.0071505770206,19.2256835053829],[-99.0070746451171,19.2256904103195],[-99.0057387390229,19.2258118902577],[-99.00552952805,19.2258309139736],[-99.0048961185773,19.2258885102262],[-99.0040028388755,19.2259697400125],[-99.0039704898132,19.2259726812087],[-99.0039263017021,19.2259766984056],[-99.0030190186318,19.2260591710812],[-99.0030170957881,19.2260593458162],[-99.0014878204047,19.2261983706423],[-99.0001037502107,19.226317580455],[-99.0001037467085,19.226317652865],[-99.0001032071404,19.2263229240858],[-99.0000961260689,19.2263928320867],[-99.0031289996596,19.2270600202338],[-99.0031289810047,19.2270600878131],[-99.002990603177,19.2275739069774],[-99.0022150889928,19.2273574307731],[-99.0008118636888,19.2270059354122],[-99.0007657394274,19.2269943799594],[-98.9998469098446,19.2267839211591],[-98.9996738302302,19.2272826904095],[-98.999669557911,19.2272943526268],[-98.9995724799202,19.2275595096027],[-98.9990222898045,19.2273570497214],[-98.9988639386154,19.2277047402471],[-98.9987955699787,19.2276882509478],[-98.9981473791331,19.2275319098034],[-98.997292948757,19.2274796595994],[-98.9972928458729,19.227479653929],[-98.9971770538048,19.2274725734272],[-98.9971770195434,19.2274725700277]]]},"properties":{"CVEGEO":"09009","CVE_ENT":"09","CVE_MUN":"009","NOMGEO":"Milpa Alta"}},{"type":"Feature","geometry":{"type":"Polygon","coordinates":[[[-99.1890551697139,19.3955903396406],[-99.1887066199189,19.3947476497887],[-99.1886797100046,19.3946750299471],[-99.1885692588293,19.3944151713077],[-99.1884518004486,19.3941280613626],[-99.188414370411,19.3940182796052],[-99.1883932297583,19.393919120095],[-99.1883724597089,19.3938173695699],[-99.188364199165,19.3936334506118],[-99.188370278659,19.3934381210056],[-99.1884132502017,19.3932301502491],[-99.1887122903644,19.39235188985],[-99.1888158193721,19.3920166000065],[-99.1890375704685,19.3911506903372],[-99.1893154898571,19.3900954221365],[-99.1894697504291,19.389497431118],[-99.1894964504146,19.3893951097608],[-99.1896578800898,19.3887685712552],[-99.189809020462,19.3882003800971],[-99.1898386796875,19.3880906799065],[-99.1899870198071,19.387526141254],[-99.1901661399429,19.3868526611849],[-99.1903388498195,19.3861887706149],[-99.190402060078,19.3860105507213],[-99.1908352204054,19.3850207402838],[-99.1909979996122,19.3846391797149],[-99.1912462900527,19.3840571804267],[-99.1912491103742,19.3840505809147],[-99.1913211695626,19.3838816802615],[-99.1913916203257,19.3837165400743],[-99.1916725704482,19.3830299511128],[-99.1916852200248,19.3829745804139],[-99.1916982298616,19.3829147999189],[-99.1917337498651,19.3826808304249],[-99.191745909837,19.3816338598448],[-99.1917479797378,19.3813391698589],[-99.1917542300199,19.3808313504006],[-99.1917548599496,19.3803581497136],[-99.1917571201318,19.3796333100987],[-99.1917048503656,19.3789294312973],[-99.1916950895645,19.3787938895993],[-99.1916395099075,19.378058279827],[-99.1916301800352,19.3778827996034],[-99.1916255203685,19.3776689999772],[-99.1916374598998,19.3774150503031],[-99.1917742003752,19.3762645702623],[-99.191791910295,19.3761233397926],[-99.1919078900652,19.3752840902184],[-99.1920525398895,19.3742477511268],[-99.1921343998364,19.3735980201167],[-99.1921406003793,19.3734035099546],[-99.1921368004109,19.3733242803953],[-99.1921164803509,19.3731958802496],[-99.1921017697431,19.3730975099829],[-99.1920062497565,19.3728132800533],[-99.1919186003773,19.3726280299357],[-99.191827310141,19.3724153200531],[-99.1917257495721,19.3721600000742],[-99.1916788604062,19.3719957511551],[-99.1916554596847,19.3718696298556],[-99.1916404501284,19.3716544595541],[-99.1916470485451,19.371511119569],[-99.1917409498137,19.3706825796072],[-99.1917998595654,19.3701509798271],[-99.1918158802893,19.3699696503296],[-99.1918134200413,19.3697295399211],[-99.1917961202889,19.3694702602848],[-99.1917627096114,19.3692518598825],[-99.1917267803742,19.3690899101468],[-99.1916596803165,19.3688675400863],[-99.1916263199289,19.3687705805767],[-99.1915315795684,19.3685455103311],[-99.191433689641,19.368377030244],[-99.191220340162,19.3679803998736],[-99.191005539632,19.3675949700857],[-99.1909073404709,19.3674216000928],[-99.1908441202217,19.3672586003119],[-99.1907993395745,19.3670858600929],[-99.1907824197978,19.3669902002498],[-99.1907658902385,19.3668868302717],[-99.1907559695927,19.3667884000968],[-99.1907800201725,19.366434889991],[-99.1908267800263,19.3658519496053],[-99.190936490124,19.3648355500859],[-99.1910930902455,19.3634897504485],[-99.1905018596091,19.3633199996405],[-99.19015116995,19.3632307710168],[-99.1891335403241,19.3630141996236],[-99.1886743403477,19.3629964010978],[-99.1884454004127,19.363028110185],[-99.1883046600564,19.3630160295618],[-99.1882135799886,19.3630039496503],[-99.1881138199189,19.3629802603108],[-99.1880044303606,19.3629450797726],[-99.1878445799884,19.3628832200206],[-99.1870047698528,19.3622633999227],[-99.1867931398923,19.3621543098485],[-99.1866235199228,19.362069940318],[-99.1856849201598,19.3617246007705],[-99.1855413999607,19.3617189997586],[-99.1853735097694,19.3617337698104],[-99.1849987102758,19.3617728314287],[-99.1848328897213,19.3617803098994],[-99.1838814501999,19.3617052895785],[-99.1837120497969,19.3617180597504],[-99.1835360303025,19.36178126018],[-99.183112564741,19.3620599684021],[-99.1826762196289,19.3623471503984],[-99.1823264798239,19.3625551201305],[-99.1818503700276,19.3627110598863],[-99.1815428304122,19.3628216910513],[-99.1811979400535,19.3629097801986],[-99.1809723996191,19.3629273996894],[-99.1805472501372,19.362904769621],[-99.1801992203331,19.3629253703462],[-99.1800005501079,19.3629644609682],[-99.1797974299933,19.3630359805621],[-99.1796006199144,19.3631497202894],[-99.1794663396505,19.3632510598217],[-99.1793675800766,19.3634469403846],[-99.1792037502972,19.3638070500684],[-99.1788121103646,19.3641806299003],[-99.1783798898391,19.3645960602977],[-99.1781500199952,19.3648127102474],[-99.1778466862796,19.3650570650492],[-99.1777419201609,19.3651414601975],[-99.1771935401204,19.3645957800675],[-99.1767634202739,19.3641574128958],[-99.1767215502056,19.3641147398888],[-99.1766923880826,19.3640872262466],[-99.1760593622669,19.3634899830932],[-99.1757166880004,19.3631666760826],[-99.1751048898788,19.3625894508217],[-99.1748021204323,19.3623037098254],[-99.1746604201011,19.3621658597752],[-99.1745086502005,19.3620163100304],[-99.1739810447709,19.3614065010847],[-99.1737075397451,19.3610903799107],[-99.1732763798521,19.3606050607422],[-99.1730822201104,19.3604275097624],[-99.1728592296913,19.3602657408932],[-99.1717061103054,19.3595682598397],[-99.1717089499386,19.3595615796794],[-99.171792458698,19.3593653486826],[-99.1724141402215,19.3579044903106],[-99.1727275503975,19.3571816603144],[-99.1727747503211,19.3570813800968],[-99.1729935098978,19.3567514002236],[-99.1735622295592,19.3561246196675],[-99.1742030497961,19.3554461398214],[-99.1749415804195,19.3546364296037],[-99.1752220899972,19.354241779975],[-99.1754274504732,19.353984969958],[-99.1757837097718,19.353620120437],[-99.1760309800131,19.3534105202381],[-99.1770423100214,19.3526002304522],[-99.17713932028,19.3525241099609],[-99.1772259799573,19.3524440900651],[-99.1772843097679,19.3523497499387],[-99.1774882300286,19.3520123102896],[-99.1775984495389,19.3518214799501],[-99.1776619495779,19.3517442901046],[-99.1783233400109,19.3511150300917],[-99.1784516899784,19.3510101700537],[-99.1792476897794,19.3503423397156],[-99.1796068200245,19.350009679694],[-99.1797839504611,19.3498273498065],[-99.179931520119,19.3496428795826],[-99.180059850166,19.34943093963],[-99.1800903098265,19.3493573203052],[-99.1801272796124,19.3492680500077],[-99.1805547403973,19.34723578027],[-99.1806193804562,19.3472379398002],[-99.1806370304516,19.3472357103599],[-99.1806518600453,19.3472328601608],[-99.180673139772,19.3472270196955],[-99.1806919101289,19.3472200595791],[-99.1807055804,19.3472138197747],[-99.1807210795952,19.3472052799908],[-99.1807312600947,19.3471991200366],[-99.1807504801361,19.3471849204284],[-99.1807630802312,19.3471736598948],[-99.180786420394,19.34714351011],[-99.1808033399716,19.3471152004002],[-99.1808216802661,19.3470648002621],[-99.1808226598288,19.3470621201823],[-99.1808393501844,19.3470670001763],[-99.1809024474215,19.3470854351186],[-99.1809040377102,19.3470858997202],[-99.181770461692,19.347339039127],[-99.1817711429875,19.3473392375861],[-99.1817766596614,19.347340850054],[-99.1817921698068,19.3473453799199],[-99.1817943401276,19.3473430500531],[-99.1823352603628,19.3467614804157],[-99.182497649522,19.3466441801804],[-99.1826642298095,19.3465874000514],[-99.1828748798288,19.346584309555],[-99.1830844201817,19.346121769913],[-99.1831560803223,19.3458466297925],[-99.1831618261643,19.3458222206818],[-99.1832929398693,19.3452652199622],[-99.1833665097256,19.3449249202724],[-99.183410800293,19.3447754203119],[-99.1835092198423,19.3445694803732],[-99.1836776899254,19.3442564203327],[-99.1838365099102,19.3439196200869],[-99.1840383497943,19.3436479797233],[-99.1843346796326,19.3436231197688],[-99.1845015197581,19.3435874800885],[-99.1847752198971,19.3434381098419],[-99.1851630352844,19.3431288206038],[-99.1852304866603,19.343075026769],[-99.1853532502424,19.3429771200775],[-99.1859690798412,19.342447819988],[-99.1865051196699,19.3419329102075],[-99.1866243495979,19.3415962198054],[-99.1866850001493,19.3413983798016],[-99.1867603424039,19.3413250928416],[-99.1868085702966,19.3412781801304],[-99.186919476664,19.3412464979803],[-99.1873263095594,19.3411302801458],[-99.1876610001018,19.3410153096841],[-99.1879762848204,19.3406706485578],[-99.1879997195535,19.3406450301448],[-99.1880097486466,19.3406342839397],[-99.1881922770777,19.3404387039861],[-99.1882243097531,19.3404043803921],[-99.1882436427804,19.3403900325718],[-99.1885528686968,19.3401605513232],[-99.1885689996799,19.3401485803509],[-99.188585431977,19.3401367635832],[-99.1891610803811,19.3397227803384],[-99.1893113871694,19.339562653947],[-99.1893305395541,19.3395422499716],[-99.1894886203492,19.3393738197096],[-99.1900437099522,19.3385895198551],[-99.1900457799454,19.3385865800474],[-99.1900613798549,19.338591719593],[-99.1903032501831,19.3386712903509],[-99.1903213096674,19.3386772303857],[-99.1903209086318,19.3386734907514],[-99.190248799693,19.3379796496253],[-99.1906047398463,19.3377228508913],[-99.1910472598837,19.3371428810149],[-99.1911732115293,19.3369654083189],[-99.1912327359755,19.3368815368837],[-99.1912340239037,19.3368797196634],[-99.1912356164806,19.3368774786227],[-99.1912357855864,19.3368772398419],[-99.1912532798563,19.3368796608837],[-99.1912551809643,19.3368799535585],[-99.1913622587461,19.3368964798036],[-99.1913783807257,19.3368987004428],[-99.1915291790799,19.3368900909208],[-99.1917249203195,19.3368736201095],[-99.1918219188629,19.336855788354],[-99.1931568197162,19.3366103703315],[-99.1942848204712,19.3363916295799],[-99.1951037802976,19.3361710797584],[-99.196188779745,19.3358873097007],[-99.1969336503503,19.3357356799437],[-99.1976729089588,19.33559488071],[-99.1978673102278,19.3355438608071],[-99.1980567988236,19.3354841508083],[-99.1982596594029,19.3353782808011],[-99.1983981387861,19.3352591801631],[-99.1985268799426,19.3351498204374],[-99.1987096587297,19.3349630502553],[-99.1991791091339,19.334317860379],[-99.1993818895807,19.3340845996924],[-99.1995937688257,19.3338408900157],[-99.1998209187794,19.3335053799565],[-99.1999223504337,19.3332319509696],[-99.1999243497438,19.3332265397633],[-99.1999046801691,19.3332297496637],[-99.1987135103459,19.3334245498646],[-99.1982179202399,19.3335073199398],[-99.1969339804617,19.3337207697648],[-99.19661568035,19.3337166600157],[-99.1965980201238,19.3337144802542],[-99.1965212495418,19.3337049660589],[-99.1965212000384,19.3337049597038],[-99.1965211495995,19.3337049524252],[-99.1965035703664,19.3337027795921],[-99.1965035237068,19.3337027741958],[-99.1965034818925,19.3337027652651],[-99.1963899498276,19.3336763200049],[-99.1962946899053,19.3336312902653],[-99.1963744497323,19.3334068200573],[-99.196388619817,19.3333256000347],[-99.1963909795368,19.3332416600457],[-99.1963825699788,19.333028910119],[-99.1963588002729,19.3328850000901],[-99.1962655200713,19.332684420326],[-99.1960913503203,19.3324010800485],[-99.1957578196203,19.3319476604024],[-99.1952932902962,19.3310921699425],[-99.1950038599149,19.3306299399968],[-99.1947041801675,19.3302334900353],[-99.1947479802267,19.329328680269],[-99.1947771800576,19.3287197098151],[-99.1947926003161,19.3271269703927],[-99.1948530295413,19.3247207102126],[-99.1948862899512,19.3234642897029],[-99.1948813204816,19.3231405496821],[-99.1949335702701,19.3220299998172],[-99.1949877801795,19.3218425104417],[-99.1965991403667,19.319227249747],[-99.1987265200709,19.3158058200462],[-99.1999652900242,19.313843570175],[-99.2011417802421,19.3120342899443],[-99.201184649967,19.3119535499094],[-99.2012126300505,19.3118753998363],[-99.2012292898462,19.3117291798587],[-99.2012235503657,19.3116191097443],[-99.2012198188746,19.3115694819356],[-99.2012184270771,19.3115509761837],[-99.2012159403058,19.3115179097217],[-99.201184204894,19.3114578598001],[-99.2011666900801,19.3114559396852],[-99.2011459331038,19.3114539848607],[-99.2011215404089,19.3114516881271],[-99.2006463197897,19.3114069399376],[-99.2004913799948,19.3114061703606],[-99.2004756797639,19.3114060895714],[-99.2004737096727,19.3114039700292],[-99.2002471201601,19.3111600299098],[-99.2005818204594,19.3108061997609],[-99.2006345498672,19.3107510603631],[-99.2006436890504,19.3107415729841],[-99.2007186874631,19.3106637164506],[-99.2007305795331,19.3106513698306],[-99.2007454696133,19.3106369604095],[-99.2007787104293,19.3106047889568],[-99.2017139230115,19.3096997006262],[-99.2017333698459,19.3096808796973],[-99.2017422578406,19.3096721840361],[-99.2017782023006,19.309637017242],[-99.2018422530285,19.3095743540652],[-99.2018716614757,19.3095455816184],[-99.2018952059479,19.3095225464084],[-99.2024082882075,19.3090205694407],[-99.2025359697152,19.3088956498376],[-99.2026544968983,19.3087818853905],[-99.2049925650126,19.306537711639],[-99.2050382434077,19.3064938658805],[-99.2052108830369,19.3063281496485],[-99.2052330795377,19.3063068495415],[-99.2052387397671,19.3063014001759],[-99.2052507401261,19.3063090301069],[-99.2053789504717,19.3063905098024],[-99.2054467401753,19.3064767499637],[-99.2054931195816,19.3065578000507],[-99.2055081701217,19.3067157398],[-99.2055290973691,19.3067195020337],[-99.2055358195801,19.3067207100437],[-99.2055533842958,19.3067233798803],[-99.2055534760395,19.3067229086183],[-99.2055546117841,19.3067170448196],[-99.2056516504258,19.3062160798723],[-99.2057189998396,19.3058684198069],[-99.2057418803236,19.3057451996784],[-99.2057521703797,19.3056818803672],[-99.2084774601264,19.3061624501236],[-99.2093160299464,19.3063168802657],[-99.2100294903849,19.306441080257],[-99.2115271100299,19.306709680128],[-99.2133044795332,19.3070193100561],[-99.2137882301496,19.3071240802863],[-99.2143667404717,19.3072493700437],[-99.2148513501399,19.3074094898439],[-99.2153946503073,19.3076210901985],[-99.215922849646,19.3078811495547],[-99.2164125798084,19.3081755397395],[-99.2165591995828,19.3082770495446],[-99.2168571501647,19.308496650254],[-99.2171979103416,19.3087725403444],[-99.2177954601324,19.3093529097589],[-99.2178544135861,19.3094251752618],[-99.2182317498261,19.3098877199823],[-99.2188740195817,19.3107337799908],[-99.2190051496166,19.3108928295937],[-99.2191927698429,19.3111394202499],[-99.2194208197269,19.31144054029],[-99.219663450452,19.3118059503939],[-99.2198489696186,19.3121237703626],[-99.2199254297748,19.3122636303642],[-99.2201219400515,19.3126738301456],[-99.2203032800843,19.3130837497611],[-99.2204117799906,19.3133934798382],[-99.2205173503424,19.3137165403206],[-99.220656630078,19.3142998603377],[-99.2207325203444,19.3146889103917],[-99.2207548796856,19.314809600242],[-99.2208063696536,19.3150870298255],[-99.2208427402383,19.3152935104485],[-99.2209603196771,19.3159577997646],[-99.2209726002699,19.3160312199824],[-99.2210414901745,19.3163984797284],[-99.221076849877,19.3166060800091],[-99.2211565695328,19.3170538198416],[-99.2211963701034,19.3172670896253],[-99.2212232196742,19.3173984895537],[-99.2212913397131,19.3177316196177],[-99.2213158296901,19.3178401796628],[-99.2213689502505,19.318075660289],[-99.2214243998252,19.3183197397497],[-99.2214526503814,19.3185163504455],[-99.2214779501386,19.3186923800397],[-99.2214855402286,19.3189691797386],[-99.2214671104169,19.3193006502848],[-99.2214083101687,19.3196438602913],[-99.2213101695919,19.3199087196613],[-99.2212322799138,19.3200955996492],[-99.2211464595242,19.3202693099675],[-99.2210334902973,19.3204453803541],[-99.2209009999262,19.3206476002963],[-99.2207172299434,19.3208580297473],[-99.2205999874689,19.3209644110168],[-99.2205713990879,19.320990351162],[-99.2204699696413,19.3210811399816],[-99.220449029093,19.3210967412783],[-99.2203530632007,19.3211682398529],[-99.2200582596574,19.3213878796568],[-99.219310320378,19.3218980803631],[-99.2190579540493,19.3220732271169],[-99.2185634798794,19.3224164000564],[-99.2175614195983,19.3231028897127],[-99.2159405399445,19.3242117701165],[-99.214349519993,19.325321400417],[-99.2136091389211,19.325918029575],[-99.2127833199329,19.3267970296654],[-99.2126876596671,19.3269229411102],[-99.2124666804544,19.3272347214317],[-99.2121102187546,19.3278280806814],[-99.2117968287052,19.3284337099894],[-99.2106594486166,19.3307363402778],[-99.2105048202373,19.3310362797067],[-99.2104543191563,19.3311342002017],[-99.2104262773881,19.3311913487729],[-99.2102773389332,19.3314948598704],[-99.2102365488076,19.3315780003374],[-99.2100224384624,19.3320106235745],[-99.2095869190884,19.332890600179],[-99.2093693696231,19.3332782797453],[-99.2091239404329,19.3336334314066],[-99.2089320503694,19.3339083110984],[-99.2086320487326,19.3343290500237],[-99.2084437386389,19.3345726206236],[-99.208205060405,19.334851460016],[-99.2079719688417,19.3350820901046],[-99.2074569090131,19.3355118602108],[-99.2069205386355,19.3359911509334],[-99.2067852292057,19.3361084006986],[-99.2066587796832,19.3362183806819],[-99.2067712304616,19.3362969696025],[-99.2071060192022,19.3365440199755],[-99.2078405486667,19.3362715710024],[-99.2080968202909,19.3361796211042],[-99.2083371200126,19.3360950501562],[-99.2086740189064,19.3359764898096],[-99.2085889987591,19.3360961708379],[-99.208193779196,19.3367352002225],[-99.2078112288599,19.3373423697702],[-99.2077861375469,19.3373820908452],[-99.2075151203445,19.3378111212407],[-99.2078539694422,19.3378687503752],[-99.208153309094,19.3378867114131],[-99.2083877792164,19.3378513098451],[-99.2088405856245,19.3376366121723],[-99.2088504800732,19.3376319211543],[-99.2094642803175,19.3373408802517],[-99.2097496889924,19.337143680345],[-99.2100203801381,19.3369111699001],[-99.2105058897289,19.3366578897869],[-99.211226659217,19.3362533407418],[-99.2114824198159,19.3361976806297],[-99.2117409097579,19.3362597506621],[-99.2119188936723,19.3362775945475],[-99.2119835699687,19.3362840797123],[-99.2123403987207,19.3361904809793],[-99.2132806888334,19.3365186500419],[-99.2135675700145,19.3365550512546],[-99.2137210292782,19.3365515699455],[-99.2138361194101,19.3365386298923],[-99.214202770001,19.3364988307623],[-99.2142754503508,19.3364909407583],[-99.2144371693828,19.3364734000367],[-99.2146793903091,19.3364259367916],[-99.2147722500604,19.3364077404264],[-99.2148635791533,19.3363877507367],[-99.2151278599359,19.3362524211371],[-99.2153113193482,19.336109800577],[-99.2154181388633,19.3356752302399],[-99.2155600801147,19.3355215710408],[-99.215734429648,19.3353965196477],[-99.2158848494147,19.3353215809516],[-99.2160161803293,19.3352715808664],[-99.2165860186243,19.3352275406069],[-99.2168378303605,19.3350870313246],[-99.2170139490126,19.3348131710983],[-99.2171384195842,19.3346917496704],[-99.2175045698339,19.3346516607744],[-99.2178295389005,19.3346117403987],[-99.2185629091747,19.3343911411403],[-99.2191387791657,19.333978910089],[-99.2200436489355,19.3339393712758],[-99.2213270794211,19.3338221810537],[-99.2218896586339,19.3337026307246],[-99.2224028198336,19.3335370306867],[-99.2232116600817,19.3331550001441],[-99.2233430297267,19.3330929401534],[-99.2242156903981,19.332748980295],[-99.2241151697932,19.3324972896318],[-99.224204859649,19.332358080764],[-99.2261488804807,19.3316346795719],[-99.2262709800869,19.3315628797206],[-99.2266697498927,19.3316044000802],[-99.2271570789948,19.3316037996129],[-99.228163130267,19.331121831857],[-99.2288751699178,19.3307807105767],[-99.2291149398348,19.3306240603317],[-99.2292898588575,19.3305150196565],[-99.2296829095894,19.3303652001501],[-99.2300971990731,19.330316109567],[-99.2305730796866,19.3301088610183],[-99.2312014585961,19.3298351804131],[-99.2315269101759,19.3292884595733],[-99.2317629228932,19.3291132409777],[-99.2318775090854,19.3290281702207],[-99.2321317401446,19.3284948500229],[-99.2334885393191,19.3272275108965],[-99.2340835089804,19.3268079809625],[-99.2342748839124,19.3267178426131],[-99.2360136791696,19.3258988508196],[-99.2360556209943,19.3258471559508],[-99.2363715697256,19.3254577411945],[-99.2364536193177,19.325171880932],[-99.2368887691297,19.3248941797633],[-99.2373129202935,19.3247002796328],[-99.2373974704445,19.3246851144404],[-99.2381361772538,19.3245526060758],[-99.2381457401817,19.3245508908639],[-99.2382268791251,19.3245417407432],[-99.2386711789087,19.3245411495695],[-99.238806693857,19.3244782159319],[-99.2388317499319,19.3244665806566],[-99.239014684532,19.3245522777489],[-99.2392609685925,19.324667649979],[-99.2393172891464,19.3246757810449],[-99.23957097176,19.3245785760327],[-99.2397613700595,19.3245056203593],[-99.2400562185287,19.3244356810089],[-99.2401019488127,19.3244248300844],[-99.2401911020265,19.3244089419494],[-99.2402595704489,19.3243967395717],[-99.2403237403898,19.3244219997],[-99.2403799391024,19.3244546898022],[-99.2404697992013,19.324547160082],[-99.2405735189117,19.3246538912926],[-99.2408618256936,19.3249505515607],[-99.2409011763743,19.3249910430468],[-99.2409012043911,19.3249910734587],[-99.2410755700803,19.3251704901136],[-99.2411011187867,19.3253098795472],[-99.2421711398885,19.3270620505982],[-99.2424962603207,19.3275944303947],[-99.2427301492508,19.3279528806727],[-99.2427720790414,19.3279992303959],[-99.2430555100494,19.3282211807844],[-99.2435361200922,19.3284645512223],[-99.2436115496656,19.3284736799367],[-99.2437254204783,19.328462289848],[-99.2438312896419,19.3284517195518],[-99.2442294492795,19.3285596897476],[-99.2446250303757,19.328453770136],[-99.2450281086333,19.3284341807192],[-99.2452936500442,19.3281752508407],[-99.2453868503443,19.32813948983],[-99.2455231091757,19.3281100001654],[-99.2458796992032,19.328122259979],[-99.2458855087673,19.3281224601296],[-99.2463862899115,19.3280791398064],[-99.2471962903973,19.3279410497171],[-99.2480269401817,19.3278693703936],[-99.2483502786146,19.3277955798865],[-99.2486274801701,19.3276761704393],[-99.2486878000617,19.3275706600773],[-99.2493526597596,19.3272131498584],[-99.2496611070399,19.3271195334364],[-99.2499586290931,19.327029231242],[-99.2503845798312,19.3270286601291],[-99.2507063203527,19.3270281999709],[-99.2511082297875,19.3270303496284],[-99.2513810000684,19.3270792501561],[-99.2522522596114,19.3270878603423],[-99.2525960198723,19.3270642497931],[-99.2531013196175,19.3269860198631],[-99.2533526502705,19.32686511038],[-99.2536344901256,19.3268725197927],[-99.2538765098622,19.326940800184],[-99.2539895395423,19.3269516899859],[-99.2541544597595,19.3269231195647],[-99.2546896495497,19.3267602600437],[-99.2549006204722,19.3266730496485],[-99.255175719909,19.3265593102889],[-99.2553324904542,19.3263873404041],[-99.2556087097466,19.3260000301744],[-99.2558193704475,19.3257226296303],[-99.2559152499773,19.3257255103076],[-99.2560792001528,19.3254839158688],[-99.2561129995355,19.3254341099652],[-99.2562586196581,19.3252208503876],[-99.2563288903861,19.3249524200051],[-99.256358569962,19.3247618798616],[-99.2564316496666,19.3245390303651],[-99.2565317401866,19.324343049726],[-99.256920829789,19.3237439396659],[-99.2571112495486,19.3234731699325],[-99.2573430336482,19.3231204238797],[-99.2573430494061,19.3231203997021],[-99.2575294204219,19.3228616303527],[-99.2576200200293,19.3227625499768],[-99.2577988199024,19.3225899998083],[-99.2579437202784,19.3224977201323],[-99.2580750902429,19.3223855096147],[-99.2584216802793,19.3222750896403],[-99.2585771401152,19.3221282295898],[-99.2587350604569,19.3220529703155],[-99.2590425103139,19.3218152310291],[-99.2592112294434,19.3216021495884],[-99.259621580319,19.3213111995755],[-99.2597514795463,19.3211803696501],[-99.2598954195626,19.3210354196798],[-99.2603745098039,19.3205661200054],[-99.2604513387196,19.3204452596046],[-99.2605738799096,19.3201489397341],[-99.2608172603036,19.3198853807577],[-99.2610384900423,19.3195574502446],[-99.2613957802385,19.3187145100763],[-99.2616035402373,19.3182819100432],[-99.2616940796167,19.3178219195837],[-99.2617688497295,19.3176894503652],[-99.2622362502802,19.3173122803165],[-99.262440479621,19.3171661798278],[-99.2627717249138,19.316779990862],[-99.2627718197128,19.3167798802289],[-99.2631705502997,19.3163060303546],[-99.263620998729,19.3159775998294],[-99.2638120001151,19.3158393202164],[-99.2641453195392,19.3155798003521],[-99.2643613799012,19.3154128198872],[-99.2645145496506,19.3153105395666],[-99.2646519400169,19.3150228003507],[-99.2649740301119,19.3147915700991],[-99.2651373395883,19.3145568909253],[-99.2652897800248,19.3143442204193],[-99.2654339698856,19.3141902603778],[-99.2655108000836,19.3140622796043],[-99.2655926895671,19.3138921801201],[-99.2656804600866,19.3137464801719],[-99.2657239403349,19.3136743100983],[-99.2659006566343,19.3134374530759],[-99.2660534599256,19.3134502497935],[-99.2667801400539,19.3135222897996],[-99.2672147797101,19.3137298298514],[-99.2673963695488,19.3137923202006],[-99.2675230895318,19.3138012802841],[-99.2676942901808,19.3140290800841],[-99.2676881497879,19.3140732595835],[-99.2676278301186,19.3141515504441],[-99.2676472460363,19.3142024095811],[-99.2677998804071,19.3141951396475],[-99.26794300892,19.3141399051527],[-99.2679432773615,19.3141397967515],[-99.2680817990119,19.3140827101899],[-99.2684381703446,19.3140100007027],[-99.2689851189037,19.3137295698793],[-99.269440578662,19.3136250205942],[-99.2695339204693,19.3135582502907],[-99.2695663688856,19.3135030802317],[-99.2695881138412,19.3134661059164],[-99.269619138554,19.3134133510206],[-99.2696692187696,19.3132159795561],[-99.2697212111356,19.3131221717449],[-99.2697213676082,19.313121888261],[-99.2697218428227,19.3131210342899],[-99.2698300198142,19.3129258509748],[-99.2699807992114,19.3127313995817],[-99.2701383097139,19.3124179802436],[-99.2702721985868,19.3122041800589],[-99.2705049679411,19.3119756493891],[-99.2705446596896,19.3119366798314],[-99.2705102895378,19.311544650613],[-99.270339599723,19.3118007506636],[-99.2700553087913,19.3115238503358],[-99.2702095101105,19.3112673512167],[-99.2702365388026,19.3111525503452],[-99.270364400165,19.3107781711419],[-99.2704980887613,19.3104520211713],[-99.2705577113567,19.3103255070293],[-99.2706325080649,19.3101667943111],[-99.2707334886238,19.3099525210799],[-99.2709095185925,19.3095907800968],[-99.2710536292415,19.309294650948],[-99.2711454788264,19.3090494596593],[-99.2708390500475,19.3088629113015],[-99.2710577091641,19.3086057502595],[-99.271335630357,19.3082788901472],[-99.2713416591304,19.3082569214328],[-99.2712079802152,19.3072514585697],[-99.2712036488227,19.3072188795717],[-99.2711006002372,19.3070223513124],[-99.2709189993192,19.3068184809058],[-99.2708860302003,19.3067891400253],[-99.2708388593856,19.3067622606621],[-99.2708157493613,19.3067522897495],[-99.2707732800501,19.3067339514335],[-99.2705739686518,19.3066304004443],[-99.2704459486065,19.3065142506255],[-99.2703196495331,19.306323030705],[-99.2701843393096,19.3060409510316],[-99.2701168593834,19.3059320209172],[-99.270007690101,19.3057688299496],[-99.2699624004684,19.3057483411394],[-99.2698743788562,19.3057357706896],[-99.2697876597551,19.3057254906541],[-99.2694297400482,19.3056051108089],[-99.2693336292052,19.3055665498142],[-99.2691736799026,19.3055023804447],[-99.2687004792915,19.3053313397327],[-99.2685577195815,19.3052407106054],[-99.2684302502633,19.3051156201808],[-99.2690452797981,19.3047416010931],[-99.269311399909,19.3046354803704],[-99.2693645399852,19.3046142901712],[-99.2693808190345,19.3046070208363],[-99.2697583188987,19.3044383103038],[-99.2699023096286,19.3043739801059],[-99.2704217396709,19.3041255810743],[-99.2706195698928,19.3039698903007],[-99.2708136004096,19.3037302801248],[-99.2709840190964,19.3035198199618],[-99.2713635977202,19.3031318985925],[-99.2714130303669,19.3030813801612],[-99.2715000601278,19.3030126508747],[-99.2720621393965,19.3025688196206],[-99.2722170002761,19.3024581803307],[-99.2721404001852,19.3024137101527],[-99.2719949503984,19.3023898002499],[-99.2716508077516,19.3023332362649],[-99.2715040797212,19.3023091197782],[-99.2712821195255,19.3020682601942],[-99.2711558000994,19.3019943800028],[-99.2709294899186,19.3018620501376],[-99.2708753627829,19.3018268129397],[-99.2705786328753,19.3016336380211],[-99.2704859197326,19.3015732801892],[-99.2703803402188,19.3014114897288],[-99.2697587698209,19.3011843703673],[-99.2697366499014,19.3011762800494],[-99.2700825200079,19.3005414897063],[-99.2703330002542,19.3000595795791],[-99.2705534296646,19.2996798002207],[-99.2714725996226,19.2991749995593],[-99.2716638201019,19.2983417404272],[-99.27148617997,19.2979967103915],[-99.2715415398333,19.2977419802334],[-99.2717169704502,19.2968275999337],[-99.2718540499409,19.2961126804067],[-99.27210742974,19.2955056603625],[-99.2723267700695,19.295334580031],[-99.2723680501549,19.2950136596231],[-99.2724980901243,19.2946579995555],[-99.2724612496454,19.2942110801781],[-99.2731633199498,19.2931493403437],[-99.2747344003058,19.2913286498848],[-99.2761689503033,19.2890979096798],[-99.2749803201131,19.2874631198142],[-99.2735886301197,19.285556800142],[-99.2734479555969,19.2853641045606],[-99.2733202904275,19.2851892296498],[-99.2765628600237,19.2833655699746],[-99.2778881497855,19.2825932601607],[-99.2778884642751,19.2824678457086],[-99.2778888195752,19.2823258799649],[-99.277901340343,19.281933940321],[-99.277929429533,19.2817027099756],[-99.2780028801688,19.2815525097357],[-99.2781357199404,19.2814836204085],[-99.2782239995788,19.2814140302539],[-99.2783149201195,19.2813984799262],[-99.2784655400071,19.2814691202917],[-99.2786570896292,19.2816217198015],[-99.2790202897299,19.2817156804262],[-99.2792001696523,19.2816703796416],[-99.2794504296343,19.2813940899713],[-99.2796378501601,19.2811547995643],[-99.2800547399387,19.2809305496524],[-99.2802167403511,19.2808210796334],[-99.2804596799936,19.2807580797471],[-99.2808083798808,19.2807575401297],[-99.2811398197713,19.2806197999097],[-99.281307720064,19.2802185801778],[-99.2815090595586,19.2794906799442],[-99.2820543102347,19.2792248900596],[-99.2823014900743,19.2790329998348],[-99.2830425203659,19.2777686899818],[-99.283475180115,19.2772750500292],[-99.2839654302845,19.2769613396967],[-99.2839177202342,19.2766922903885],[-99.2837494295865,19.2762263496981],[-99.2833100004341,19.2759972497572],[-99.2831784501081,19.2757362596587],[-99.2832112602073,19.2754597502771],[-99.2833311196884,19.275097020084],[-99.2837367099143,19.2747569401659],[-99.2840493402324,19.2745919498449],[-99.2842767797188,19.2742514496321],[-99.2845031799596,19.2739101395992],[-99.2847172601514,19.2735567201273],[-99.284942459798,19.2732749400519],[-99.285246950422,19.2731077201784],[-99.2854160296088,19.2721984495643],[-99.2854379198262,19.2718259797818],[-99.2856482202002,19.2714253099452],[-99.2861895996353,19.2706806803093],[-99.2868067201582,19.2704142603368],[-99.2875284004153,19.2701714801983],[-99.2879251800887,19.2701561696687],[-99.2882639396473,19.2701713098081],[-99.2890128804846,19.270294249605],[-99.289329489807,19.2703509702958],[-99.2896308299318,19.2702861204351],[-99.2899561797147,19.2700782904332],[-99.2901476602034,19.2698938297157],[-99.2905147098934,19.2695689801193],[-99.2909210803953,19.2692020302086],[-99.2912549497127,19.2690241399571],[-99.2916375804276,19.268773120421],[-99.2922368596796,19.2685482599792],[-99.2925787999713,19.2683083998755],[-99.2926227998322,19.2681278299122],[-99.2927427704752,19.2676382296992],[-99.2935198295881,19.2668817797053],[-99.2937835104667,19.2663655402934],[-99.2940154504246,19.2660227100328],[-99.294056229551,19.2655646303484],[-99.2939870602804,19.2652787796031],[-99.2941882003579,19.2648911097168],[-99.294236719815,19.2645954497404],[-99.2945127497446,19.2643038599795],[-99.2947938598489,19.2640456797843],[-99.2951042803148,19.2638020200388],[-99.2957623401754,19.2635130202599],[-99.2962374895303,19.263304720396],[-99.2968087399935,19.2631121498506],[-99.2969655197709,19.2627119198666],[-99.2972889198859,19.2622876600875],[-99.2977558904047,19.261882200115],[-99.2979835403717,19.2614537497041],[-99.2983908299977,19.2613214200794],[-99.2989492498029,19.2612201196565],[-99.2997749402735,19.260886050058],[-99.3002341204475,19.2609375797801],[-99.300566630262,19.2610965802228],[-99.3008764904206,19.2610444601386],[-99.3010097798431,19.2608794496106],[-99.3014775496355,19.2605028899914],[-99.3017142497987,19.2600390201533],[-99.3019112302897,19.259512570363],[-99.3021616602,19.2593555801411],[-99.3023703497821,19.2589282001946],[-99.3030255104082,19.2586675103268],[-99.3035056799384,19.2586671501824],[-99.3038886797596,19.2583836195597],[-99.3052999702396,19.2579427197153],[-99.3062356899729,19.2577449202772],[-99.3068962000278,19.2577764003553],[-99.3075499500646,19.2579059100059],[-99.3081865400954,19.2580070596865],[-99.3087740498663,19.2580976296863],[-99.3092415496447,19.257831740276],[-99.3097357799119,19.257591080104],[-99.3102031704726,19.257274649993],[-99.3107661496132,19.2571829199216],[-99.3112093095168,19.2570755803374],[-99.31226662955,19.257084619831],[-99.3125375803798,19.2569474498915],[-99.3128003498639,19.256702400274],[-99.3135388596539,19.2566470597442],[-99.3137620803529,19.2566574499862],[-99.3139743501817,19.2567721497598],[-99.3140739097353,19.2568109203745],[-99.3142007397933,19.2568241098496],[-99.3143926497582,19.2568134795988],[-99.3145948597561,19.256736119733],[-99.314772050111,19.2565132299902],[-99.3150332502363,19.2564824897363],[-99.3152535200563,19.2564169099908],[-99.3153628800206,19.2563589198059],[-99.3154645703454,19.2561379702833],[-99.3154797499881,19.2560594003624],[-99.3154704300782,19.2559925097129],[-99.3154365703864,19.2559140300861],[-99.3152601097565,19.2557718002851],[-99.3151601700495,19.2556415699311],[-99.3150509101048,19.2555194898358],[-99.3149657096813,19.2554355400908],[-99.3148704595739,19.2553453496431],[-99.3147814303734,19.2552178000426],[-99.3147695696523,19.2549786600503],[-99.3148856296147,19.254836599944],[-99.3150456200375,19.254563889797],[-99.3151921498846,19.2543590204086],[-99.3152601703436,19.2539559997958],[-99.3155061198201,19.2533065997962],[-99.315597199822,19.2531765997111],[-99.3157329104418,19.2530086296549],[-99.3158744797341,19.2529161196595],[-99.3159350599108,19.2528040004021],[-99.3159480803513,19.2526262896929],[-99.3158559404289,19.2524496504511],[-99.3158774598228,19.2523431198815],[-99.3159662200894,19.2521751097137],[-99.3160574000416,19.2520808803794],[-99.31608199968,19.2520149499729],[-99.3160601503863,19.2519408301011],[-99.3159730498642,19.2518286895728],[-99.3159086799653,19.251649480134],[-99.3159365398026,19.251525430168],[-99.3159601499076,19.2512869997915],[-99.3159318798911,19.2510638497949],[-99.3159173401126,19.2509817704195],[-99.3159168201892,19.2509157496339],[-99.3159565098508,19.2508605996791],[-99.3159964000793,19.2508417396041],[-99.3160256602708,19.2508359803849],[-99.3160508002736,19.2508364299878],[-99.3160759396832,19.2508381198629],[-99.316111709943,19.2508375099737],[-99.3161407198022,19.2508430501981],[-99.3161787701755,19.2508511401816],[-99.3163253398454,19.2510327997035],[-99.3163889695812,19.2510491103425],[-99.3164425795373,19.2510323503464],[-99.3164838296875,19.2509673201824],[-99.3165886298186,19.2507870798136],[-99.3166294803995,19.2507378201727],[-99.3166948199204,19.2507772499681],[-99.31677031021,19.2507790001224],[-99.3168175398163,19.2507249796213],[-99.3170740604219,19.250307879556],[-99.3170069197553,19.2496321795515],[-99.3169958296226,19.2491467403446],[-99.3171355496377,19.2485542600515],[-99.3172887699534,19.2480527200205],[-99.3175230503037,19.2476103201529],[-99.3177652503438,19.2473625803139],[-99.317812769856,19.2472698298808],[-99.3178479796258,19.2471234000262],[-99.3178407102997,19.2470293700989],[-99.3177140297134,19.2464038301305],[-99.317580449569,19.2461642300931],[-99.3175641198543,19.2460831197529],[-99.317584769928,19.2460129102693],[-99.3176978501328,19.2459491101145],[-99.317722380051,19.2459226601867],[-99.3177945797519,19.2456700597156],[-99.3175065996291,19.2452983998905],[-99.3175209397841,19.2450047702811],[-99.3176019102067,19.2445971798506],[-99.3176365398646,19.2444920498712],[-99.3177060299035,19.2443711999878],[-99.3182773996396,19.2437285798892],[-99.3183908601167,19.2434783996043],[-99.3185932802263,19.2432822604509],[-99.3187220798046,19.2432098495585],[-99.3187905699637,19.2431924300132],[-99.3188759396844,19.243235379738],[-99.3191079198048,19.24337274032],[-99.3192601796371,19.2434435701937],[-99.3193888902146,19.2434344601201],[-99.3195343498374,19.2433973202676],[-99.3198144000519,19.2432810900626],[-99.3200587699639,19.2431433796328],[-99.3201908897984,19.2430175496721],[-99.3203517703183,19.242864260019],[-99.3205340296953,19.2426062597193],[-99.3207886904439,19.2422882198462],[-99.3212581801503,19.241818420006],[-99.3221246803029,19.2409191198827],[-99.3226691496228,19.2403065404051],[-99.3228912903073,19.2398174498934],[-99.3231643403893,19.2392312200431],[-99.3231640200445,19.2390687201275],[-99.3233144896602,19.238554919868],[-99.3233014900924,19.2384532800642],[-99.3232770900809,19.2383878199378],[-99.323239220059,19.2383107203188],[-99.3231941097146,19.2382530303899],[-99.3231192302203,19.2382011399033],[-99.322937679566,19.2381126504224],[-99.3228712904249,19.238019110008],[-99.322856019977,19.2379142300851],[-99.3228544496715,19.2377627401918],[-99.3228160902321,19.2376789702738],[-99.3227610600864,19.2376155797724],[-99.3227298295424,19.2375114297359],[-99.3228514496448,19.2367144900547],[-99.3229352500669,19.2364364298604],[-99.322995380008,19.2359084602981],[-99.3227366195922,19.2356534599786],[-99.3227663799535,19.2353055796777],[-99.3227213502862,19.2346751697784],[-99.322632449823,19.2340810896096],[-99.3225539200376,19.2339443698398],[-99.3225512300867,19.2338278798184],[-99.3225482904351,19.2337261797318],[-99.3222548497588,19.2326478295977],[-99.3243202903122,19.2326098001882],[-99.3243559399859,19.2343070002536],[-99.3242282600832,19.2383378799792],[-99.3235196599614,19.250742880133],[-99.3235202596929,19.2513913103413],[-99.3236779499677,19.2642744299169],[-99.3236431692346,19.2650866604548],[-99.3187845700438,19.2732249403656],[-99.317789739734,19.274335849779],[-99.3173835795309,19.2748707098863],[-99.3171890000151,19.2756736601513],[-99.3171187696956,19.2761713095824],[-99.3171552797842,19.2770462499476],[-99.316848569984,19.2776605104028],[-99.3169211403636,19.2782465397247],[-99.316701598825,19.2793050903545],[-99.3162714901979,19.2797680202852],[-99.3161313095617,19.2807846496571],[-99.3157292902116,19.282199320228],[-99.3157319501199,19.2828919199738],[-99.3158173497421,19.2837100497165],[-99.3162495996723,19.2843962901994],[-99.3166738601138,19.2861363801649],[-99.3165800598489,19.2871821103007],[-99.3161981498141,19.2876992502399],[-99.3160403097626,19.2886988202088],[-99.3157350602423,19.2899030599511],[-99.3161423496836,19.2903100297643],[-99.3165575203981,19.2908777402042],[-99.3166810502951,19.2917144601079],[-99.3169601702266,19.2923238600295],[-99.3170447502456,19.2926064901033],[-99.3171068597208,19.2931139397645],[-99.3171226897353,19.2934039396723],[-99.317069679794,19.2936433103238],[-99.3170244593417,19.2939696800872],[-99.3171090491192,19.2942523099116],[-99.3169547500736,19.2946472600284],[-99.3171541100185,19.2950864898133],[-99.317160169626,19.2958164903135],[-99.3169526297914,19.2964752604339],[-99.3167718000812,19.2970163999254],[-99.3164640285901,19.297418690216],[-99.3163592001606,19.2977493096607],[-99.3162336899847,19.2981134299821],[-99.3162333195963,19.2983408297594],[-99.3161102902851,19.2986362202478],[-99.3160127503005,19.2988105395857],[-99.315936629653,19.2989848300238],[-99.3158933499434,19.2991735102042],[-99.3159470295349,19.2993760797143],[-99.3161493097805,19.2995947798284],[-99.3162887801106,19.2997310201247],[-99.316399969886,19.2998755698879],[-99.316437029018,19.299952950241],[-99.316437120288,19.2999972196859],[-99.3164080798268,19.3000544297257],[-99.3161051800495,19.300258260334],[-99.3157747488656,19.3005327699817],[-99.3154355096339,19.3008810303024],[-99.3151431501246,19.3012860800216],[-99.314797649573,19.3014284903149],[-99.314690690185,19.3014527196208],[-99.3144102001537,19.3013789101344],[-99.3141412796308,19.3013793696025],[-99.3139888795326,19.3014405801079],[-99.3139169101339,19.3015892597013],[-99.313872149861,19.3019433998828],[-99.3139153793226,19.3025229201596],[-99.3138846494603,19.3030684601996],[-99.3136043691453,19.3035925495979],[-99.3132648601346,19.3039325803371],[-99.313095119091,19.3040886799017],[-99.3128767201125,19.3041783700274],[-99.3122804195377,19.3041684804071],[-99.3120950891009,19.304168820099],[-99.3119727203711,19.3043393502549],[-99.312027260091,19.3045531698911],[-99.3121401992495,19.3049268599638],[-99.3122808602887,19.3052296303874],[-99.3122288195989,19.3055509196322],[-99.3120544304019,19.305961680245],[-99.3119310303221,19.3063961696496],[-99.3117872603213,19.3065644201967],[-99.3115718596202,19.3068051400802],[-99.3114119498408,19.3068979398208],[-99.3113319404324,19.3069035799994],[-99.3112039800893,19.3068762202359],[-99.3109724595581,19.3067953397975],[-99.3108836500764,19.3067446195997],[-99.3108059995472,19.3067342301591],[-99.3107487496379,19.3067606303355],[-99.3106860197868,19.3068098502949],[-99.3106333702751,19.3068904202131],[-99.3104656598912,19.3073759400959],[-99.3104169999218,19.3074560301649],[-99.3103697402257,19.3074996299073],[-99.3103289798853,19.3075338301345],[-99.3102766296146,19.3075615496294],[-99.3102149400597,19.307580450102],[-99.3101538299828,19.3075785201182],[-99.3101090804269,19.3075503199804],[-99.3095068799903,19.3069578799737],[-99.3094218598287,19.3067790298708],[-99.3093558599059,19.3064832797426],[-99.3093322202658,19.306187449839],[-99.3093585501262,19.3058696200251],[-99.3094441401821,19.3056006295507],[-99.3094415197774,19.3055180001532],[-99.3094193502239,19.3054566904375],[-99.3093706000014,19.3053725797065],[-99.3092934895937,19.3052684603607],[-99.309207659643,19.3051997503732],[-99.3091239790048,19.3051415098525],[-99.3090404196123,19.3051040804312],[-99.3089612504183,19.3050854597147],[-99.3088887086335,19.3050855797515],[-99.3087919799224,19.3050961503167],[-99.3086275102247,19.3051567203363],[-99.3083679101538,19.3053069199948],[-99.3081633495394,19.3054378003667],[-99.3079793495208,19.3055651201727],[-99.3078466198221,19.305747349944],[-99.3077502598538,19.3059387999656],[-99.3075587099669,19.3064961996487],[-99.3073913702218,19.3068885201174],[-99.30739382009,19.3078234304136],[-99.3073590199004,19.3078711699946],[-99.3073111798365,19.3079171803237],[-99.3072542601489,19.3079531203012],[-99.3071814499187,19.3079657698454],[-99.3071055804158,19.3079807703525],[-99.3070200904488,19.3079683201949],[-99.3069622603261,19.3079375800091],[-99.3064232295565,19.307285999978],[-99.3063728503223,19.3072393799957],[-99.3063077103417,19.3072052800856],[-99.3062434895739,19.3071878595397],[-99.3061889499565,19.3071771097544],[-99.3061335190266,19.3071693502962],[-99.3060857190417,19.3071715103496],[-99.3060297999808,19.3071857199813],[-99.3059647804417,19.3072092000658],[-99.3059077092574,19.3072471500285],[-99.3058492295567,19.3073203497444],[-99.3057876202324,19.3073992596663],[-99.3057602801825,19.3074521196908],[-99.3056050595866,19.3077944302989],[-99.305396768704,19.3082442301483],[-99.3050681803102,19.3089796799788],[-99.3050286801389,19.3090635198874],[-99.3049574802335,19.3091374800622],[-99.3049138785965,19.3091702501376],[-99.3048628797397,19.3091980200403],[-99.3048223997301,19.3092029695622],[-99.3047157103975,19.3092051502332],[-99.3045152600764,19.3093109199175],[-99.3044620904364,19.3093731802655],[-99.3043853200667,19.3093957397083],[-99.3042908503308,19.3094211199522],[-99.3039569501049,19.3100173796289],[-99.303661549623,19.3106207102955],[-99.3034524003401,19.3110171802863],[-99.3034187700361,19.3110630799494],[-99.3033628491934,19.3111060003297],[-99.3033017797688,19.3111440502882],[-99.3032594802037,19.3111523700347],[-99.3032121996941,19.311151260417],[-99.3031573798954,19.3111383499335],[-99.3031212304591,19.311123089986],[-99.3030987803426,19.3111053800518],[-99.3030588802633,19.3110747101503],[-99.3030247200757,19.3110417498616],[-99.302767088776,19.3107828597875],[-99.3025690287643,19.3105771398383],[-99.3020206896272,19.3098829202656],[-99.3017121102474,19.3095118301424],[-99.3016142203678,19.309482280329],[-99.3014821102143,19.3094460504019],[-99.3014552896828,19.3094381199247],[-99.3013950900381,19.3094382204315],[-99.301329600455,19.3094582599355],[-99.3012900200818,19.3095094799421],[-99.3012652489525,19.3095756198042],[-99.3012580904042,19.309674180029],[-99.3012554595844,19.3110042502562],[-99.3012662296498,19.3113563100495],[-99.3011728500237,19.3119012800813],[-99.3011144298334,19.3121079700636],[-99.3010900900917,19.3122072501307],[-99.3010297702317,19.3122693400881],[-99.3009755787304,19.3122959699451],[-99.3009151802864,19.3123193204247],[-99.3005380301877,19.3124268901733],[-99.3004901796655,19.3124531103988],[-99.3004717485969,19.3124935802982],[-99.3003208296726,19.3128692202593],[-99.3001406301302,19.3133431495702],[-99.3000759802921,19.3135469203402],[-99.300046879838,19.313752569676],[-99.3000368497449,19.313972820239],[-99.3001027689896,19.3143566501654],[-99.3002309095388,19.3145848602976],[-99.3004380596551,19.3150830500924],[-99.3006274902732,19.315598249603],[-99.300734428614,19.3160744600044],[-99.3011379989444,19.3169073503332],[-99.3011345696758,19.3170517399851],[-99.3011548200999,19.3171752496572],[-99.3011903987809,19.3174650002224],[-99.3012588192258,19.3177126498817],[-99.3013222302455,19.3178080204117],[-99.3013766301671,19.3178669398086],[-99.3017589698237,19.3181949403806],[-99.301789369775,19.3182507997578],[-99.3018054298757,19.3183046497718],[-99.3017949801118,19.3184124302109],[-99.3017756197813,19.3184915796773],[-99.3017437692121,19.3185438200469],[-99.3016904603756,19.3185948000373],[-99.3016106499074,19.3186101100406],[-99.3015077703819,19.3186152895552],[-99.3013435987439,19.3186192897223],[-99.3012495198453,19.3187162201447],[-99.3011891100139,19.3188653699593],[-99.3011732302921,19.3189738199406],[-99.3011377197441,19.3190721102512],[-99.3011030604543,19.3192385700686],[-99.3011098202055,19.3194479504103],[-99.3010543797708,19.3196603401884],[-99.3009882898284,19.3197896502051],[-99.3008472898628,19.3199158503394],[-99.3007977989034,19.3200331998084],[-99.3007312295568,19.3201349698188],[-99.3006684297812,19.3202130196029],[-99.3005972204766,19.3204491997086],[-99.3005942193696,19.3206099401259],[-99.300629090471,19.3209186602965],[-99.3005871495727,19.3211412599553],[-99.3005595396887,19.3213203097531],[-99.3004999203139,19.3214794604548],[-99.3005002204372,19.3216390903405],[-99.3005480192809,19.3217813102374],[-99.3005623404801,19.321910819712],[-99.3005716496092,19.3220301497845],[-99.3005714793784,19.322129850176],[-99.300562848765,19.3221894803167],[-99.3005294490257,19.3222540797019],[-99.3004663104405,19.3223041100747],[-99.3004092603791,19.3223276501079],[-99.3003452900126,19.3223391499742],[-99.3002160595834,19.3223247199939],[-99.3001678200611,19.3223009798624],[-99.3001058202508,19.3222548895959],[-99.3000428200185,19.3221755100933],[-99.2998082002688,19.3218973201119],[-99.2997418600756,19.3217438804197],[-99.2996149198452,19.3215071101017],[-99.2993151700227,19.3212842804331],[-99.2990784599195,19.3211874201826],[-99.2989954295364,19.3210603796916],[-99.2988488798185,19.3206773497101],[-99.2988119687501,19.3204716012187],[-99.2986918293293,19.3199395100601],[-99.298570688927,19.3196874301138],[-99.2984042502195,19.3194402300014],[-99.2982768802438,19.3193092595559],[-99.2981591086873,19.3191854608794],[-99.2979725703852,19.3190968300561],[-99.2977093986258,19.3189874312649],[-99.2975355788248,19.3189468906617],[-99.297336219628,19.318912891267],[-99.2970984799585,19.3188505701886],[-99.296883799934,19.318758279589],[-99.2967396897308,19.3186340610658],[-99.2964284185642,19.3182291107127],[-99.2964014301717,19.318111480376],[-99.2963942499959,19.3179990900291],[-99.2964438900982,19.3177878795936],[-99.2965434795298,19.3174691503292],[-99.2965543703423,19.3173806499321],[-99.2965186287989,19.3172957799612],[-99.2964613501117,19.3172294012137],[-99.2963453703515,19.3171733699119],[-99.2961248192405,19.3171983795532],[-99.2959151793539,19.3173077202562],[-99.2956717803459,19.3174813713538],[-99.2955746502247,19.317550320804],[-99.2954675491214,19.3175637100844],[-99.2953592200948,19.3175359098773],[-99.295267570147,19.3174496797092],[-99.2951658286839,19.3173028296262],[-99.2949934202336,19.3170167511981],[-99.2949212203696,19.316945539972],[-99.2948462898458,19.3169187706102],[-99.2947726790277,19.3169156909358],[-99.2947403792591,19.3169143414119],[-99.2945757686031,19.3170056906214],[-99.2945354023831,19.3170924216378],[-99.294518510093,19.3171287199833],[-99.2943765099811,19.317415911406],[-99.2942722602414,19.3176402211886],[-99.294184939259,19.3178353213326],[-99.2939897689573,19.3182767409479],[-99.2938926493455,19.3185012300915],[-99.2938071400623,19.318707400242],[-99.2937595403669,19.3188314905596],[-99.2937175790714,19.3189684500229],[-99.293616879738,19.3195647110218],[-99.2935637797357,19.3198800001869],[-99.2934383396301,19.3201682295858],[-99.293322489819,19.3203399507196],[-99.2931434796869,19.3205310503953],[-99.2929870898552,19.3206589102466],[-99.2928059494559,19.3207921813209],[-99.2925931185162,19.3209037214356],[-99.2923898486203,19.3209781103512],[-99.292159889702,19.3210332497879],[-99.2919787096359,19.3210636600077],[-99.2917587503055,19.3211030804322],[-99.2914249803662,19.3211668496569],[-99.2910165104722,19.3212539395888],[-99.2907537197574,19.3213282202391],[-99.2907030503969,19.3213495098583],[-99.290572479941,19.3214548202378],[-99.2904842286671,19.3215692905863],[-99.290451379579,19.321662141294],[-99.2904285997542,19.3217616908058],[-99.2904227386191,19.3218953397774],[-99.2904368302847,19.3220105803962],[-99.2904956598058,19.3221347997759],[-99.2905637699039,19.3222245995466],[-99.2906705401482,19.3223155203662],[-99.2907895587568,19.3223839368439],[-99.2908412502148,19.3224136512255],[-99.2911632801887,19.3225246796472],[-99.2912206190004,19.3225625509419],[-99.2913021794434,19.3226164208322],[-99.2913653498045,19.3226701702227],[-99.291425419194,19.3227403796277],[-99.2914821489471,19.3228436510248],[-99.2914972292766,19.3228895804557],[-99.2915140593578,19.3229408199615],[-99.2915313999231,19.3229936496945],[-99.2915838601721,19.3233009797047],[-99.2916144588391,19.3234608299105],[-99.2916461901239,19.3236431018684],[-99.291669570279,19.3237773995628],[-99.2917412492821,19.3242079406732],[-99.2917538587412,19.3243604302088],[-99.2917618500756,19.3244705402478],[-99.2917523098895,19.324662910747],[-99.2917117190279,19.3248663711],[-99.2916540600075,19.3250349501758],[-99.2916057664058,19.3251341261613],[-99.2915813687858,19.3251842306412],[-99.2914870003598,19.3253521207246],[-99.29137027959,19.3255280309263],[-99.2913384491634,19.3255759997181],[-99.2909298299199,19.3263486812658],[-99.2908088201764,19.3265775407752],[-99.2907824493795,19.3266488805675],[-99.2907764802817,19.3267915110769],[-99.2907747391956,19.3269576500493],[-99.2907989501949,19.3270596811602],[-99.2911207595686,19.3278328503778],[-99.2912670491383,19.3281843211184],[-99.2913595194655,19.328447340833],[-99.2913894196929,19.328675630896],[-99.2913665801915,19.328840420614],[-99.2913222800513,19.3289909410063],[-99.2912643392767,19.3291572596178],[-99.2911767090605,19.3293536908164],[-99.2908644896336,19.3297998908173],[-99.2908254586893,19.3298539408037],[-99.2903178302852,19.3305567799083],[-99.2901477191699,19.3307929501738],[-99.2897366285971,19.331705031314],[-99.2894562888942,19.3320996212349],[-99.2894392153883,19.3321194531731],[-99.2894221437857,19.3321392851441],[-99.2888664492638,19.3327847800894],[-99.2885520199794,19.3330853503417],[-99.2883232192071,19.3333040497497],[-99.2882556888784,19.3333611703533],[-99.2881714304607,19.3334155406274],[-99.2880725103912,19.3334593999973],[-99.2879599102088,19.3334781203299],[-99.2878939687122,19.3334717700746],[-99.2878280293466,19.3334479707228],[-99.2877746596778,19.333411860627],[-99.2877296286099,19.333366449912],[-99.2876951800234,19.3333086311858],[-99.28767084971,19.3332306600953],[-99.2876569097866,19.3331533702786],[-99.2876577203031,19.3330633504502],[-99.2876821635674,19.3329629065726],[-99.2876829203213,19.3329598005608],[-99.2878589391301,19.3325106308419],[-99.2880970802812,19.332015460811],[-99.2881865993418,19.3318308906043],[-99.2881979549408,19.3318026620145],[-99.288289179353,19.3315758796836],[-99.2883706195441,19.3313222905759],[-99.2883955191154,19.331134400393],[-99.2883715801751,19.3309079810385],[-99.2883227086768,19.3306697702199],[-99.2881978200238,19.3304908506216],[-99.2880731397532,19.3303816909973],[-99.2879909194248,19.3303005498759],[-99.2878756800419,19.330223349868],[-99.2874324794041,19.3300121395776],[-99.287101348624,19.3298570201973],[-99.2869100500309,19.329775539616],[-99.2867747494037,19.3297389200258],[-99.2866985693373,19.3297708297618],[-99.286781179917,19.3298515400297],[-99.2871054297896,19.330199950161],[-99.287113748616,19.3302085395723],[-99.2873302496809,19.3304320899122],[-99.2874125396052,19.3305476596023],[-99.2874161080785,19.3305546677817],[-99.2874271120962,19.3305762748463],[-99.2874729799535,19.3306663397838],[-99.2875163096272,19.3308207995864],[-99.2875263097472,19.3309537697371],[-99.2875234500456,19.3309910900681],[-99.2875199498439,19.3310364601871],[-99.2874977097909,19.3311492595573],[-99.287439890348,19.3312954601466],[-99.2872970200001,19.3315792304061],[-99.286930820029,19.3323229797544],[-99.2868395095549,19.3324945096479],[-99.2867675201657,19.3326297097456],[-99.2865303796815,19.3331178595684],[-99.2862889996909,19.333584599728],[-99.2859854003299,19.3342448896205],[-99.285192370456,19.3361137101015],[-99.2851205501007,19.3362683501719],[-99.2850862603898,19.3363218002713],[-99.2850502896004,19.3363778903546],[-99.2849515495435,19.3364720500065],[-99.2848492198122,19.336536520091],[-99.284713950128,19.3366147502741],[-99.2846037698526,19.3366465102641],[-99.2844777401827,19.3366647103838],[-99.2843332200761,19.3366761412583],[-99.2839602498082,19.3366249696555],[-99.2838149796066,19.3366037198518],[-99.2835746795706,19.3365310204132],[-99.2832995699109,19.336414879887],[-99.2831560800333,19.3363274002664],[-99.2830205797918,19.3362370895685],[-99.2823825097389,19.3358002796802],[-99.2822255100959,19.335716429647],[-99.2820755103008,19.3356490600187],[-99.2819667203458,19.3356071801923],[-99.2818370600394,19.3355536903654],[-99.280651260208,19.3352105404516],[-99.2804977803599,19.3351757696593],[-99.2803812887078,19.3351825103812],[-99.2802982599674,19.3351990501005],[-99.2802106496666,19.3352320195687],[-99.2801403796293,19.3352868303961],[-99.28009050988,19.335358519871],[-99.2800619701678,19.3354544901627],[-99.2800303999344,19.3360981402606],[-99.2800542302283,19.3362479501615],[-99.2801079204158,19.3363608904094],[-99.280157508887,19.3364552601978],[-99.2802172303903,19.3365281400112],[-99.2806091795682,19.3367327402166],[-99.2809644202386,19.3369201800154],[-99.2810587804127,19.3370065102714],[-99.2811215196001,19.3370991403331],[-99.2811598597154,19.3372122597869],[-99.2811682494425,19.3373289402147],[-99.2811562501374,19.3374340799889],[-99.280955860212,19.3373801200498],[-99.2806391195689,19.3373372298624],[-99.2803139397393,19.3373515498099],[-99.2800374896862,19.3374255498289],[-99.2798672298834,19.3375700495523],[-99.2796478896791,19.3376291202855],[-99.2792078204492,19.3376044898848],[-99.2788439496271,19.3376734602183],[-99.2784981698288,19.3377338198734],[-99.2780062489788,19.3379555400038],[-99.2773199501065,19.3383104798078],[-99.2765817403236,19.3386001503132],[-99.2759878189453,19.3388627804444],[-99.2753934195595,19.3390739698542],[-99.2750216596682,19.3392574503781],[-99.27450844967,19.3394507198905],[-99.2742142297054,19.3395505701145],[-99.273875830307,19.3397594800725],[-99.273603230274,19.3399134298428],[-99.2733064497334,19.3400591096742],[-99.273129250315,19.3401150302509],[-99.2729609096905,19.3401537101921],[-99.2728499801842,19.3402090000358],[-99.2726704303685,19.3403335204283],[-99.2724938197898,19.3404437703903],[-99.2723288602712,19.3405195702617],[-99.2720827098614,19.3406047098279],[-99.2717707403249,19.340741909804],[-99.271437769566,19.3408907100545],[-99.2706963704693,19.3411660900055],[-99.2703611198015,19.3413806799201],[-99.269980520309,19.3415813196578],[-99.26983752031,19.3417513502752],[-99.2694876895794,19.3420146803812],[-99.2693492901083,19.3420387397581],[-99.2691616788819,19.3419460198032],[-99.2689381202657,19.341882280457],[-99.2688294601208,19.3418631802796],[-99.2687268902345,19.3418497797473],[-99.268639490062,19.341844849823],[-99.2685460898449,19.3418457099564],[-99.2684800604299,19.3418691198501],[-99.268416969734,19.3418897395673],[-99.2683811202561,19.3419158198656],[-99.2683453797118,19.3419589699868],[-99.2683035703833,19.3419965403517],[-99.2682317496724,19.3420458200719],[-99.2681779398536,19.342086280364],[-99.2679843801429,19.3423167495541],[-99.2676448597044,19.3427172499988],[-99.2673485202294,19.343214630137],[-99.2670989999861,19.3435742298028],[-99.2669325797453,19.3438130502337],[-99.2668351204094,19.3440112897071],[-99.2667755203089,19.3440747400349],[-99.2666223204733,19.3441246598123],[-99.2665229198649,19.3441198295898],[-99.2663781786221,19.3441068495828],[-99.2662635395682,19.3440963495392],[-99.2661609700182,19.3440801501809],[-99.2660433698484,19.3440668500449],[-99.2659619498512,19.3440619099191],[-99.2658747695558,19.3440798501386],[-99.2657818296901,19.3441264297801],[-99.2657609102725,19.3441408303124],[-99.2656689800033,19.3442903502861],[-99.2656399193271,19.3443963997823],[-99.2655876797849,19.3444644299664],[-99.2655625800704,19.3444971800478],[-99.2654667199224,19.344558149659],[-99.265409720101,19.3445843503076],[-99.2653044595907,19.3446024902911],[-99.2652173698186,19.3446232198117],[-99.2651331197734,19.3446354499668],[-99.2650819202795,19.3446415797045],[-99.2650248204683,19.3446535102835],[-99.2649768596321,19.3446768000629],[-99.2649379798417,19.3447057804422],[-99.2648962590544,19.3447576197383],[-99.2648816799072,19.3448034601198],[-99.2648821204414,19.3448492797572],[-99.2648955998737,19.3449949395897],[-99.2648757099934,19.3451181396373],[-99.2648434804696,19.3452070302681],[-99.2647748500379,19.345279149859],[-99.2647088201269,19.3453054604217],[-99.2646424500912,19.3452917402787],[-99.2645457699188,19.3452668302333],[-99.2644642196839,19.3452390300328],[-99.2643767096321,19.3452311998211],[-99.2643077204306,19.3452547102772],[-99.2642419203933,19.3453095701213],[-99.2641972597577,19.3453586196536],[-99.2641740902209,19.3454588798027],[-99.2641753199471,19.3455789801977],[-99.2641677499315,19.3457277402306],[-99.2641627991214,19.3458421699014],[-99.2641458599368,19.3459595800694],[-99.264086139244,19.3460087401618],[-99.264026110422,19.3460349498266],[-99.2639178800224,19.3460530804182],[-99.2638243803255,19.3460453498127],[-99.2637430796421,19.3460545999753],[-99.2636257103992,19.3460670603639],[-99.2635086604355,19.3461052801434],[-99.2634307495215,19.3461517501511],[-99.2633561399659,19.3462267799747],[-99.263320849771,19.3463071702458],[-99.2632977797377,19.3464160200783],[-99.2632806186842,19.3465047802806],[-99.2632484904551,19.3466080304286],[-99.26319537041,19.3467257800789],[-99.2631476503111,19.3467747404478],[-99.2630609204463,19.3468412898237],[-99.2629739698552,19.3468878595535],[-99.2628926800083,19.3468885197648],[-99.2628232298344,19.3468691995621],[-99.262735250409,19.3468070499241],[-99.2626381198648,19.3467392299498],[-99.2625715199499,19.3467055399903],[-99.2625111195968,19.3466860202808],[-99.2624325400982,19.3466666903262],[-99.2623452499583,19.3466732298447],[-99.2622431395324,19.3467026603404],[-99.2621533400466,19.3467578301966],[-99.2620847101437,19.3468270601362],[-99.262040149693,19.3468903800216],[-99.2619623703942,19.3469453499123],[-99.2618992804078,19.3469688502721],[-99.2617011496433,19.3470391697575],[-99.2616229201659,19.3470513096175],[-99.2615656903036,19.3470489503024],[-99.2614661797325,19.3470384299845],[-99.2613908800274,19.3470390801789],[-99.2612591395295,19.3471231201477],[-99.26119333989,19.3471780902762],[-99.2610067498174,19.3471911802668],[-99.2608741188125,19.3471923701122],[-99.2607723495493,19.3472590297405],[-99.2607248496644,19.3473251700993],[-99.2606658499277,19.3474600797193],[-99.2606270603617,19.3474976296263],[-99.2605731197374,19.347523829682],[-99.2604316600498,19.3475365104506],[-99.2603441402894,19.3475229802452],[-99.260277859601,19.3475178295663],[-99.2602026796803,19.3475328600637],[-99.2599740501403,19.347618289631],[-99.2598999689628,19.3476751395884],[-99.2598190597267,19.3477482903414],[-99.2597203096716,19.3477905396835],[-99.2596057695456,19.3478192301628],[-99.2594356904637,19.3478777201167],[-99.2590317399023,19.3480329098831],[-99.2589975099848,19.3480591698064],[-99.2589691501827,19.3481209199137],[-99.2589743196748,19.3481729996677],[-99.2590130004335,19.3482105702188],[-99.259070950313,19.3482191502703],[-99.2591603395454,19.3481823800618],[-99.2592761099067,19.3481233799767],[-99.2595726202388,19.3480073699118],[-99.2596718795443,19.3479742596415],[-99.2597314295385,19.3479719201888],[-99.2598176496948,19.3479794596786],[-99.2600863395854,19.3480526600357],[-99.2601879198328,19.3480648198558],[-99.2603281392297,19.3480660298022],[-99.260570769891,19.3480122603736],[-99.2607176897642,19.3479393202578],[-99.2608470203842,19.3478592500366],[-99.260956799575,19.3477654803782],[-99.2610151099001,19.3477497395492],[-99.2610734498213,19.3477517404489],[-99.2611230197266,19.3477767102478],[-99.2611319098557,19.3478299401193],[-99.2610795799455,19.3478982501382],[-99.2610183704235,19.3479529401202],[-99.2605702301981,19.3482094499878],[-99.2603611802264,19.3482558602336],[-99.2602110300089,19.3482719097274],[-99.2599894200217,19.3482812899708],[-99.2598990199152,19.3482907998564],[-99.2597983201936,19.3483328598864],[-99.2597199501477,19.3483894897652],[-99.2596384500025,19.3484737103412],[-99.2595673702648,19.3485630000977],[-99.2594975696124,19.3486872799419],[-99.2594153799736,19.3488427102134],[-99.2593259996063,19.3489537402796],[-99.2592275797386,19.3490609402821],[-99.2589921197366,19.3492273796093],[-99.25862018022,19.3494328602082],[-99.2583164896382,19.3496118802073],[-99.2582749703954,19.3496481097506],[-99.2582258800625,19.3497101704528],[-99.2582065795868,19.3497599397081],[-99.2581986803375,19.3498042899535],[-99.2582021499447,19.349848619999],[-99.2582073997986,19.3498935713135],[-99.2582290800167,19.3499484000001],[-99.258259090264,19.3499945998319],[-99.2582887485784,19.3500285102996],[-99.2583234295924,19.3500556201795],[-99.25835089017,19.3500672208421],[-99.2583825989167,19.3500739803262],[-99.2583962688184,19.3500727550841],[-99.2584145100221,19.35007111988],[-99.2585201013955,19.3500526905772],[-99.2589074610418,19.3499850860904],[-99.259038420472,19.3499622301355],[-99.2590871395936,19.3499662798881],[-99.2591174448066,19.3499747117688],[-99.2591531999194,19.3499846596398],[-99.2592214497494,19.3500246295546],[-99.2592669696951,19.3500646301818],[-99.2593079801255,19.3501210797201],[-99.2593307795412,19.3501746799632],[-99.2593492596574,19.3502455698121],[-99.2593651181177,19.3503180394471],[-99.2593754387062,19.3503652002573],[-99.2593769204631,19.3503719702694],[-99.2593860202813,19.3505096302052],[-99.2593247503331,19.3507165701103],[-99.2592689386795,19.3509279202464],[-99.2592373998258,19.3512208196047],[-99.2592308799478,19.3515188202747],[-99.25924858041,19.3517745499176],[-99.2594027102157,19.3524788904267],[-99.2594657400785,19.352817770266],[-99.2598414898244,19.3542072299202],[-99.2600161995953,19.3552852303072],[-99.2601561396334,19.3558720600791],[-99.2602517191021,19.3564885713415],[-99.2603136200644,19.3569752209742],[-99.2605940299043,19.3583326199516],[-99.2609104500107,19.359837509629],[-99.2610470599001,19.360543139903],[-99.2611332786724,19.3608257403275],[-99.2612598503148,19.3610444000946],[-99.2614310799181,19.3612191703022],[-99.2616822299326,19.3614295796812],[-99.2618530804479,19.3615621698558],[-99.2619956495595,19.3616678000234],[-99.2622432199793,19.3618178497721],[-99.2625376303514,19.3619898201096],[-99.2628266804127,19.3621310501871],[-99.2632246296603,19.3622840001381],[-99.2637407399175,19.3624501497737],[-99.2642647795924,19.3625992297907],[-99.2648429799783,19.3627608303949],[-99.2651047798265,19.3628424495663],[-99.2653485098077,19.3629293699555],[-99.2656387500774,19.3630669102931],[-99.2659153103673,19.3631979703581],[-99.2668331097597,19.3635452798535],[-99.2665775803884,19.3639609203488],[-99.2665158795671,19.3641653195579],[-99.2664733401416,19.3643942204028],[-99.2664528901162,19.3646900798115],[-99.2664608196556,19.3650198898657],[-99.26649155018,19.3652797099114],[-99.2665324800685,19.3655345397692],[-99.2665740604541,19.3656485099834],[-99.2666051501671,19.3657994299147],[-99.2666574790775,19.3661488498131],[-99.2667631390038,19.3668100013226],[-99.2667890489204,19.3670277111488],[-99.2667793189611,19.3675150611568],[-99.2667231090506,19.3678087108392],[-99.2666577993529,19.3680654206528],[-99.2665760602028,19.3683187108516],[-99.2663584891959,19.3688662601753],[-99.2660469693194,19.3696181809712],[-99.2658044002041,19.370205290132],[-99.2654506188664,19.3710265702339],[-99.2650749501699,19.3717456496866],[-99.2653147093618,19.3719597497405],[-99.2654066890581,19.3720194509333],[-99.2654919487191,19.3720371698434],[-99.2655882303493,19.3720139198205],[-99.2658037092733,19.3718581402192],[-99.2660735394159,19.3716253201985],[-99.2661802201076,19.3715000611582],[-99.2662226587019,19.3713728007267],[-99.2662454891794,19.3712389406246],[-99.2662673496973,19.3711469498362],[-99.2662994198549,19.3710121106951],[-99.2663953404031,19.3707208312288],[-99.2664451394349,19.3706355101907],[-99.2666465502945,19.3702897409129],[-99.2668679398248,19.3698994903843],[-99.2670992890264,19.3695060509477],[-99.2671971987369,19.369346081106],[-99.2672304872229,19.369312401391],[-99.2673151692911,19.3692267198254],[-99.2674965501896,19.3690841399153],[-99.2677901694201,19.3688565702362],[-99.2679155195326,19.3687875096668],[-99.2680574292463,19.3687419103774],[-99.2681597391625,19.3687167109794],[-99.2682818804234,19.3687008595573],[-99.2684337799687,19.3687131696608],[-99.2684506959622,19.368721690255],[-99.2686183497225,19.3688061204222],[-99.2690160588208,19.3689678008665],[-99.2691086501329,19.369063850191],[-99.2689490193367,19.3692411512853],[-99.2686323804548,19.3696078209662],[-99.2683924803361,19.3700526196224],[-99.268325229625,19.3702520204089],[-99.268274909869,19.3704204302282],[-99.2682514588133,19.3705904512176],[-99.2682414591879,19.3706974507245],[-99.268227800027,19.3709538508194],[-99.2682593193696,19.3712337803756],[-99.2682957102985,19.3714628002744],[-99.2683799503843,19.3718088298428],[-99.2688946201331,19.3716674802077],[-99.2697780196803,19.3714443507497],[-99.2700837404679,19.3722038795558],[-99.2701315997455,19.3723559708158],[-99.270156650068,19.372503380411],[-99.2701610190271,19.3726291408569],[-99.2701575691006,19.372715170161],[-99.2701433986624,19.3728102608365],[-99.2701055702601,19.3729212812679],[-99.2700719099808,19.372997001428],[-99.270026889075,19.3730697110082],[-99.2699772599045,19.3731379707608],[-99.2699179398053,19.3732031812179],[-99.2698496189323,19.3732574009698],[-99.2697776191397,19.3733143396164],[-99.2696509794296,19.3733894606793],[-99.2695238803194,19.3734411212978],[-99.269437919319,19.3734665701359],[-99.2693414203823,19.3734898803452],[-99.2692395197853,19.373510311104],[-99.2691187398486,19.3735272001956],[-99.2689738192395,19.373547520173],[-99.2689095687769,19.3735561703085],[-99.2688370903768,19.3735625205834],[-99.2687705802373,19.373565970402],[-99.268694829543,19.3735653405601],[-99.2686236498541,19.373562450095],[-99.2685604796632,19.3735543800535],[-99.2684865496487,19.3735422898645],[-99.2684095785863,19.3735257808177],[-99.2681477203759,19.3734311113434],[-99.2680803986663,19.3734092601596],[-99.2680067496564,19.3733854605714],[-99.2679310293931,19.3733716197495],[-99.2678284801362,19.3733529208763],[-99.2677456500016,19.3733492901673],[-99.2676666496923,19.3733537803971],[-99.2675771092168,19.3733723195722],[-99.2675009987373,19.3734050212871],[-99.2674070194333,19.3734532812883],[-99.267330968902,19.3735142810539],[-99.2672564492351,19.3735936609165],[-99.2669973503697,19.3740244807733],[-99.2669569690916,19.3740741095502],[-99.2669140798334,19.3741214910969],[-99.266868620183,19.3741666904284],[-99.2668207403426,19.3742095498767],[-99.266770549028,19.3742499807939],[-99.2667181991508,19.3742878808339],[-99.2666638501136,19.3743231097116],[-99.2666076197416,19.3743556006909],[-99.2665496800731,19.37438524996],[-99.2664901701501,19.3744119802937],[-99.2664292804456,19.3744357208341],[-99.2663671498933,19.3744563997913],[-99.2663034902015,19.3744741098083],[-99.2656438187968,19.3745793709434],[-99.2650591498594,19.3746669800822],[-99.2637815390514,19.3748584313108],[-99.2634696202508,19.3749094313047],[-99.2632570593891,19.3749563803365],[-99.2629780799418,19.3750389197885],[-99.2620432892845,19.3754897402921],[-99.2618758186371,19.3755710579654],[-99.2616889787264,19.375661779717],[-99.2615845702136,19.3757174496144],[-99.2613534898584,19.3758406599755],[-99.2610298899435,19.376033450108],[-99.2605968590739,19.3763532199334],[-99.2598042602846,19.3770268501681],[-99.259096919746,19.3776573335862],[-99.258887249832,19.3778442195685],[-99.257923079705,19.3787057501113],[-99.2576524888131,19.3789512298497],[-99.2571473098899,19.3794095199208],[-99.2569091698949,19.379613059674],[-99.2560799501831,19.3801735208743],[-99.2557942002781,19.3803544911138],[-99.2549870598817,19.3808656506693],[-99.2546051096261,19.3811058896577],[-99.2542466501809,19.381334369962],[-99.2524709496183,19.3824661410863],[-99.2511889787526,19.38328048037],[-99.2507703090165,19.3835484895626],[-99.2506809797943,19.3836082000692],[-99.2503250191926,19.3838339401438],[-99.2500340191645,19.3840357999604],[-99.2497469792298,19.3842650510998],[-99.2487808501008,19.3850396914158],[-99.2476526204079,19.3859570199058],[-99.2465697687391,19.3868288203524],[-99.2462384587399,19.3870851498402],[-99.245998520214,19.3872302798435],[-99.2457384596457,19.3873202308723],[-99.2454773703036,19.3873943797206],[-99.2451743387886,19.3874036203028],[-99.2449975697654,19.3873858198802],[-99.2447517804,19.3873438302793],[-99.2436446195965,19.3869850900207],[-99.2433258304054,19.3869374896218],[-99.2431981197832,19.3869184598528],[-99.2429452599735,19.3869516903802],[-99.242678970243,19.3870351795747],[-99.2421090504677,19.3873546204442],[-99.2413863502424,19.3879817503004],[-99.241138550271,19.3881412301896],[-99.2404663695571,19.3884993696594],[-99.2402093796069,19.3886530595932],[-99.2399290503905,19.3888640598655],[-99.2396726501342,19.3891367106449],[-99.2395158298399,19.3893797400261],[-99.2394197090802,19.3895890898651],[-99.239132830053,19.3904059107644],[-99.239021769334,19.390727941086],[-99.2389968304782,19.3910612297344],[-99.2390158886627,19.3917011397581],[-99.2390333197438,19.3922863206349],[-99.2390066294018,19.3924733798531],[-99.2389212604635,19.392674419779],[-99.2388075094706,19.3928242499712],[-99.2380281793907,19.3933965100283],[-99.2378426004572,19.3934912602292],[-99.2376034190074,19.3935675111262],[-99.237382859748,19.3935987208451],[-99.2370994789406,19.3936046802374],[-99.2364846299146,19.3935455702494],[-99.2362585491021,19.3935404807395],[-99.2360395196194,19.3935624611767],[-99.2358077100462,19.3936260602797],[-99.2354817089666,19.3937431397934],[-99.2328418904689,19.3948144811984],[-99.2325768202218,19.3949035107675],[-99.2322532200741,19.3949334296371],[-99.2319371189762,19.3949066810246],[-99.2315194903143,19.3948690213256],[-99.231275570295,19.3948721406814],[-99.2310668804633,19.3948986311605],[-99.2308544603391,19.394949910257],[-99.2304911096732,19.3950835206686],[-99.2299812800703,19.3952563109577],[-99.229770258589,19.3953034296445],[-99.2292473101416,19.3954168513131],[-99.2281830797855,19.3956450910338],[-99.2277029204499,19.3957308013375],[-99.2273451402755,19.395795850004],[-99.2269787688111,19.3958030896075],[-99.2266483801522,19.3957716802169],[-99.2260360800918,19.3956905696944],[-99.225710339106,19.3956658801449],[-99.2251587193942,19.3956391412323],[-99.2249905386758,19.3956327402458],[-99.2242196186016,19.395746139905],[-99.2235787689152,19.3958527207622],[-99.2224444289358,19.3962024800031],[-99.2220602198205,19.3963275808248],[-99.2195132004815,19.3971704796795],[-99.2183155794521,19.3975546796144],[-99.2180719795798,19.3976342595903],[-99.2170774491558,19.3979739407052],[-99.2169064490418,19.3980335395751],[-99.216292248767,19.3982525995559],[-99.2158762192021,19.3983766296449],[-99.2148561087646,19.3987057100633],[-99.2144802187484,19.3988397406047],[-99.2138661800656,19.3991176908928],[-99.2130254001987,19.3995592797666],[-99.2126740894081,19.399764881036],[-99.2125678296071,19.3998063111817],[-99.212026620071,19.3999496002473],[-99.2114754502482,19.4001296899023],[-99.2109451404081,19.4002765997376],[-99.2105146516402,19.4004231338272],[-99.2105100201821,19.4004247102179],[-99.2104484599147,19.4004366795695],[-99.2104392480798,19.4004381324478],[-99.2090484198716,19.4006574302786],[-99.2084150803467,19.4007645099432],[-99.2078452204523,19.4008539200515],[-99.2061725404034,19.401065580075],[-99.2050399498918,19.4012149102368],[-99.2045590597884,19.4012765796741],[-99.2037380496522,19.4013657198808],[-99.2030759495414,19.4014337800495],[-99.2024742600261,19.4015021998711],[-99.2022105799706,19.4015274001876],[-99.2019016202953,19.4015561801093],[-99.2015489399883,19.4016466498075],[-99.2014166799143,19.4016820297913],[-99.2009959998358,19.4018429998593],[-99.2005014000407,19.4020326602227],[-99.1998664800032,19.4022787496122],[-99.1995633503405,19.4023982797828],[-99.198939230046,19.4026628598774],[-99.1984345501092,19.4028854504496],[-99.1983064303404,19.4029336495917],[-99.1980687202199,19.4030036595792],[-99.1976136498983,19.4030911998869],[-99.1967117199066,19.4031924603414],[-99.1966277497922,19.4032048602531],[-99.1958771496925,19.4032916904422],[-99.1954496803189,19.403343909818],[-99.1946581097783,19.4034678201234],[-99.1945208296,19.4034844795602],[-99.1943216297921,19.4035074198357],[-99.1941588802931,19.4035270195986],[-99.1938379096388,19.4035645103109],[-99.1937323697626,19.4035768497439],[-99.1929898904107,19.4036561422718],[-99.1924796217191,19.4037123710566],[-99.1923649400929,19.4037250009494],[-99.1922014001709,19.4037430298801],[-99.192185709571,19.4032380303218],[-99.1921972002573,19.4030958498529],[-99.1922484495718,19.402627510417],[-99.1922716301443,19.4023870302373],[-99.1923446197991,19.4016532797148],[-99.1923180195306,19.4013929101052],[-99.192295629943,19.401329369774],[-99.1922247402626,19.4011316895995],[-99.1921330302579,19.4009807098757],[-99.1920249400812,19.4008558600304],[-99.1918878503349,19.400727170172],[-99.1914914598541,19.4004372599292],[-99.1912818498735,19.4002646898328],[-99.1911536502409,19.4001091703539],[-99.1908258100067,19.3996502306029],[-99.1906140299256,19.3993222299713],[-99.1904763197303,19.399021750406],[-99.1903627097278,19.3987559495757],[-99.190178629544,19.3983152601659],[-99.1899228023537,19.3977065496736],[-99.1898763797904,19.3975864300516],[-99.1895842800119,19.3968536502518],[-99.1892583200064,19.3960748300145],[-99.1890953998151,19.3956862904235],[-99.1890551697139,19.3955903396406]]]},"properties":{"CVEGEO":"09010","CVE_ENT":"09","CVE_MUN":"010","NOMGEO":"Álvaro Obregón"}},{"type":"Feature","geometry":{"type":"Polygon","coordinates":[[[-98.9788051943878,19.3239211826769],[-98.9785603096095,19.3239024900946],[-98.9785603059634,19.3239025253596],[-98.978545444903,19.3240460723328],[-98.9785249598807,19.324243941695],[-98.9784974438621,19.3245097267425],[-98.9784870500743,19.3246101204361],[-98.9783302802256,19.3246415504135],[-98.9782507368243,19.3250727772145],[-98.978248603687,19.3250843389763],[-98.978248588521,19.325084420222],[-98.9782030902112,19.3253310804054],[-98.9779265991049,19.3252851813061],[-98.9780456189348,19.324992351115],[-98.9774938600244,19.324768580998],[-98.9774099090404,19.3251660603426],[-98.9773973797022,19.3252253803421],[-98.9773967895915,19.3252251764404],[-98.9773927288732,19.3252237749957],[-98.9769418197794,19.3250681706913],[-98.9765905085707,19.324947570556],[-98.9765165098926,19.3242556896757],[-98.976228178528,19.3242961999394],[-98.9762924498153,19.3249383995972],[-98.9762028401865,19.3249406270914],[-98.9761689300285,19.3249414696165],[-98.9759563994119,19.3249467507813],[-98.9753236796753,19.3256434903202],[-98.9747091503573,19.3256672304237],[-98.9711833803076,19.3254316297489],[-98.9707922800715,19.325182339989],[-98.9703926502302,19.3249276001426],[-98.9698646200459,19.3248537501837],[-98.9693071096686,19.3247757803464],[-98.9690458298536,19.324750719617],[-98.9689602415392,19.3247425208784],[-98.9689602099611,19.324742567362],[-98.9686177700755,19.325232520396],[-98.9683146901826,19.3256661703119],[-98.9682753104575,19.325722519701],[-98.9682746799088,19.3257225034212],[-98.966351919879,19.3256717397275],[-98.9662591412993,19.3256670403075],[-98.9661857197418,19.3256633185706],[-98.9661477914264,19.325661397897],[-98.9659491079666,19.3256513282562],[-98.9659103569158,19.3256493638145],[-98.9658172037469,19.3256446421009],[-98.9656934806941,19.3256383702545],[-98.9646657674139,19.3255862725841],[-98.9646280289169,19.325584358967],[-98.9646032099557,19.3255831009232],[-98.9640832752278,19.3255567408856],[-98.9640441276078,19.3255547562147],[-98.963988513791,19.3255519367895],[-98.9634342463864,19.3255238333833],[-98.9633942159398,19.3255218036135],[-98.9633719416476,19.3255206735408],[-98.9629179845908,19.3254976564261],[-98.9628783545984,19.3254956463502],[-98.9628419747452,19.3254938012841],[-98.9623721008792,19.3254699741051],[-98.962346727086,19.3254686873166],[-98.9622732180304,19.3254649591969],[-98.9622154124195,19.3254620279887],[-98.9618103099079,19.3254414832842],[-98.9617792834195,19.32543990964],[-98.9617545283718,19.3254386551313],[-98.9613392580054,19.3254175929487],[-98.9613081371376,19.3254160145908],[-98.9613065907189,19.3254159363647],[-98.9612848817888,19.325414836385],[-98.9611936357679,19.3254102072656],[-98.9610285871003,19.3254018353031],[-98.9609753769113,19.3253991374245],[-98.9609681397096,19.3253987680129],[-98.9609311624666,19.3253968769412],[-98.9609051654595,19.3253955456579],[-98.9608749754313,19.3253940004361],[-98.9604483863801,19.3253721571628],[-98.9603559372705,19.3252942829126],[-98.9590077436682,19.3241586225922],[-98.9583586791841,19.3236118201103],[-98.958236585655,19.3235089618173],[-98.9579026304212,19.3232276197195],[-98.9590014587015,19.3218590809819],[-98.959155520105,19.3216596601124],[-98.9592714093163,19.3215096523287],[-98.9593142279823,19.3214542273763],[-98.9608604297781,19.3194527696426],[-98.9611310788058,19.3191024513134],[-98.9613991403219,19.3187554503892],[-98.9618761386909,19.3181379796772],[-98.9625620798575,19.317250029855],[-98.9629658291251,19.3167273809423],[-98.9629905804658,19.316615570051],[-98.9629907715397,19.3166147058547],[-98.9629909635877,19.316613840772],[-98.9629910686804,19.3166133653734],[-98.9629913467298,19.3166121105871],[-98.963341289022,19.3150322300629],[-98.9634154604677,19.3145056797382],[-98.9634428476445,19.3143112611359],[-98.963448460065,19.3142713999241],[-98.9634871264686,19.3139969112164],[-98.9635564502679,19.3135047697665],[-98.9637046308271,19.3124528693366],[-98.9637047737298,19.3124518537645],[-98.9637471997257,19.3121506897831],[-98.9637473572511,19.3121495748355],[-98.9637474116861,19.3121491881235],[-98.9637475147764,19.3121484598878],[-98.9637478298271,19.3121462299926],[-98.9638954391067,19.3110982891738],[-98.9638955071898,19.3110978039729],[-98.9638955617452,19.3110974118273],[-98.9638955832231,19.3110972618484],[-98.9638955946612,19.311097176906],[-98.9638956309236,19.3110969203059],[-98.9638959055478,19.3110949623331],[-98.9638962775417,19.3110923185966],[-98.9639074572368,19.311012970661],[-98.9639122772138,19.310978760335],[-98.963920802762,19.3109182428376],[-98.9639216610116,19.3109121539624],[-98.9639323452948,19.3108363180475],[-98.9639353250293,19.3108151691436],[-98.9639481931644,19.3107238295734],[-98.96396318045,19.310617448061],[-98.9639727999834,19.3105491701905],[-98.9640534510876,19.3100477198525],[-98.9640540139719,19.3100442191732],[-98.9640541393383,19.3100434333974],[-98.9640543055344,19.3100424001743],[-98.964054878539,19.3100388308359],[-98.9642298486228,19.3089510009648],[-98.9642299417185,19.3089504211288],[-98.9642299793223,19.3089501899267],[-98.9642301080735,19.3089493806615],[-98.9642438071164,19.3088642030452],[-98.964276656007,19.30865997012],[-98.9642950458232,19.3085456383693],[-98.964344642129,19.3082372904231],[-98.9643447165434,19.3082368207545],[-98.9643548132015,19.3081740507684],[-98.9643565969717,19.3081629617072],[-98.9643613147081,19.3081336268846],[-98.964364900215,19.308111327709],[-98.9643699944649,19.3080796591318],[-98.9643701674703,19.3080785771192],[-98.9643732718039,19.3080592819125],[-98.9643777080588,19.3080316992404],[-98.9643820336727,19.3080047984396],[-98.9643849321192,19.30798677577],[-98.9643853286741,19.3079843137527],[-98.9643865320073,19.3079768283064],[-98.9643865865447,19.3079764796538],[-98.9643880298972,19.3079675175828],[-98.9643882138955,19.3079663705531],[-98.9643901371807,19.3079544171751],[-98.9643915111663,19.3079458696032],[-98.9643917637588,19.3079442999044],[-98.9643924593926,19.3079399809879],[-98.9643928007388,19.3079378549247],[-98.9643933103049,19.307934690245],[-98.9644106490977,19.3078869201863],[-98.9645257635214,19.3075699530914],[-98.9647760603545,19.3068807706455],[-98.9648876811377,19.3067811880557],[-98.9650900887596,19.3066006064182],[-98.9653867701652,19.3063359205782],[-98.9659863377097,19.30608425592],[-98.9662764302902,19.3059624902965],[-98.9664377071074,19.3059637444106],[-98.9667497495783,19.3059661687843],[-98.9667498087614,19.3059661681607],[-98.9667804786569,19.3059663727394],[-98.9668210168467,19.3059666450166],[-98.9668751581648,19.305967005623],[-98.9669085112363,19.3059672296286],[-98.966924717371,19.3059673376186],[-98.967054282424,19.305968203413],[-98.9671369218433,19.305968755638],[-98.9671735974567,19.305969000999],[-98.9671835803018,19.3059690673558],[-98.9671902540011,19.3059691107561],[-98.967207757844,19.3059692275582],[-98.967212731122,19.3059692612773],[-98.9672167712088,19.305969288037],[-98.9672194449059,19.3059693045752],[-98.9672211452869,19.3059693160666],[-98.9672220880375,19.3059693223117],[-98.9672224276917,19.3059693264137],[-98.9672232922414,19.3059693301825],[-98.9672234181985,19.3059693308995],[-98.9672239238946,19.3059693356173],[-98.9672239554057,19.3059691206024],[-98.967223959867,19.3059690916974],[-98.9672240663664,19.305968380749],[-98.9672246157544,19.305964710368],[-98.9672252516267,19.3059604563943],[-98.967225478211,19.3059589387257],[-98.9672297149194,19.305930602713],[-98.9672323626758,19.3059128903232],[-98.9672327339219,19.3059104051453],[-98.9672426799446,19.3058438764297],[-98.9672682981347,19.3056725115805],[-98.9673055095819,19.3054235996711],[-98.9674586465494,19.3043992481316],[-98.9675552256241,19.3037532120553],[-98.9675564502033,19.3037450203087],[-98.9675584139654,19.3037318771792],[-98.9675751092025,19.3036202064076],[-98.9675773587479,19.3036051580952],[-98.9675889428245,19.3035276689636],[-98.9676095149661,19.303390053448],[-98.9677766536657,19.3022720004094],[-98.9678844098783,19.3015511723776],[-98.9679606638932,19.3010410667101],[-98.9681731594315,19.2996195588949],[-98.9681817746977,19.2995619242199],[-98.9682115474225,19.2993627476569],[-98.9682126821416,19.2993551594027],[-98.968225223103,19.2992712648476],[-98.9682354821673,19.2992026344447],[-98.9682363332047,19.299196943255],[-98.9682391364586,19.2991781930321],[-98.9682413891423,19.2991631258256],[-98.9682421819466,19.2991578212674],[-98.9682423144541,19.2991569704046],[-98.9682423468554,19.2991567581273],[-98.9682424459875,19.2991561204283],[-98.968242670486,19.2991546525629],[-98.9682427677304,19.2991540139198],[-98.9682429320686,19.2991529335529],[-98.9682431959823,19.2991511955623],[-98.9682439736758,19.299146098192],[-98.9682439781971,19.2991460665701],[-98.9682465341299,19.2991292947818],[-98.9682491761141,19.2991119584243],[-98.9682529368747,19.2990872781354],[-98.9682541606419,19.2990792476943],[-98.9682545405767,19.2990767563662],[-98.9682571235339,19.2990597993762],[-98.9682597140548,19.2990428026711],[-98.9682661066539,19.2990008555926],[-98.9682663536374,19.2989992350521],[-98.9682710119137,19.29896866155],[-98.9682729463774,19.2989559709359],[-98.9682752218839,19.298941035572],[-98.9682771720201,19.2989282410743],[-98.9682845101432,19.298880087341],[-98.9683007330726,19.2987736320863],[-98.9683012973962,19.2987699312263],[-98.9683140200478,19.2986864435732],[-98.968328430256,19.2985918813293],[-98.9683427655851,19.29849780959],[-98.9684092855829,19.2980612818036],[-98.9684166147112,19.2980131850163],[-98.9684956991624,19.297494200558],[-98.9685096721777,19.2974025046272],[-98.9685837812664,19.2969161806004],[-98.9686650879824,19.2963826200584],[-98.9687301890399,19.2959553846156],[-98.9687517746451,19.2958137222782],[-98.9687899396399,19.2955632736506],[-98.9688359630924,19.2952612497852],[-98.9689110101355,19.2947687390953],[-98.9689155497169,19.2947389407553],[-98.968915934209,19.2947364150994],[-98.9689161264146,19.2947351540827],[-98.9689163186809,19.2947338903491],[-98.9689259539578,19.2946706597126],[-98.968992471473,19.2942341200411],[-98.9690053571798,19.2941495714265],[-98.9690359805629,19.293948598214],[-98.969042661983,19.2939047580349],[-98.9690703380274,19.2937231400697],[-98.9690944127828,19.2935651789085],[-98.9691587745927,19.2931427402141],[-98.9691824968111,19.2929870608034],[-98.9691944853842,19.292908381022],[-98.969245273126,19.2925750800976],[-98.969280745682,19.2923422792315],[-98.9693294359929,19.2920227213253],[-98.9694131036801,19.291473630181],[-98.9694512663834,19.2912231763081],[-98.969495729332,19.290931369211],[-98.9695771474609,19.2903970296102],[-98.9695962316386,19.2902717702457],[-98.9696071200991,19.2902003098897],[-98.9696518000366,19.2899070840324],[-98.9697626317621,19.2891797173674],[-98.9702005644766,19.286305577774],[-98.9702778804513,19.2857981400621],[-98.9714308797792,19.2783666902065],[-98.9717455402484,19.2766294496621],[-98.973362940023,19.2676991500062],[-98.9749175701519,19.2594905196845],[-98.9754131504621,19.2575350004182],[-98.9765306297105,19.2531253798801],[-98.9659868795773,19.2499410001015],[-98.9679678004638,19.2364363199146],[-98.9685865097339,19.2322179500678],[-98.9683666799176,19.232147620306],[-98.9679203098048,19.2320048200634],[-98.9679195653937,19.2320045822354],[-98.9679193172567,19.2320045029593],[-98.967918325662,19.2320041858744],[-98.9678755501606,19.2319904895761],[-98.9662112721208,19.2314580151156],[-98.9661340896559,19.2314333201888],[-98.9652420532922,19.2311479132752],[-98.9640441991697,19.2307646511412],[-98.9624828499646,19.2302650804138],[-98.9621350495336,19.2301537802724],[-98.960416769936,19.2296039697732],[-98.9586474900393,19.2290378199329],[-98.9563758473476,19.2283108692897],[-98.9561131497178,19.2282268004097],[-98.9558740199185,19.2281502803744],[-98.9556898179148,19.228091332407],[-98.955409196778,19.2280015282729],[-98.955409167426,19.2280015186209],[-98.9549764985737,19.2278630544317],[-98.9536496482431,19.2274384273407],[-98.9528719985355,19.2271895516233],[-98.9526852213628,19.2271297752068],[-98.9522601700938,19.2269937401544],[-98.9522382174639,19.2269867148601],[-98.9514405767485,19.2267314386294],[-98.9513280990301,19.2266954404055],[-98.9510113790586,19.2265940760264],[-98.9503295478789,19.2263758553935],[-98.9503285620457,19.2263755401219],[-98.9502039244726,19.2263356496685],[-98.9501280252701,19.2263113575672],[-98.9500801941832,19.2262960501488],[-98.9500551280534,19.2262880275489],[-98.950021366582,19.226277221798],[-98.9500119060573,19.2262741939731],[-98.9499914546687,19.2262676480603],[-98.9499903040686,19.2262672796275],[-98.9499840690348,19.2262652836707],[-98.9499811655364,19.2262643543421],[-98.9499787317589,19.2262635749339],[-98.9499713764097,19.2262612211215],[-98.9499704881247,19.2262609368104],[-98.9499625105991,19.2262583837911],[-98.9499592131416,19.2262573287226],[-98.949954430801,19.226255797901],[-98.9499543503133,19.2262557718128],[-98.9494262370301,19.2260867464509],[-98.9485975758414,19.2258215210649],[-98.9481158542859,19.2256673377682],[-98.9476447486001,19.2255165512724],[-98.9476357209596,19.2255136616098],[-98.9476219687999,19.2255092594346],[-98.9471530632272,19.2253591700282],[-98.9471119659514,19.2253460136992],[-98.9470071743663,19.2253124716635],[-98.9466436798966,19.2251961200695],[-98.9459273102112,19.2249668200351],[-98.9457703700474,19.2249543103826],[-98.9452433797199,19.224912279851],[-98.944760019653,19.2246202801194],[-98.9441593396959,19.224429219662],[-98.942949510128,19.2240766903044],[-98.9403028204122,19.22323965041],[-98.9418588495599,19.2179676000526],[-98.9425532204089,19.2156148597791],[-98.9509093703993,19.2181306601419],[-98.9510855403319,19.2181837100643],[-98.9521545796899,19.2165990198133],[-98.9523924496409,19.2162464195475],[-98.9532751504014,19.2154959695713],[-98.9528946795674,19.2152699403526],[-98.9532831103766,19.2153557500732],[-98.9536324711122,19.2154329416757],[-98.9536588368082,19.2154387665463],[-98.9536717501206,19.215441620087],[-98.9536769709738,19.2154265972576],[-98.9537197505651,19.2153035159712],[-98.9538365201003,19.2149675529861],[-98.9538415595294,19.2149530501599],[-98.953948339963,19.2146458500745],[-98.9552797051638,19.2148314471293],[-98.9553077197476,19.2148353525645],[-98.9553495657459,19.2148411858694],[-98.9557089001254,19.2148912763906],[-98.9565319634229,19.2150060052451],[-98.95679917233,19.2150432524195],[-98.9569088503895,19.215058539627],[-98.9574612797797,19.2151355396747],[-98.9584092085481,19.2148689870447],[-98.9584494798029,19.2148576627923],[-98.958681127909,19.2147925238719],[-98.9591051380219,19.2146732893904],[-98.9591326313488,19.2146655579924],[-98.9592014044457,19.2146462198585],[-98.9592267498801,19.2146390929563],[-98.9592913020895,19.2146209408554],[-98.9594871794278,19.2145658595981],[-98.9596811141051,19.2145113251391],[-98.9600298502494,19.2144132597167],[-98.9600301698314,19.2144131701183],[-98.9599592567656,19.2142783672378],[-98.9597448899843,19.2138708598723],[-98.9597460558594,19.2138709676107],[-98.9600219654125,19.2138963935753],[-98.9611294200527,19.2139984500652],[-98.9625420803047,19.214128630229],[-98.96258297002,19.2141324001882],[-98.9625899796172,19.214133045869],[-98.9626940500707,19.2141426297158],[-98.9634813862368,19.2131147135905],[-98.9635345588966,19.2130452921936],[-98.9635353496287,19.213044259876],[-98.9643115702305,19.2132392498332],[-98.9646539498687,19.2130474498542],[-98.9667979201117,19.2118464493327],[-98.9671567803075,19.2116454199048],[-98.9672587203157,19.2115029801907],[-98.9672781197175,19.2114758797335],[-98.9675536902287,19.211090860829],[-98.9678292804158,19.210705830246],[-98.9680668003719,19.2105990197345],[-98.9681030640717,19.2105968227132],[-98.9684403698626,19.2105763799272],[-98.9685194204771,19.2105715948583],[-98.9685279196336,19.2105710797198],[-98.9685775797533,19.2105890596511],[-98.9689260598366,19.2107124499576],[-98.9692402199651,19.2108508301994],[-98.9694731395318,19.210974180218],[-98.9697610604358,19.2111825695924],[-98.9699306801393,19.2112552196477],[-98.96997776971,19.2112753798624],[-98.9710160200066,19.2117160801402],[-98.9712955190214,19.2118646297193],[-98.9714969968871,19.2119711387119],[-98.9714977792729,19.2119715512292],[-98.9717061391669,19.2121302303947],[-98.9719703991351,19.2123264801423],[-98.972224260356,19.2125109098042],[-98.9724285687677,19.2126954196925],[-98.9728277092226,19.21317054044],[-98.9730590297167,19.2134544612563],[-98.9730635104743,19.2134605849573],[-98.9731768143873,19.2136155133703],[-98.9731768347556,19.2136155409582],[-98.9731768531972,19.2136155694135],[-98.9732126794487,19.2136645105835],[-98.9733322589158,19.213822491073],[-98.973621399657,19.2140829214236],[-98.9737166001908,19.2141277999735],[-98.9741327169304,19.214335116756],[-98.9742443140952,19.2143907162021],[-98.9743495386658,19.2144431410103],[-98.9745020896819,19.2144832008757],[-98.9749575800393,19.2145853524163],[-98.9750085880446,19.214591008715],[-98.975010309996,19.2145911999575],[-98.9778102165443,19.2150676098339],[-98.9778103162972,19.2150676272328],[-98.9778966781561,19.2150823208952],[-98.9779021381334,19.215082018889],[-98.9781397912507,19.2150688761599],[-98.9781500303693,19.2150683101414],[-98.9781531133734,19.2150709040859],[-98.9782268183129,19.2151329065604],[-98.9782294444153,19.2151351171855],[-98.9782295511608,19.2151352062969],[-98.9783239750181,19.2152146387783],[-98.9788784702638,19.2156810889968],[-98.9788917891988,19.2156922944228],[-98.9788918229145,19.2156923222771],[-98.9789050725941,19.215703468333],[-98.9797015697075,19.2163734867905],[-98.9797124105364,19.2163826068181],[-98.9797228291634,19.216391369593],[-98.9816713606833,19.2180304440662],[-98.9817063698143,19.2180598928574],[-98.9817449499227,19.2180923448162],[-98.9819497966424,19.2182646551614],[-98.9819675456442,19.2182795846388],[-98.9819832423274,19.2182927879457],[-98.9821953823274,19.2184712323784],[-98.9822149421324,19.2184876856616],[-98.9822370636202,19.2185062929511],[-98.9823926230374,19.218637136994],[-98.9824540582384,19.2186888077641],[-98.9824708664698,19.2187029419503],[-98.9824894142926,19.2187185405572],[-98.9827059120957,19.2189006084233],[-98.9827301310756,19.218920976231],[-98.9827515721056,19.2189390072323],[-98.9829632524701,19.2191170220225],[-98.9829827807098,19.2191334446867],[-98.9829998324587,19.2191477848156],[-98.9831813507332,19.2193004340318],[-98.9832122325382,19.2193264043764],[-98.983242365324,19.2193517445805],[-98.9834739236241,19.2195464746305],[-98.9835057793184,19.2195732625575],[-98.983536828822,19.219599374809],[-98.9838041621703,19.2198241887019],[-98.9838415843092,19.2198556575934],[-98.9838738286755,19.2198827739356],[-98.9842589748096,19.2202066598228],[-98.9842697283008,19.2202157026104],[-98.9843009756585,19.2202419808434],[-98.9843178478556,19.2202561722914],[-98.9857190288017,19.2214346611317],[-98.9882339085902,19.2237047708442],[-98.990558678941,19.2257783501352],[-98.9910735789389,19.2255946803867],[-98.9912372599991,19.2247897701607],[-98.9918251997661,19.2248378437243],[-98.9918680002322,19.2248413402868],[-98.9925507399704,19.224892110895],[-98.9932627804018,19.2249448499854],[-98.9932627911762,19.2249449235855],[-98.9933384933,19.2254470497597],[-98.9933385040745,19.2254471233598],[-98.9934076211911,19.2259055511884],[-98.9934076310123,19.2259056247695],[-98.9934591093382,19.2262470800869],[-98.9934591210662,19.2262471537061],[-98.9934719790834,19.226332449147],[-98.993471989858,19.2263325227471],[-98.9934803312665,19.2263878503529],[-98.9934803429945,19.226387923972],[-98.9935025692616,19.2265353506712],[-98.9935025790828,19.2265354242523],[-98.9935527365311,19.2268680807255],[-98.9935527472858,19.2268681552313],[-98.9935620792319,19.2269300311942],[-98.9935620996002,19.2269301022675],[-98.9936190977835,19.2271186878054],[-98.9936191171985,19.2271187588597],[-98.9936757380606,19.2273060811911],[-98.9936757565223,19.2273061522263],[-98.9937254201875,19.2274704596367],[-98.9942042198233,19.2274260307722],[-98.9943944304813,19.2274479196943],[-98.995262787051,19.2275148307878],[-98.9952628917619,19.22751484012],[-98.9952639095956,19.2275149201744],[-98.9954186920969,19.2264626797574],[-98.995422819041,19.2264346198968],[-98.9954421793685,19.2262423509698],[-98.9957908800304,19.2250384901419],[-98.9957909738131,19.225038519188],[-98.9957918872924,19.2250387892328],[-98.9960669224008,19.2251200531767],[-98.9963762594352,19.2252114314126],[-98.9963762408371,19.225211496274],[-98.9963557516348,19.225282401127],[-98.9961806001218,19.2258887701179],[-98.9961806234565,19.225888793232],[-98.9962694502969,19.2259771709594],[-98.996428599815,19.226190401268],[-98.9966810598907,19.2263263800647],[-98.9970631685334,19.2264235208562],[-98.9974397007165,19.2264845854219],[-98.9974636000326,19.2264884600555],[-98.9974635984157,19.2264885334089],[-98.9974470497302,19.2271844601839],[-98.9972337389031,19.2273106897619],[-98.9971770195434,19.2274725700277],[-98.9971770538048,19.2274725734272],[-98.9972928458729,19.227479653929],[-98.997292948757,19.2274796595994],[-98.9981473791331,19.2275319098034],[-98.9987955699787,19.2276882509478],[-98.9988639386154,19.2277047402471],[-98.9990222898045,19.2273570497214],[-98.9995724799202,19.2275595096027],[-98.999669557911,19.2272943526268],[-98.9996738302302,19.2272826904095],[-98.9998469098446,19.2267839211591],[-99.0007657394274,19.2269943799594],[-99.0008118636888,19.2270059354122],[-99.0022150889928,19.2273574307731],[-99.0026975938226,19.2274921184288],[-99.002990603177,19.2275739069774],[-99.0031289810047,19.2270600878131],[-99.0031289996596,19.2270600202338],[-99.0000961251155,19.2263928320678],[-99.0001032071404,19.2263229240858],[-99.0001037457551,19.226317652846],[-99.0001037502107,19.226317580455],[-99.0014878204047,19.2261983706423],[-99.0030170957881,19.2260593458162],[-99.0030190186318,19.2260591710812],[-99.0039263017021,19.2259766984056],[-99.0039704898132,19.2259726812087],[-99.0040028388755,19.2259697400125],[-99.0048961185773,19.2258885102262],[-99.00552952805,19.2258309139736],[-99.0057387390229,19.2258118902577],[-99.0070746451171,19.2256904103195],[-99.0071505770206,19.2256835053829],[-99.0088949703322,19.2255248610877],[-99.0096740698687,19.2254555168636],[-99.0116043997112,19.2252837110634],[-99.012494219411,19.2252044908116],[-99.0174833203569,19.2247602511626],[-99.0177895995729,19.224732970618],[-99.0180066390088,19.2247137331211],[-99.0185534589754,19.224665254808],[-99.0196241801917,19.224570320394],[-99.0217383200044,19.224382851034],[-99.0230038899171,19.2242706308601],[-99.0253277186372,19.224064651151],[-99.0262738903386,19.2239807709204],[-99.0301930299636,19.2236328502125],[-99.0279048242903,19.2263293070564],[-99.0182040193431,19.237676337097],[-99.0178610590032,19.238228597262],[-99.0177529875276,19.2384961301341],[-99.0177491520476,19.238505627212],[-99.017734919713,19.238540859633],[-99.0176720956985,19.2386035807237],[-99.0176609142803,19.2386147437922],[-99.0176476469492,19.2386279893293],[-99.0172353451799,19.2390396124252],[-99.0172289538108,19.2390459930799],[-99.0170074271149,19.2392671544521],[-99.0170073656985,19.2392672148469],[-99.0167797784458,19.2394944252024],[-99.01677431148,19.2394998845804],[-99.0166870501998,19.239586999575],[-99.016676878445,19.2395973499189],[-99.0166638549481,19.2396106029249],[-99.0166521524422,19.2396225112471],[-99.0164739599019,19.2398038395986],[-99.0164683998558,19.2398094973559],[-99.0157425788891,19.2405480796447],[-99.0156949887621,19.2406208815614],[-99.0156173693556,19.2407396205821],[-99.015558148978,19.2407924606471],[-99.0154898301868,19.2408569795623],[-99.0154147795554,19.2409894608801],[-99.0154057138572,19.2410157108031],[-99.0152821685396,19.2413734598774],[-99.0150635498426,19.241857169838],[-99.0149826603998,19.2420982902187],[-99.0149546288279,19.242254830643],[-99.014934849469,19.2424596306412],[-99.0148495803709,19.2426063399269],[-99.0146391701395,19.2429214608142],[-99.0145312681243,19.2431511242933],[-99.0144492327653,19.2433257300585],[-99.0143960739238,19.2434388759704],[-99.0143687841051,19.2434969587863],[-99.0143280723433,19.2435836135753],[-99.0143031498046,19.2436366595808],[-99.0141744191684,19.2440036501007],[-99.0141527564481,19.2440849574448],[-99.0141480575314,19.2441025797449],[-99.0141128485887,19.2442353098345],[-99.0140733999893,19.2443528311411],[-99.0140627065234,19.2443953072736],[-99.0140563659379,19.2444204994496],[-99.0140221994597,19.2445562309653],[-99.0139954786883,19.2446803207337],[-99.0139718291631,19.2448506307369],[-99.0139575489677,19.2449183408568],[-99.0139169187108,19.2451111501823],[-99.0128274487695,19.24480718027],[-99.0125652789125,19.2447340311831],[-99.0124753192894,19.2450142907923],[-99.0127094194535,19.2451425210527],[-99.0124680492248,19.2459316802606],[-99.0123969396854,19.2461228897273],[-99.0123850790883,19.2463568295686],[-99.0122960293642,19.2465138798142],[-99.0111913792346,19.2460527809381],[-99.0111319490071,19.2461314296547],[-99.0111454188748,19.2462041701313],[-99.011122769845,19.2465283210673],[-99.0110724192518,19.2467220502386],[-99.0108213793796,19.2470055406846],[-99.0106260586072,19.247003079669],[-99.0105107995456,19.2470724596543],[-99.0104593788185,19.2471429704328],[-99.0103519796513,19.247320829962],[-99.0101374501869,19.2476660009797],[-99.0098042492514,19.2482645499749],[-99.0097704493204,19.2484830204475],[-99.0097679853262,19.2484939253817],[-99.009714718565,19.2487297211658],[-99.0096004787448,19.2490708795744],[-99.0095083485759,19.2493619111559],[-99.0095050902053,19.2493716297898],[-99.0095020601787,19.2493806806818],[-99.0093521693711,19.2496945206023],[-99.0092088895338,19.2499950298464],[-99.0090652588036,19.2502969799389],[-99.0088829091539,19.2506750911829],[-99.0088219704777,19.2506786296566],[-99.0086525498728,19.2507676797944],[-99.0084386786814,19.2506938311569],[-99.0082649791053,19.250728000077],[-99.0079469197946,19.2505460313331],[-99.007689540351,19.2510239201773],[-99.0075055499034,19.2507791403302],[-99.0074859362166,19.2508143291349],[-99.0074205237188,19.2509316866926],[-99.0072835501065,19.2511774311895],[-99.0070447701542,19.2516058795865],[-99.0076187196829,19.252169290095],[-99.007766550208,19.2523154299597],[-99.0081304899005,19.252717889881],[-99.0083448495288,19.2529448300364],[-99.0085811697379,19.253195459873],[-99.0092407996923,19.2539267703998],[-99.0098123103992,19.2544882300239],[-99.0098579703055,19.2545330799817],[-99.0106933802876,19.2553416797444],[-99.0108252800268,19.2554664900372],[-99.0110298001288,19.2556045097931],[-99.0112876494072,19.2557290912435],[-99.0113242598835,19.2556477809227],[-99.0116983194615,19.2560111195601],[-99.0118289996018,19.2562446295914],[-99.0117717202178,19.2566601113033],[-99.0118504799047,19.2567751495731],[-99.0119854193509,19.2569615400607],[-99.012185029654,19.2572278006022],[-99.0125252198463,19.2576319997244],[-99.0126775387105,19.2577871803629],[-99.0128340492964,19.2579470808362],[-99.0128483837344,19.2579589271229],[-99.0129647500006,19.2580550807977],[-99.013012966761,19.2580896300875],[-99.0132171689801,19.2582359409984],[-99.0134433788842,19.2583737100473],[-99.0137223787711,19.2584967398684],[-99.0139167503567,19.2585791799241],[-99.0141895392551,19.2587094901109],[-99.0144429701216,19.2588105510506],[-99.0148610591161,19.2589938597927],[-99.0155603490508,19.2593384807696],[-99.0159554188388,19.259552620283],[-99.0160824594102,19.2596792004329],[-99.016154059851,19.2597505208067],[-99.0163888194566,19.2598942911611],[-99.0164595286368,19.2599285318376],[-99.0165151188,19.2599554502216],[-99.0165685697937,19.2599800304451],[-99.0166248402031,19.2599993280437],[-99.0168594365675,19.2600797758305],[-99.0169028443814,19.2600946614429],[-99.0172722894287,19.2602213498625],[-99.0172860972108,19.2602258211519],[-99.0174220496773,19.2602698305946],[-99.0175712299808,19.2603219709475],[-99.0179446296459,19.2604586813086],[-99.0186740897723,19.2607436603214],[-99.0189077786896,19.2608325511429],[-99.0189917696654,19.2608644906248],[-99.0190291267503,19.2608783673601],[-99.0190295260798,19.2608785165842],[-99.0190742796688,19.2608951396322],[-99.0193043504058,19.2609759708722],[-99.0197425800915,19.2611507413223],[-99.0198253495669,19.2610291696369],[-99.0200577794231,19.2609641114528],[-99.0203263389716,19.2609194901217],[-99.0205182202607,19.2609346000547],[-99.0207523990394,19.2609571202638],[-99.0210322890219,19.2610173103725],[-99.0210950302114,19.2610305204304],[-99.0213001988026,19.2610693811841],[-99.0215116486619,19.261115749689],[-99.0217545389072,19.2611738296299],[-99.0220115994377,19.2612390201043],[-99.0225355202272,19.2613723998565],[-99.0229009489026,19.2614608914071],[-99.0240166294403,19.261747221052],[-99.0240572497701,19.2617571797705],[-99.0243506004664,19.2618209813232],[-99.0248203392654,19.2619319411674],[-99.02508207997,19.2620098495745],[-99.0253885993097,19.2620847799928],[-99.0258422290281,19.2622051808598],[-99.0260397702672,19.2619436506936],[-99.0264724791192,19.2617688196739],[-99.0268595095783,19.2617607702463],[-99.0271192886483,19.2619384508505],[-99.0272005499031,19.2618370009333],[-99.0278958888808,19.2622222802607],[-99.0293007489885,19.2623746299781],[-99.0295658502308,19.2624844209457],[-99.0298203196316,19.2625955498163],[-99.0302809401427,19.2629411703738],[-99.030430450284,19.263144000666],[-99.0304680789888,19.2632510305629],[-99.030535879986,19.2641684612043],[-99.0308459390284,19.2646372897416],[-99.0310659195998,19.2649325397673],[-99.0326709090845,19.2666922003781],[-99.0330218898451,19.2671169104327],[-99.0337338501241,19.2677038197174],[-99.034097961473,19.2681204437409],[-99.034356360298,19.2684161065635],[-99.034643949745,19.2687451697012],[-99.0353537839272,19.2697939705609],[-99.0356715197608,19.2702634298604],[-99.0359436903915,19.2706365995792],[-99.0364639102167,19.2709768301534],[-99.0373194490964,19.2717057403048],[-99.0374919800391,19.2717616735617],[-99.0375589297434,19.2717825891204],[-99.0383716789893,19.272036419796],[-99.0385894602395,19.272132249623],[-99.0395276597702,19.2726503701026],[-99.0402273398671,19.2730568196334],[-99.0404312196694,19.2732539802319],[-99.0414514300439,19.2737805098619],[-99.0451000497697,19.2748641096122],[-99.0473222796342,19.2755986002493],[-99.0482869702977,19.2759782304141],[-99.0505672596883,19.2775034802573],[-99.0505676359687,19.2775036842175],[-99.052371599577,19.2784819798026],[-99.053870880445,19.2790857496101],[-99.0544983203979,19.2793671500281],[-99.0547890797963,19.2794267704449],[-99.0551596802126,19.2794588198068],[-99.0560726595733,19.2794563797531],[-99.0567629499563,19.2795003497345],[-99.0576003401419,19.279628879758],[-99.0585754196117,19.2799096303839],[-99.0596726299731,19.2802849498887],[-99.0643701798596,19.281992770029],[-99.0646451203578,19.282113819941],[-99.0683106200874,19.2844392597581],[-99.0689667504045,19.2849558501219],[-99.0688206201057,19.2851235101802],[-99.0686420195943,19.2853283999664],[-99.0685607499761,19.2854216502769],[-99.068477170372,19.2855185696042],[-99.0682982300519,19.2857261199065],[-99.068118950324,19.2859340304177],[-99.0680891504107,19.2859647703359],[-99.0679340504468,19.2861257402427],[-99.0677747798403,19.2862910297265],[-99.0675715099535,19.2865019196567],[-99.067376289741,19.2867023196176],[-99.067201850061,19.286881379575],[-99.067057710433,19.2870293396648],[-99.067020220051,19.2870664200961],[-99.0667107499909,19.2873725200319],[-99.0663658804117,19.2877136600976],[-99.0661938003137,19.2878838802581],[-99.0660302601642,19.2880456297018],[-99.0659630497013,19.2881121101228],[-99.0657583700847,19.2883159398235],[-99.0656972002281,19.2883768502356],[-99.0655213098866,19.288551999882],[-99.0653551797204,19.2887175400827],[-99.0650148300065,19.2890609400831],[-99.0649484203195,19.2891279403838],[-99.0647306201092,19.2893476598452],[-99.0643938296175,19.2896874602355],[-99.064272659882,19.2898096898046],[-99.0641645700904,19.2899194498704],[-99.0637367499767,19.2903537702661],[-99.0635372596491,19.2905576296506],[-99.0634330503471,19.2906641196128],[-99.0633864303895,19.2907123701396],[-99.0630676500503,19.2910422501336],[-99.0628237101847,19.2912947104053],[-99.0625063204433,19.2916471401518],[-99.0620961402341,19.2921043998221],[-99.0617236196604,19.2925196200984],[-99.0616839102046,19.2925638803094],[-99.0616489254634,19.2926303229871],[-99.0616316600237,19.2926631097562],[-99.0616178500601,19.2930695696962],[-99.0616013099161,19.2935560195868],[-99.0615620502107,19.2940922495709],[-99.0617191502013,19.2942195700853],[-99.061977599992,19.2944249501256],[-99.0621273803382,19.2948221503702],[-99.0623411099033,19.295654779731],[-99.0623524803879,19.2956957998331],[-99.0624049103282,19.2959024298414],[-99.062455170406,19.2961002597023],[-99.0625121101767,19.2963244200374],[-99.062594489831,19.2967145398813],[-99.0626094904585,19.2968346499377],[-99.062620420155,19.2969915203424],[-99.0626421703793,19.2973039996857],[-99.0628023803381,19.2976061799367],[-99.0629673502406,19.2978260201253],[-99.0633992602348,19.2984015498194],[-99.0636030198411,19.2986730598481],[-99.0639454303277,19.2994806496662],[-99.0643842898298,19.3005123796968],[-99.0644221198636,19.3006048802439],[-99.0645869999745,19.3010866498829],[-99.0647774300325,19.3016430802722],[-99.0645004498394,19.3025204296144],[-99.0644901099383,19.3025498198566],[-99.0643480499978,19.3029631696204],[-99.0641731698427,19.3034800203135],[-99.0640326499905,19.3038789502357],[-99.0638311499646,19.3044520297998],[-99.0637167997542,19.3047762495692],[-99.0634350574619,19.3055834786225],[-99.063425248784,19.30561157993],[-99.063399629958,19.3056849799407],[-99.0626638897264,19.3054407798376],[-99.0608855500317,19.3048582201434],[-99.0604865400782,19.3046902004238],[-99.059871290023,19.3044406501215],[-99.0584022796582,19.3062555704256],[-99.0569300898103,19.30805650994],[-99.0562024303762,19.3089508500002],[-99.0560974896627,19.3090798301778],[-99.0557706502966,19.3094796896425],[-99.0554799700543,19.309831429702],[-99.05534879953,19.3099945102324],[-99.0551885498291,19.3101937496846],[-99.0551353397446,19.3102572302456],[-99.0548993996812,19.3105387196166],[-99.0546558003574,19.3108431697459],[-99.0544476497841,19.3110800897195],[-99.0542080799964,19.3113544899856],[-99.0541852802163,19.3113812602332],[-99.0539954297666,19.311604030383],[-99.0539805403208,19.3116215108566],[-99.0537825999238,19.3118598498036],[-99.0522633198061,19.3107605202324],[-99.0520707624011,19.3110071327857],[-99.0520500489695,19.3110336607314],[-99.0509325067326,19.3123970116809],[-99.0508869403472,19.3124526005717],[-99.0506696810087,19.3126922801441],[-99.0504295689693,19.3129571697456],[-99.0503143493791,19.3128856898495],[-99.0503095692853,19.3128827206066],[-99.0496152225289,19.3124192568715],[-99.0493864301126,19.3122665414262],[-99.0488676590857,19.3118840200912],[-99.0488610888372,19.3118921814248],[-99.0484174314165,19.3124426378176],[-99.0481284593658,19.312801170843],[-99.04768424966,19.3133774364367],[-99.0475112459967,19.3136018685923],[-99.0470994112238,19.3141361266963],[-99.0466885994691,19.3146690512938],[-99.0466177386017,19.3148764902858],[-99.0463144504541,19.3145245799851],[-99.0461361088561,19.3143353195613],[-99.0459339988571,19.3141716511732],[-99.0458102785867,19.3140324504435],[-99.0457041385615,19.313891481412],[-99.0456511192922,19.3138210812272],[-99.0456135200446,19.3137768503246],[-99.0454284296715,19.3135591095662],[-99.0452692899785,19.3133768799513],[-99.0449345187569,19.312861320605],[-99.0448381702483,19.3127772596207],[-99.0448363187189,19.3127794595992],[-99.0446764502828,19.3129710807668],[-99.0445922486841,19.3129105199634],[-99.0436125194097,19.3122077408563],[-99.0435048487714,19.3123380006169],[-99.0432695102963,19.3126227104581],[-99.0430282001627,19.3129146296987],[-99.0428065994341,19.3131827095984],[-99.0427818004409,19.3132126901048],[-99.0426419087656,19.3133819396616],[-99.0426068493979,19.3134243409521],[-99.0425241196412,19.3135244195586],[-99.0423946603691,19.3136810304426],[-99.042231018966,19.3138790004496],[-99.0421843503745,19.313935449641],[-99.0419856585978,19.3141758000174],[-99.0419528801871,19.3142154605792],[-99.04177960041,19.314416400993],[-99.0417093703963,19.3143391103978],[-99.0407456000485,19.3151573803259],[-99.0404424895356,19.3154147400396],[-99.0401030302013,19.3151266899471],[-99.0400523308455,19.3150836687076],[-99.0398701735244,19.314929094924],[-99.0397549397909,19.3148313101438],[-99.0395852298833,19.3146872903043],[-99.0395128802553,19.3147476797434],[-99.0393799795857,19.3149057802717],[-99.0393559201244,19.3149344002649],[-99.0393180304621,19.3149794799757],[-99.0392952498612,19.3150144195835],[-99.0392424604172,19.3150953399767],[-99.0392261449594,19.3151203569471],[-99.0391559800951,19.3152279398022],[-99.0391093961461,19.3152993737136],[-99.0390339802307,19.3154150201276],[-99.038976411843,19.3154884350311],[-99.038852820052,19.3156460499601],[-99.0387928550186,19.3156859398735],[-99.0387328899303,19.3157258306707],[-99.0349163996449,19.3168038803726],[-99.0259762803719,19.319333890245],[-99.0259611403374,19.3193381697099],[-99.0187397499973,19.3216271102386],[-99.009449029959,19.324569800036],[-99.0075510301708,19.3251708911779],[-99.0013543089794,19.3271336301473],[-99.0013537254289,19.3271336031594],[-98.99797145006,19.3269772908169],[-98.9929403096064,19.3267446601304],[-98.9893931798345,19.3265805695993],[-98.9865347102357,19.3264482503718],[-98.9808926000828,19.326187490246],[-98.9798682300141,19.3261395797276],[-98.9795674303281,19.32578703041],[-98.9800873866205,19.3252218419683],[-98.9802922203602,19.324999187046],[-98.9806073395903,19.3246566503125],[-98.9802643697421,19.3241900899671],[-98.9801944503324,19.3241467995632],[-98.9797080003982,19.3240299103177],[-98.9793393700559,19.3239619500586],[-98.9789277797277,19.3239305398327],[-98.9788051943878,19.3239211826769]]]},"properties":{"CVEGEO":"09011","CVE_ENT":"09","CVE_MUN":"011","NOMGEO":"Tláhuac"}},{"type":"Feature","geometry":{"type":"Polygon","coordinates":[[[-99.1967110302819,19.3024049699662],[-99.1962860803606,19.3022781704132],[-99.1959535495563,19.3021989696355],[-99.1954668627593,19.3021083915843],[-99.1954334297184,19.3021021695774],[-99.1953957472159,19.302097292963],[-99.1952751438032,19.3020816855613],[-99.1952260479469,19.30207533302],[-99.1951200329311,19.3020616137019],[-99.1950693096204,19.3020550496762],[-99.195052975978,19.3020529713876],[-99.1950516499334,19.3020528588743],[-99.1950308334741,19.3020510851197],[-99.1948352204403,19.3020344204423],[-99.194467819624,19.3020128304151],[-99.1940210200492,19.3020133099161],[-99.1934511398001,19.3020484198365],[-99.1929342298004,19.3021054599603],[-99.1915844304418,19.302254370438],[-99.1895638899572,19.3024777801989],[-99.1882829996038,19.3026226604227],[-99.1880795799042,19.3026464000967],[-99.1862469701272,19.3028393999405],[-99.1859815202142,19.3028655700596],[-99.1857607399711,19.3028893202299],[-99.184188629796,19.3030703099471],[-99.1836478295274,19.3031296900239],[-99.1832081103499,19.3031772601923],[-99.1828235999032,19.3032223696646],[-99.1823490300552,19.3032795401813],[-99.1814300303088,19.3033651701303],[-99.1812613398426,19.3033747502338],[-99.1806609700473,19.303410660171],[-99.1803672801563,19.3034253101697],[-99.1798834901298,19.303437550028],[-99.1794066301672,19.3034402501783],[-99.1792875396895,19.3034403501508],[-99.1785556196438,19.3034151796343],[-99.1773962494238,19.3033364579356],[-99.1773239803211,19.3033315501735],[-99.1771325915772,19.3033156328054],[-99.1771322793846,19.3033155934466],[-99.1771155503052,19.3033134904195],[-99.1767990000085,19.3032728202719],[-99.1767739640078,19.3032686365704],[-99.1765493798766,19.303231110157],[-99.1758881998628,19.3031475701178],[-99.1752878501957,19.303061219901],[-99.1746579697407,19.3029805702664],[-99.1740513095891,19.3028942302664],[-99.1734162201902,19.3028109102268],[-99.1728682598041,19.3027305503399],[-99.1722268497575,19.3026412502529],[-99.1716796897881,19.3025656496508],[-99.1716620295892,19.3025634497554],[-99.1714932004117,19.3025424570019],[-99.1714929938629,19.3025424313885],[-99.1714929329437,19.3025424239053],[-99.1714927501865,19.3025424014556],[-99.171480435423,19.3025408688339],[-99.1714755401812,19.3025402588961],[-99.1714753669254,19.3025402384365],[-99.1714753098408,19.302540230119],[-99.1714750795193,19.3025402004362],[-99.1709486001266,19.3024711501613],[-99.1703555109671,19.3023903417332],[-99.1703514876292,19.3023897933967],[-99.1703399400364,19.3023882197854],[-99.1701950031037,19.3023646424536],[-99.1701947558381,19.3023646015787],[-99.170178199912,19.3023625798522],[-99.1698542901876,19.3023236599384],[-99.169839449835,19.3023218796196],[-99.1698366300495,19.3023214598301],[-99.1698208895319,19.3023191416618],[-99.1697983057894,19.302315814576],[-99.169789767146,19.3023145591555],[-99.1696784799386,19.3022981698837],[-99.1691245395478,19.3022219699494],[-99.1690164299656,19.302206880133],[-99.1684858900518,19.3021333100175],[-99.1681588897321,19.3020902902433],[-99.1679326000142,19.3020617804395],[-99.1675712202209,19.3020147097895],[-99.1675627401922,19.3020136202436],[-99.1675535401087,19.3020125099452],[-99.1672848800608,19.3019804800678],[-99.1672722500007,19.3019789701824],[-99.1672671999577,19.3019782801901],[-99.1666437999738,19.3018924299725],[-99.1665056903196,19.3018750803379],[-99.1659906198365,19.3018047698452],[-99.1659204896944,19.3017952197065],[-99.1655599504483,19.3017460199097],[-99.1654742001347,19.3017341097162],[-99.1649011799257,19.3016544900292],[-99.1642772597826,19.3015678600794],[-99.1637771199237,19.3014989404161],[-99.1633021696195,19.3014335102603],[-99.1631800896289,19.3014168600239],[-99.162854650321,19.30137248992],[-99.1627134902456,19.3013491204025],[-99.1625600603873,19.3013237199183],[-99.1622628903292,19.3012774196889],[-99.1619994002084,19.3012228198758],[-99.1615964199306,19.3011208501051],[-99.1615507400215,19.3011082799992],[-99.1612958497992,19.3010289504222],[-99.160773480477,19.3008280496666],[-99.1602442495412,19.3005660199859],[-99.1599732200322,19.300415660159],[-99.1597153201446,19.3002428800831],[-99.1593956599733,19.3000061704152],[-99.1590461103421,19.2997473202858],[-99.1588712604028,19.2995901701788],[-99.1586505198301,19.2993705197458],[-99.1584182798606,19.2991329103983],[-99.1579086197995,19.2984879501696],[-99.1574809396291,19.2978917403504],[-99.15733447961,19.2976989200372],[-99.1568040001438,19.2970163699935],[-99.1567203496553,19.2969087404431],[-99.1566688199119,19.296842350027],[-99.1566645398918,19.2968368304423],[-99.1566511398828,19.2968401398449],[-99.1564237398373,19.2968962901638],[-99.1559554896571,19.2969940300122],[-99.1552653500944,19.297141089556],[-99.1552151801523,19.2971512300769],[-99.1546142804381,19.2972730597414],[-99.153834180183,19.2974336296392],[-99.1521407101139,19.2978275201763],[-99.1519404001675,19.2978828301102],[-99.1517874799301,19.2979327400665],[-99.1516209498186,19.2980064198344],[-99.151547679973,19.2980640200332],[-99.1513787997273,19.2981955101651],[-99.1511005396653,19.2983832304263],[-99.1507318502916,19.29862875007],[-99.1506323997145,19.2987001996612],[-99.1500943199925,19.2990867500345],[-99.1496098898104,19.2994529401972],[-99.1487865998502,19.300092650035],[-99.1483338575436,19.3004529339371],[-99.1481857196651,19.3005708204329],[-99.1478566801893,19.3008291702166],[-99.1476421100628,19.3010285497928],[-99.1474246815442,19.3012701824244],[-99.1474180602187,19.3012775395621],[-99.14741007956,19.3012864203784],[-99.1474003995493,19.3012753404383],[-99.147130109834,19.3009665195657],[-99.1471279804142,19.3009640801126],[-99.1471124503911,19.3009643095586],[-99.147023199294,19.3009656281355],[-99.1469304200587,19.3009669996113],[-99.1466072901698,19.3009279502254],[-99.1465900201139,19.3009258299645],[-99.1461015802257,19.3008272299632],[-99.1460675205568,19.3008201932595],[-99.1459053329057,19.3007866841582],[-99.1456460802654,19.3007331197593],[-99.1452452196846,19.3006212802078],[-99.1450569702028,19.3005487195663],[-99.14469814046,19.300409460365],[-99.1446234604228,19.3003804800199],[-99.1445111801634,19.3003383395839],[-99.1440963503825,19.3001769399589],[-99.1437503195953,19.3000445401711],[-99.1433918602804,19.2999070797944],[-99.1426305503201,19.2996119099358],[-99.1426162297956,19.2996063503751],[-99.142612889944,19.2996097102564],[-99.1423649804049,19.2998580904427],[-99.1420744904304,19.3001555102172],[-99.1417672600031,19.3004700298301],[-99.1412556804783,19.3010225098588],[-99.1409283503464,19.3013786796005],[-99.1408882003546,19.3014222301783],[-99.140672850193,19.3016558497303],[-99.1405142501631,19.3018278897517],[-99.1401611998393,19.3022438502824],[-99.1401599371336,19.3022452216994],[-99.1401279096485,19.3022800003692],[-99.1396796804609,19.3027858498044],[-99.1396536195902,19.3028136496906],[-99.1393728197716,19.3031133800793],[-99.1393627503113,19.3031246301448],[-99.13934853892,19.3031404806393],[-99.1390294796941,19.3034963500482],[-99.1389479504587,19.3035852900156],[-99.138799257055,19.3037510779171],[-99.1386999696009,19.3038617801254],[-99.1386445698832,19.3039254204168],[-99.1384494904014,19.3041443502737],[-99.1382638898656,19.3043277998035],[-99.1381497700726,19.3044465202037],[-99.1378983797174,19.3047181698],[-99.1377195797999,19.304920919892],[-99.1371166202111,19.3056046799008],[-99.1364010001887,19.3063191396806],[-99.1361088598523,19.3066310798277],[-99.1355760301416,19.3072170600209],[-99.1347280202477,19.3082898295818],[-99.1347247196507,19.3082939801618],[-99.1347103397566,19.3082876304059],[-99.1341674202282,19.3080479402738],[-99.1327985703662,19.3074429104501],[-99.1324980804163,19.3073254304358],[-99.1318985112549,19.3070690579908],[-99.1315061398212,19.306901279912],[-99.1309651102974,19.3066680201943],[-99.1304551702977,19.3064485396777],[-99.1300162503231,19.3062596301826],[-99.1299715404507,19.3062403404493],[-99.1294728596633,19.3060250300996],[-99.1289494797528,19.305797050327],[-99.1282983999547,19.3055181104077],[-99.1278141998439,19.3053106500891],[-99.1276178604335,19.3052265396454],[-99.1273178297808,19.3051005702084],[-99.1270826203484,19.305001829868],[-99.1268379095775,19.3048990902846],[-99.1260833995351,19.3045737202339],[-99.1249930583661,19.3041117017709],[-99.1248258796367,19.3040408602817],[-99.1246562599003,19.3039805503876],[-99.1246102198811,19.3039629498444],[-99.1241332642729,19.303765882369],[-99.1229741398359,19.3032869501424],[-99.1224377798721,19.3030878496979],[-99.122026950425,19.3029365800719],[-99.1209391104215,19.3025961199987],[-99.1198495402242,19.3022589796992],[-99.1177867403957,19.3016831200956],[-99.1174154504604,19.3015796803744],[-99.1168077801408,19.3014202497979],[-99.1161658202792,19.3012639502871],[-99.1156774602922,19.3011444897746],[-99.115563280042,19.301116549975],[-99.1142942298356,19.3008137398896],[-99.1136517496126,19.3006773403374],[-99.1129636196008,19.3005380603415],[-99.1124533701767,19.300416149563],[-99.1119576798132,19.3002927703927],[-99.1114306300015,19.3001593496217],[-99.1102989204618,19.2998880304027],[-99.109927249735,19.299798649663],[-99.1094216902161,19.2996725997843],[-99.1092142495373,19.2996199995622],[-99.1092074204496,19.2996182596942],[-99.1091965699957,19.2996177801959],[-99.1088077500318,19.2996007695805],[-99.1084308204763,19.2996262196578],[-99.1082158495388,19.2996424302858],[-99.1073812896379,19.2996925502139],[-99.1072533498096,19.2996959502229],[-99.1070763503797,19.2997077101999],[-99.1065751500156,19.299732939852],[-99.1063893099971,19.2997426803973],[-99.1060838798949,19.2997598195897],[-99.1055667395427,19.2997908500264],[-99.1054193402219,19.2997976003587],[-99.1050165196005,19.2998174899278],[-99.1049495097697,19.2998211398593],[-99.1047457355308,19.2998316508791],[-99.1045024298121,19.2998441998506],[-99.1040358302386,19.2998681400412],[-99.1037664902043,19.2998838500142],[-99.1029259479774,19.2999286833642],[-99.1021208798262,19.2999716204013],[-99.1013289999444,19.3000094596228],[-99.101025949907,19.3000194003239],[-99.1009470500067,19.3000207399505],[-99.1009302268435,19.300020432433],[-99.1009292223955,19.3000204131525],[-99.1009292957908,19.3000195655844],[-99.101222549536,19.2966277103642],[-99.1012571067199,19.296278290338],[-99.1012975021503,19.2958698244063],[-99.1013637397962,19.2952000604008],[-99.1021833487783,19.2948271163433],[-99.1027443102651,19.2945718597454],[-99.1028924503826,19.2945055497945],[-99.1037585495821,19.2941100598524],[-99.1039642900388,19.2940127203635],[-99.1044457096629,19.2937849397686],[-99.1046201996503,19.293702369641],[-99.1050220499435,19.293517140347],[-99.105683970194,19.2932796002072],[-99.1057323997994,19.2932608199016],[-99.1061774499642,19.2930980004079],[-99.1081371103141,19.2922811399137],[-99.1092939999771,19.2917865498854],[-99.1102927404195,19.2913696897276],[-99.1103615704694,19.2913416199382],[-99.1116055703221,19.2908074899324],[-99.1128405703802,19.2902859697176],[-99.1145331398501,19.2895637096772],[-99.114906910169,19.2894041997241],[-99.1157136204727,19.289060659818],[-99.1179322304602,19.2881178796416],[-99.1216461199437,19.28653161965],[-99.122222109795,19.2862865401646],[-99.1239101797078,19.2855691203651],[-99.1243375999295,19.2854310303011],[-99.1249252199164,19.2852411799294],[-99.12499901968,19.2852207502426],[-99.1252004797963,19.2851675800644],[-99.1254422898723,19.285103199822],[-99.1257374798462,19.2850186202442],[-99.127584570358,19.2845014603245],[-99.1282897501549,19.2843057803439],[-99.1291342798191,19.284067659998],[-99.1295219196004,19.283958879923],[-99.1303728903004,19.2837200299245],[-99.1308319700945,19.2835911400231],[-99.1314163196379,19.2834269797538],[-99.13194149296,19.2832814677001],[-99.1319944295458,19.2832668004131],[-99.1324842904,19.2831310597761],[-99.1340133996493,19.2827009401648],[-99.1351070499622,19.2824614498482],[-99.1359287501224,19.2823352503627],[-99.1364724298043,19.2822762904095],[-99.1369922901211,19.2822349097613],[-99.1374588504383,19.2822106295795],[-99.1378854296838,19.2822064598441],[-99.1385532499881,19.282228350372],[-99.138904199994,19.2822432202079],[-99.1392674299539,19.2822654496278],[-99.139691169683,19.2823161502837],[-99.1402329103031,19.2823851800695],[-99.1408985702874,19.2824989202521],[-99.1410559502014,19.2825285996989],[-99.1410798797618,19.2822927198163],[-99.1411956801753,19.2811903999962],[-99.1411948000177,19.2810740295827],[-99.1413475699414,19.2800694897661],[-99.1414601401654,19.2791550804385],[-99.1414519198274,19.2790671104481],[-99.141432369731,19.2788580795454],[-99.1415017796291,19.2783881503789],[-99.1415383499171,19.2779583195579],[-99.1415578502316,19.2775439697163],[-99.1416437396593,19.2770973499967],[-99.1417304495246,19.2766169801164],[-99.1417725201563,19.2756869400894],[-99.1419137803578,19.2751194297387],[-99.1419766795333,19.2747976197273],[-99.1420016900055,19.2746757096913],[-99.1420879198391,19.2739446299742],[-99.1411386795642,19.2737300898232],[-99.1411881402549,19.2735345499792],[-99.1414157397661,19.2727777403366],[-99.1416314600304,19.2722940799687],[-99.1417599197289,19.2718928297523],[-99.141868629679,19.2714557404417],[-99.1420478202564,19.2708568503879],[-99.1421392796839,19.2706929504324],[-99.1422107997736,19.2706702599475],[-99.142387689839,19.2706936903983],[-99.1425178503942,19.2706775700618],[-99.1426099403199,19.270624180285],[-99.1427960797833,19.2705036597747],[-99.1428957803836,19.2703724497304],[-99.142999770096,19.2702452502108],[-99.1430705796196,19.2701042004126],[-99.1431648897877,19.2697996895735],[-99.1433677397383,19.2694705099523],[-99.1435917801664,19.26951071984],[-99.1437634303325,19.2695105799828],[-99.143946200405,19.2695405398851],[-99.1443589204373,19.268844280351],[-99.1445517703268,19.2684655097405],[-99.1446799701108,19.2682315995804],[-99.1447305701377,19.2681299496541],[-99.1448102301079,19.267870600243],[-99.1449097400479,19.2675595400695],[-99.1449214298124,19.2674468303793],[-99.1441268598202,19.2673438803563],[-99.1438546500579,19.2673065401143],[-99.1436287102577,19.2672717697955],[-99.1434405196709,19.2672532197678],[-99.1432233689105,19.2672322207894],[-99.1433310304299,19.2665219803775],[-99.1424875097903,19.2666926300123],[-99.1424031398874,19.2666248904414],[-99.1424316501444,19.2651644795996],[-99.1424550001631,19.2648912202369],[-99.1424989196301,19.2643769504235],[-99.1424681803541,19.2643266900556],[-99.1424026196144,19.2642350797304],[-99.142374059577,19.2641602595497],[-99.1424210198426,19.2639554202259],[-99.1424361097876,19.263764999547],[-99.1424300000178,19.2635968299046],[-99.1424236503023,19.2634365498609],[-99.1423945396681,19.2633526501238],[-99.142357519801,19.2632925502983],[-99.1423165503223,19.2632299503189],[-99.1422856598757,19.2630267400912],[-99.1422538599322,19.2625469500919],[-99.1421101800841,19.2618469699998],[-99.1421149203222,19.2617763798205],[-99.1421268795187,19.2617240202643],[-99.1421460495372,19.26167954994],[-99.1422189998394,19.2615095999589],[-99.1422664203884,19.2614000898193],[-99.1423019401143,19.2613171996033],[-99.1423503199925,19.2612002004011],[-99.1424131197236,19.2610551403724],[-99.142434339664,19.2609563399572],[-99.1423968204595,19.2606185399875],[-99.142398849887,19.2604693999348],[-99.1423838898681,19.2603475699212],[-99.1423666795839,19.2602344602786],[-99.1422588799009,19.2599920897281],[-99.1422103999412,19.2599065199422],[-99.1420952603886,19.2598548299393],[-99.142022310435,19.2597846802339],[-99.1419147404413,19.2595625496449],[-99.1417888504129,19.2592954602893],[-99.1417209996849,19.2592237798052],[-99.1416368202157,19.2591787503404],[-99.1415042899647,19.2590803502227],[-99.1414190598776,19.2590149798474],[-99.1413280803834,19.2589627799696],[-99.1411882000795,19.2589005098357],[-99.1410600303482,19.258833819814],[-99.1409442901634,19.2587719503556],[-99.1408560195953,19.2586774799561],[-99.140754250014,19.2585425796052],[-99.1405732804105,19.2583932497195],[-99.1404542301842,19.2582885499441],[-99.1403327400851,19.2581340902288],[-99.1402562295929,19.2580140200845],[-99.1402076801817,19.2579223102887],[-99.1401728897117,19.2578624200995],[-99.1401630803545,19.2578228301583],[-99.1401604301519,19.2577739496953],[-99.140174309842,19.2577022500908],[-99.1401863803951,19.2576370195585],[-99.1402065502452,19.2575641099838],[-99.1402502900683,19.2574755696953],[-99.1403172604086,19.2574015097895],[-99.1404537998819,19.2573096198126],[-99.1406377401865,19.2571981995941],[-99.140793349679,19.2570714802014],[-99.1408008001284,19.2569996896657],[-99.1407815404582,19.2569430201792],[-99.1407469798331,19.2568631398514],[-99.1405885499296,19.2565766896615],[-99.1405363797524,19.2565256800867],[-99.1404849698309,19.256492940043],[-99.1403906200343,19.2564430595947],[-99.1402216899644,19.2563786801882],[-99.1401207799513,19.2563412896678],[-99.1400444603615,19.2562806002749],[-99.1400090196874,19.2562319803495],[-99.1399515697916,19.256128950015],[-99.1398182898324,19.2558923801665],[-99.1397330596107,19.2557236300017],[-99.1395869400102,19.2554592198563],[-99.1394570304134,19.2549340301855],[-99.1393946602978,19.254693279722],[-99.1394033800307,19.254604280354],[-99.1394787500199,19.2543422300316],[-99.1394939497112,19.254232710126],[-99.1395383096913,19.2540919500384],[-99.1395774503866,19.2539100898257],[-99.1396116901461,19.2537867498803],[-99.1396336002347,19.2536731197742],[-99.1396709800495,19.2535663702988],[-99.1396924602083,19.2534342803817],[-99.1396923801672,19.2533594202427],[-99.1397586895977,19.2533243800301],[-99.1397982199863,19.2533243496995],[-99.139839080204,19.2533031503881],[-99.1398778596888,19.2532458001308],[-99.1399440599342,19.2530929400807],[-99.1399545197419,19.2530070497012],[-99.1400289500034,19.2529413400522],[-99.1400842197983,19.2528625199762],[-99.1401019496579,19.2528186899243],[-99.1401447404444,19.2527523800388],[-99.1401896801745,19.2525934502327],[-99.1402007998092,19.2525218301648],[-99.1401963699558,19.252467710401],[-99.1401766199379,19.2524116297963],[-99.1401716902996,19.2523515100781],[-99.14014250998,19.2522548902256],[-99.1401329700556,19.252207350024],[-99.1401301996832,19.2521580200382],[-99.1401406200454,19.2520920800898],[-99.1401576895778,19.2520176798968],[-99.1401597401222,19.2519981200794],[-99.140156220447,19.2519454499772],[-99.1401561696679,19.2519010304119],[-99.1402121999286,19.2518418497247],[-99.1403351398654,19.251788279664],[-99.1404216798817,19.2516264604071],[-99.1404581502983,19.2515406595945],[-99.14048474979,19.2514525200841],[-99.1405146297485,19.2514025500676],[-99.1405207496596,19.2513774501146],[-99.1405016598024,19.2513553997915],[-99.1404839503385,19.2512850503586],[-99.1405521499045,19.2512547496658],[-99.1406583798849,19.2512258604345],[-99.1406897504567,19.25122125044],[-99.1407175795555,19.2511417801881],[-99.140772489952,19.2510443104411],[-99.1407989698735,19.2509771199595],[-99.1408559103748,19.250962339561],[-99.1409182598636,19.2509553199987],[-99.1409515504675,19.2509474004458],[-99.1409864596843,19.250911179955],[-99.1410339102657,19.2508695498236],[-99.1410740003405,19.2508282804221],[-99.141111739608,19.2507563499905],[-99.1412546495357,19.2506476602821],[-99.1412631096708,19.2506127699889],[-99.1412744902713,19.2505548600446],[-99.141308890297,19.2504784903804],[-99.1413532797536,19.2503940797334],[-99.1414291698214,19.2502634895509],[-99.1414839802702,19.2501313804518],[-99.1415645796533,19.2500000603803],[-99.141599720201,19.2499368897512],[-99.1416314504016,19.2498586303503],[-99.1416910897085,19.2497510900744],[-99.1416985504535,19.2496904495619],[-99.1417026199108,19.2495909499234],[-99.1417084798211,19.2495517703464],[-99.1417231997935,19.2495181800042],[-99.1417157501075,19.2494342502754],[-99.1417112797385,19.2493643103289],[-99.1416793201394,19.2491660596189],[-99.141691920062,19.2490835803747],[-99.1417256300164,19.2489952004487],[-99.1416675104098,19.2488588498602],[-99.1415631803301,19.2486909101402],[-99.1413781498092,19.2485847999077],[-99.1411071503201,19.2484466300559],[-99.1409585995902,19.2483454501427],[-99.1408119996225,19.2482700899495],[-99.1406217199279,19.2481120898075],[-99.1405174904757,19.2480553500354],[-99.1403637503407,19.2479813400325],[-99.1403025697666,19.2478105402747],[-99.1402288302453,19.2475814498996],[-99.1399889997023,19.2473493502585],[-99.1398168799358,19.2470900502329],[-99.139738139906,19.246947690435],[-99.1396103197441,19.2467229398463],[-99.1393958796434,19.2463613198489],[-99.1392759499909,19.2462378595725],[-99.1390413800392,19.246042830307],[-99.138921509788,19.2459663395894],[-99.1395894221691,19.2448719057761],[-99.1400038502589,19.2441928204235],[-99.1401903189575,19.2438513099865],[-99.1402251188257,19.2438033208798],[-99.1402859795596,19.2436739706305],[-99.1403315196263,19.2436279099532],[-99.1403840904252,19.2435947207053],[-99.1410470490498,19.2435878206041],[-99.1410957385395,19.2435924299736],[-99.1411435094148,19.2436036302527],[-99.1416214604591,19.2437546507125],[-99.1416531100932,19.243747750086],[-99.1417087998652,19.2436798310703],[-99.1417067202685,19.2436540197976],[-99.1416561203451,19.2435812201634],[-99.1417146901516,19.2435945109841],[-99.1420054291031,19.2436443396804],[-99.1420595996266,19.2436820895583],[-99.1422030282238,19.2438341530559],[-99.1422362195456,19.2438693395432],[-99.1423314590809,19.2441590309283],[-99.1433153989219,19.2444812009295],[-99.143338068529,19.2444900918448],[-99.1436657792946,19.2446186302619],[-99.1442553997423,19.2447402599222],[-99.1441918298499,19.2445797999599],[-99.1442467628846,19.2442135905689],[-99.1442508802239,19.2441861398147],[-99.1442509663297,19.2441783480818],[-99.1442529198453,19.2440007404392],[-99.144251399815,19.2436607402474],[-99.1442398497483,19.243558719818],[-99.1442054758094,19.2432931245705],[-99.1441916413058,19.2431862347448],[-99.1441673496725,19.2429985400341],[-99.1441672446388,19.2429977262778],[-99.1441525651289,19.2428841913517],[-99.1441290500569,19.242702319707],[-99.1441182353774,19.2426188707342],[-99.1441169201205,19.2426087195772],[-99.144095739744,19.2425572499508],[-99.1440927866453,19.2425223079467],[-99.1440901422895,19.2424910202154],[-99.1440807399355,19.2423797495854],[-99.1440760931577,19.2423117168018],[-99.1440690569798,19.2422086992409],[-99.1440574200712,19.2420383202342],[-99.1440317095556,19.2417021404062],[-99.1440060495803,19.2414631799541],[-99.1440030655949,19.241401827764],[-99.1439799702575,19.2409269315673],[-99.1439773697348,19.2408734497617],[-99.1439749199895,19.2408088198795],[-99.1439695830547,19.2407008770577],[-99.1439627829892,19.2405633622265],[-99.1439469380115,19.2402429109359],[-99.1439443097968,19.2401897502749],[-99.143947117036,19.240168595968],[-99.1439482498754,19.2401600603236],[-99.1440114899556,19.2396844895561],[-99.1441772202444,19.239670149825],[-99.1443982388389,19.2396249557755],[-99.1451449799359,19.2394722599925],[-99.1453446895647,19.2393855696084],[-99.1456047703673,19.2393250800287],[-99.1460607799697,19.2393284297334],[-99.1461203201878,19.2393289799217],[-99.1462164301542,19.2394624603696],[-99.1463080199741,19.239880120301],[-99.1463883045234,19.2400064803955],[-99.146423910154,19.2400625201999],[-99.1464951686621,19.2401488098807],[-99.1465833402705,19.2402555801755],[-99.1466832001986,19.2403367796115],[-99.1468965100762,19.2404098798379],[-99.147017620147,19.2404293397003],[-99.1471367496145,19.2404205395524],[-99.1473601501572,19.2403653704163],[-99.1475198303062,19.2402592201927],[-99.1473415701518,19.2399528303902],[-99.1471661799535,19.2395961199076],[-99.1470159095271,19.239299420174],[-99.1463348299367,19.2379930203902],[-99.1461686595475,19.2376742498088],[-99.1461554198082,19.2376485503679],[-99.1459380691934,19.2372391530366],[-99.1450393203936,19.2355462596009],[-99.1448378604686,19.2351963799343],[-99.144452539071,19.2345248600537],[-99.1446906792183,19.2345030797553],[-99.1447821700672,19.2344800205559],[-99.1448043486368,19.2344518797711],[-99.1448442900888,19.2343843801475],[-99.1449197798573,19.2343407414403],[-99.1450619691742,19.2343378196134],[-99.1452204803726,19.2343700214255],[-99.1453320896904,19.2344383112299],[-99.1453982300981,19.2344562011354],[-99.1454981790646,19.2344199508597],[-99.1455578293129,19.2343706806351],[-99.1456367387956,19.2343224195793],[-99.1457808590305,19.2343224807473],[-99.1458750899022,19.2343174002978],[-99.1459224586363,19.2342821506855],[-99.1460005502804,19.234217649638],[-99.1460904295456,19.2342135812203],[-99.1462109691998,19.234225399814],[-99.1463309497711,19.2342012601399],[-99.1463630250525,19.2342038813317],[-99.1463853099784,19.2342057023001],[-99.1464448786219,19.2342105708528],[-99.1465172076283,19.2342294062096],[-99.1465871801926,19.2342476298488],[-99.1466013471329,19.2342554190811],[-99.1467209402178,19.2343211706808],[-99.1468220503941,19.2343544095705],[-99.1468556319055,19.2343654494348],[-99.1468768550331,19.2343724270527],[-99.1468864188956,19.2343755712658],[-99.1468941052469,19.2343762302175],[-99.147414948957,19.2344208503577],[-99.14751119759,19.234447038069],[-99.1475360279715,19.2344537938356],[-99.1475540563253,19.2344586997129],[-99.1475716617036,19.2344634897845],[-99.1475784589669,19.2344653395787],[-99.1475930863507,19.2344721879474],[-99.1477423204337,19.2345420610927],[-99.1478767404485,19.2345572499241],[-99.1479656191581,19.2346377803371],[-99.1481010786003,19.234723140721],[-99.1481818000919,19.2347938500804],[-99.1482886934351,19.2348623303762],[-99.1483428592295,19.2348970307304],[-99.1484024791123,19.2349776496837],[-99.1484134471388,19.2350750091222],[-99.1484197788176,19.2351312199929],[-99.148388090132,19.235337919667],[-99.148342600081,19.2354352510035],[-99.1482644589615,19.2355278306807],[-99.1481657403629,19.2356335099257],[-99.1481292483897,19.2356997746697],[-99.1481151687959,19.2357253401396],[-99.1480690228784,19.235862498829],[-99.1480570889176,19.2358979710053],[-99.1480151649829,19.2360003045806],[-99.1480099389391,19.2360130608774],[-99.1479670605342,19.2360560661135],[-99.1479557100777,19.2360674501119],[-99.1479630202058,19.2361169209055],[-99.1479655603669,19.2361247503975],[-99.1479737185621,19.2361498906765],[-99.1479885997351,19.2361678602484],[-99.1480160900689,19.236194779968],[-99.1480634303277,19.2362253996219],[-99.1480997097222,19.2362492908518],[-99.1481161427282,19.2362557384156],[-99.1481377090414,19.2362642000097],[-99.1481716141625,19.2362797647624],[-99.1482002494776,19.236292910642],[-99.1482341196386,19.2363084602248],[-99.1482636101094,19.2362438144239],[-99.1482701811822,19.2362294110727],[-99.1482773200934,19.236213762752],[-99.1482980000896,19.2361684301168],[-99.1483709794011,19.2360016813317],[-99.14836990884,19.2358333110136],[-99.1483898594418,19.2357753406206],[-99.1484369686989,19.2357202206422],[-99.1485299795272,19.2356796008726],[-99.1486139499007,19.2356694198963],[-99.1487070903256,19.2356649802414],[-99.148789399307,19.2355823397711],[-99.1488381786912,19.2355228807574],[-99.1488918590102,19.2353638904517],[-99.1489410892634,19.2351926596283],[-99.1490105397168,19.235117430014],[-99.1490965488582,19.2350342495867],[-99.1491667187982,19.2349576301355],[-99.1492020504255,19.2348878009053],[-99.1492825686855,19.2348441996998],[-99.1494136487815,19.2348006906526],[-99.1494942797639,19.2347448606932],[-99.1495415699043,19.2346811497095],[-99.1495694290527,19.2346254503836],[-99.1495723193738,19.2345538797315],[-99.1495363392745,19.2344877114104],[-99.1494364599506,19.2344190500931],[-99.1493449389185,19.2343450608084],[-99.1493066592497,19.2342684601188],[-99.1493108895214,19.2341757111783],[-99.1493871396409,19.2340877802662],[-99.149465059991,19.2340318801697],[-99.1494959458582,19.2340328157591],[-99.1495456290154,19.2340343200625],[-99.1495955092938,19.2340819199396],[-99.1496133793098,19.2340953958933],[-99.1496620803504,19.2341321198133],[-99.1497814604602,19.2341609805618],[-99.1500258899547,19.2341815203591],[-99.1501342599572,19.2341705996574],[-99.1502509386765,19.2341782307874],[-99.150309228656,19.2341939808028],[-99.1503869397922,19.234233549644],[-99.1504423385822,19.2342944010308],[-99.1504642888548,19.2344137110929],[-99.1504779104257,19.2345383107379],[-99.1504795058146,19.2345934037849],[-99.1504805204498,19.2346284301245],[-99.1504846851614,19.2346437328726],[-99.150489353903,19.234660885186],[-99.1504921395425,19.2346711201086],[-99.1505068054513,19.2346749492786],[-99.1505914901789,19.2346970599877],[-99.1506788296456,19.2346892481099],[-99.1506830859144,19.2346888672937],[-99.1506831700066,19.234688859821],[-99.1506922734635,19.2346668259836],[-99.1507001391181,19.234647789333],[-99.1507347303121,19.2345640697751],[-99.1507445802169,19.2345402299058],[-99.1507555662936,19.2344491250294],[-99.1507644196494,19.2343757109027],[-99.1507478331279,19.2342727364282],[-99.1507477841936,19.2342724310945],[-99.150747625369,19.2342714514476],[-99.1507370800755,19.2342059700316],[-99.1507041486756,19.2340653506494],[-99.1506571989735,19.2339778598775],[-99.1505607192212,19.2337549810654],[-99.1505252294472,19.233672109649],[-99.1504910902778,19.2335308804301],[-99.1504767996351,19.2334138296287],[-99.1505202601902,19.2332110613295],[-99.1505796001998,19.2331675707903],[-99.1506016189167,19.2330831701899],[-99.1505859998646,19.2329185502997],[-99.1505752604456,19.2326547197615],[-99.1506032900727,19.2325617868877],[-99.1506036303099,19.2325606599271],[-99.150612753833,19.2325468709573],[-99.1506147867791,19.2325437972824],[-99.1507015404323,19.2324126803544],[-99.1507129808079,19.2324024892705],[-99.1507438117214,19.2323750283241],[-99.1507441003823,19.2323747710376],[-99.1507532868901,19.2323665876483],[-99.15078581671,19.2323376122491],[-99.1508166592816,19.2323101397328],[-99.1508518801484,19.2322347709199],[-99.1508659396142,19.2320834512237],[-99.1509013688611,19.2319839800296],[-99.1509326291732,19.2319418203869],[-99.1509760593792,19.2319082598504],[-99.1510990798651,19.2317719700525],[-99.1511022439383,19.2317634265745],[-99.1511703991613,19.231579380008],[-99.151232659976,19.2314913213032],[-99.1512725281162,19.2314502082834],[-99.1513659702137,19.2313538502561],[-99.1515263790343,19.2311966907],[-99.151554015098,19.231162988764],[-99.1516123330717,19.2310918698514],[-99.1516249198242,19.2310765199576],[-99.1517400792471,19.2308097509649],[-99.1517550672605,19.2307565583324],[-99.1517776338295,19.230676465215],[-99.1517808894204,19.2306649101762],[-99.1517937103609,19.2304810807495],[-99.1518212596997,19.2302113108974],[-99.1518603103088,19.2300683196208],[-99.1518638510644,19.2300621469489],[-99.1519144599643,19.2299739199588],[-99.1520201387582,19.2298030602719],[-99.1521284601874,19.2296228499779],[-99.1522307991035,19.2294797805907],[-99.1523331700407,19.2293681999133],[-99.152375279823,19.2292766606389],[-99.1523893785799,19.229134680919],[-99.1524172589885,19.2289743795908],[-99.1524563090285,19.2288285399857],[-99.1525075502839,19.2286075485691],[-99.1525133399094,19.228582581249],[-99.1525618186418,19.2284267997743],[-99.1525799031036,19.2283710002419],[-99.152648949876,19.228157951313],[-99.1527000287947,19.2279451098305],[-99.1527150574529,19.2278803578124],[-99.1527690589969,19.2276476898715],[-99.1528320902761,19.2273645709167],[-99.1528650303137,19.2271386603571],[-99.1529353086364,19.2269022308116],[-99.1529842589341,19.2266499105464],[-99.1530719989165,19.2265108311565],[-99.1531807087221,19.2263194213097],[-99.1532616186161,19.2261597507486],[-99.1533784886156,19.2259818306571],[-99.153316969273,19.2258625407314],[-99.1532120890498,19.2256029404248],[-99.1531233704751,19.2253424308921],[-99.1530391403967,19.2252065102336],[-99.1529735995615,19.2250992301004],[-99.1529001199414,19.2250032607813],[-99.152840569305,19.2249336497683],[-99.152784968909,19.2248734501916],[-99.1527373399378,19.2248377099961],[-99.1526910492469,19.224815970558],[-99.1526374797624,19.2247840012861],[-99.1525402599802,19.2247407700567],[-99.152456368802,19.2247101802553],[-99.152366320035,19.2246846201789],[-99.1522764201495,19.2246731996491],[-99.1522116204114,19.2246715695808],[-99.1521203687104,19.2246622198768],[-99.1519647398631,19.224648089696],[-99.1518624500207,19.2246293196652],[-99.1517456196846,19.2246206612926],[-99.1516664327484,19.2246146047528],[-99.151602179558,19.2246096897132],[-99.1515519202235,19.2246068497296],[-99.1514955497783,19.2245967798186],[-99.1514513699447,19.2245837998144],[-99.1514087099186,19.2245650502528],[-99.1513705996932,19.2245477400557],[-99.1513203103843,19.2245174203842],[-99.1512736800248,19.2244849401449],[-99.1512328598757,19.224450089889],[-99.1511904795471,19.2244055199029],[-99.1511641696483,19.224371949988],[-99.151143509573,19.2243411701786],[-99.1511282896151,19.2243150899323],[-99.1511152203928,19.2242895096007],[-99.1511030503071,19.2242619802775],[-99.151092220294,19.2242330801406],[-99.1510845104528,19.2242084897073],[-99.1510786199945,19.2241860599254],[-99.1510743797137,19.2241510800538],[-99.1510732203998,19.2241136197938],[-99.1510752001463,19.2240791097312],[-99.1510807696174,19.2240413696772],[-99.1510902498499,19.2240028798992],[-99.1511010598455,19.2239713096618],[-99.1511138897359,19.2239415695554],[-99.1511334301144,19.2239004303147],[-99.1511531800508,19.2238541500158],[-99.1511714200436,19.2238107502973],[-99.1511869396233,19.2237770801098],[-99.1511966300901,19.2237462298327],[-99.1512022304016,19.2237170001614],[-99.1512044500112,19.2236907199546],[-99.151203909621,19.223661879936],[-99.1512007401557,19.2236359401477],[-99.1511845802718,19.2235618202769],[-99.1511646904581,19.2234865999328],[-99.1511502195784,19.2234079703112],[-99.1512207698043,19.2232445100805],[-99.151314720432,19.2232079395809],[-99.1513958597633,19.2232224804244],[-99.1514083202574,19.2232304199266],[-99.151426089846,19.2232817496156],[-99.1514475401665,19.2233527702782],[-99.1514783400958,19.2234225096556],[-99.1515117700359,19.2234402297802],[-99.1515438302146,19.2234389403339],[-99.1515798801812,19.2234173400016],[-99.151619890414,19.2233526204057],[-99.1516518597217,19.2232612603118],[-99.1516718302723,19.2231863998629],[-99.1516904499402,19.2231102799981],[-99.1517748599027,19.2228736603304],[-99.1518421999512,19.2227312203865],[-99.151909340459,19.2224124803442],[-99.1520228804316,19.2220394603397],[-99.1520366203035,19.2218821497253],[-99.1520098197667,19.2217411400564],[-99.1520637998347,19.221295860003],[-99.152290250372,19.220877540243],[-99.1523379495543,19.2207147696454],[-99.1524805199544,19.2205338301693],[-99.1526170596943,19.2204681400624],[-99.1527670500537,19.2204621096464],[-99.1528415702222,19.2205032898548],[-99.1529344200379,19.2205808795845],[-99.1530577399751,19.2207412197257],[-99.1532171097853,19.2209851701389],[-99.153284489897,19.2211839799225],[-99.1534242500989,19.2214098596227],[-99.1534815200554,19.2215815696789],[-99.1535193688565,19.2218062506598],[-99.1543948600208,19.2206392798359],[-99.1496061696805,19.2192423189389],[-99.1495936021197,19.2192386525522],[-99.1495436503837,19.2192240799821],[-99.1383158603334,19.2157282496873],[-99.1344458291665,19.2116161362404],[-99.1338986797914,19.2110347343819],[-99.1338772039328,19.2110119140715],[-99.1336036525369,19.2107212355741],[-99.1335901456277,19.2107068841683],[-99.1333131450844,19.2104125376351],[-99.1332961104588,19.2103944355811],[-99.1330397481235,19.2101220206584],[-99.1330143389819,19.2100950206393],[-99.1329734593563,19.2100767410734],[-99.1328746002452,19.2100258201855],[-99.132821479983,19.2099793411252],[-99.132870479182,19.2099224807049],[-99.1329186797863,19.209856619805],[-99.1329156897745,19.2097523714102],[-99.132865001861,19.2096410746556],[-99.1327730004322,19.2094390595711],[-99.1327663387969,19.2092557102113],[-99.1327679323765,19.2092414354008],[-99.1327681275561,19.2092396833612],[-99.1327686917049,19.2092346279588],[-99.1327966588066,19.2089840312346],[-99.1327701496648,19.2083348203956],[-99.1327100794442,19.2082478616533],[-99.1327042492256,19.2082394197244],[-99.1326319093919,19.2081931590337],[-99.1325251395952,19.2081248799836],[-99.1324854647853,19.2080779351685],[-99.1324197687974,19.2080002008159],[-99.1323963825397,19.2079296771499],[-99.132320250043,19.2077000909715],[-99.1323212335812,19.2076741159501],[-99.1323229991526,19.2076274800463],[-99.1323390948054,19.2075839755853],[-99.1323393192748,19.2075833692351],[-99.1324286915612,19.2073418051296],[-99.1324977493885,19.2071551510655],[-99.1325223988411,19.2070091697392],[-99.1324995688597,19.2067234795861],[-99.1324343739216,19.2064904070782],[-99.1324311989818,19.2064790513121],[-99.1322716799614,19.2062387203217],[-99.1321498020087,19.2061032493261],[-99.1321431823696,19.2060958922254],[-99.1319800290755,19.2059145402846],[-99.1316428802562,19.2056094008361],[-99.1315659502487,19.2055292296186],[-99.1314851186704,19.20542819982],[-99.1314407741665,19.2053514562546],[-99.1313660191256,19.2052220804353],[-99.1313007971054,19.2050414130945],[-99.1312136888772,19.2048001110612],[-99.1312130190413,19.2047770345633],[-99.1312068888227,19.204565481192],[-99.1309241702658,19.2042046007429],[-99.130841870009,19.2041319815876],[-99.1308326895522,19.204123880901],[-99.1307656596712,19.2040777403522],[-99.1305529985979,19.2040070812633],[-99.1305075390535,19.2039928307058],[-99.1304384496196,19.203970319786],[-99.1301143099527,19.2038825798289],[-99.1300833397524,19.2038463200037],[-99.1300796600263,19.2038001814382],[-99.1300887190995,19.2037530203712],[-99.1301994295987,19.2035169413201],[-99.1302284787882,19.2034322598082],[-99.1303023986343,19.2031755503551],[-99.1301725949921,19.2031317149088],[-99.1300615961485,19.2030942288636],[-99.1299174590952,19.203045551049],[-99.1297472801671,19.2030166603495],[-99.1296373986495,19.2030132336645],[-99.1293131498667,19.2030031209769],[-99.1293146908139,19.2029936205749],[-99.1293921694311,19.2025158610491],[-99.12939621885,19.2024649710482],[-99.1294297701639,19.202069059816],[-99.1294652600853,19.2018162008022],[-99.1294806586615,19.2016615996544],[-99.1295390290886,19.2010720899971],[-99.1295400541158,19.2007473165725],[-99.1295402602465,19.2006820912263],[-99.1295402585573,19.2006816735515],[-99.1295400295931,19.2003821107358],[-99.1294693990507,19.2003227695671],[-99.1294035492359,19.2002253498475],[-99.1293601802797,19.2001583799012],[-99.1293424891469,19.2000990208749],[-99.1293345785811,19.2000378203505],[-99.1293400595533,19.1998820597479],[-99.1293206792914,19.199836250593],[-99.1292874599402,19.1998047803106],[-99.1291527204773,19.1997436498837],[-99.12911733924,19.1997153110786],[-99.1290894901019,19.199671460741],[-99.1290846294036,19.1995849100154],[-99.1290928799432,19.1994411806249],[-99.1291127686043,19.199323481265],[-99.1291399488735,19.1991909996453],[-99.1291996288641,19.199046019869],[-99.1292771495882,19.1989009699253],[-99.1293779395756,19.198742140957],[-99.1294487689814,19.1985996598241],[-99.1294781204092,19.1985205200472],[-99.1294983786503,19.198455860128],[-99.1295098300436,19.1984076595703],[-99.129515378942,19.1983693212388],[-99.1295124894552,19.1983255199235],[-99.1294996301202,19.198292460161],[-99.1294803199721,19.1982623398181],[-99.1294570604464,19.1982365508894],[-99.1293750786688,19.1981907507284],[-99.1292929191196,19.198164251056],[-99.1292696195388,19.198126879716],[-99.1292737398474,19.1980367801522],[-99.1292741999632,19.1980044900958],[-99.1293089403345,19.1979375509116],[-99.1294378201698,19.1977708201684],[-99.1295410896329,19.1976552901595],[-99.1295077198853,19.1975134004317],[-99.1294814489399,19.197454220881],[-99.1294729799922,19.1973778896988],[-99.1295059195211,19.1972710003051],[-99.1296130597741,19.197120630607],[-99.130020629769,19.1967451198041],[-99.1302232204522,19.1966114203839],[-99.1303937702919,19.1963817500083],[-99.1304506596701,19.1962054802491],[-99.1304261697773,19.1960961400641],[-99.1303611276621,19.1960163037474],[-99.1303607130973,19.1960157948783],[-99.1302204499336,19.1958436295471],[-99.1301242304596,19.1955866799007],[-99.1300473399549,19.1954590896772],[-99.1299435699915,19.1953570803981],[-99.1300215796469,19.1949107495926],[-99.1301233801013,19.1946802302559],[-99.1300927996036,19.1945672203842],[-99.1300782604669,19.194513739728],[-99.1301037998271,19.194468030418],[-99.1302361997052,19.1943661696651],[-99.1302793796722,19.1943341203428],[-99.1304911499482,19.1940125400683],[-99.1304682795738,19.1937601800123],[-99.1304720002993,19.1936626599835],[-99.130577689808,19.1933852198469],[-99.1306161402902,19.1931648504229],[-99.1307750003537,19.1929403098116],[-99.1306415496869,19.1926955795567],[-99.1306542802687,19.192450770097],[-99.1305982797528,19.1922917203514],[-99.1306583096013,19.1920672498774],[-99.1306579698808,19.1916467397025],[-99.1306727198804,19.1913149099932],[-99.1304771798738,19.1910830897183],[-99.1301494002295,19.1909021699068],[-99.1300030003994,19.1907334299458],[-99.1299959501238,19.1904903095879],[-99.1299351403578,19.1902975101664],[-99.12934763039,19.1898111698568],[-99.1287284301491,19.1891452503624],[-99.1281619503813,19.1888108501926],[-99.1277350904119,19.1884744902511],[-99.1275696595515,19.1882912798039],[-99.1274123996433,19.1881084303707],[-99.1272679703814,19.1878625399626],[-99.1271212498702,19.1875644004202],[-99.1270761201958,19.1872661798565],[-99.1272515199794,19.1869998297866],[-99.1273858200598,19.1867142597786],[-99.1274859103874,19.1864073498446],[-99.1278600301506,19.1860453198142],[-99.128373660458,19.1856093803962],[-99.1287383802433,19.1850299397791],[-99.1288626803669,19.1847895100228],[-99.1289704598943,19.1846515403501],[-99.1291156602244,19.184608089902],[-99.1294295403248,19.1845471398796],[-99.129515139773,19.1844676299582],[-99.1295938604454,19.1843178501209],[-99.1296809202276,19.1842232297878],[-99.1297721701394,19.1841640602949],[-99.1298676003981,19.1841521701879],[-99.1299713096184,19.1841166504131],[-99.1301012303451,19.1839337501969],[-99.1301957697257,19.1837029500576],[-99.1302420897355,19.1833563800784],[-99.1302573100264,19.1829508498053],[-99.130334649801,19.1825526503369],[-99.1304975199189,19.1823092200752],[-99.1308001798815,19.1821025501334],[-99.1310484501901,19.1818074498804],[-99.1312868298969,19.1812532895969],[-99.1314758800008,19.1806296302506],[-99.1316232295301,19.1803935803403],[-99.1318636600591,19.1800542498502],[-99.1319797998723,19.1796191498749],[-99.1320727097906,19.1792725497061],[-99.1321579102227,19.179007060134],[-99.1322431204522,19.1787563101967],[-99.1323945501575,19.1785322197706],[-99.1324018201498,19.1782120599824],[-99.1323262196758,19.1779615703032],[-99.132295860208,19.1777038803077],[-99.1322956596758,19.1774676504399],[-99.1323256296333,19.177217079704],[-99.1324385104677,19.1769736196257],[-99.132504859584,19.176772289568],[-99.1325021999495,19.1766693397515],[-99.1324143102472,19.1765370202831],[-99.1323109202581,19.1763949103672],[-99.1322494496126,19.1762149503015],[-99.1321611796177,19.1758369500539],[-99.1321327198712,19.1755014499879],[-99.1320637400875,19.175120089601],[-99.1319501801165,19.1748645398839],[-99.1317515700404,19.1745485097218],[-99.1315671798792,19.174293029635],[-99.1313827795832,19.1740375202057],[-99.1311063496963,19.1738426500748],[-99.1309119199044,19.1736033203988],[-99.1307949796698,19.1734203996675],[-99.1304688800478,19.1729710199899],[-99.1301967200423,19.1726707198822],[-99.1300729997847,19.1725150204295],[-99.1300338799385,19.1724463796749],[-99.1299493997592,19.1723602798357],[-99.1299505498384,19.1722460200639],[-99.1299627802073,19.1721958500648],[-99.1299971495273,19.1721375102723],[-99.1300714800669,19.1720835495702],[-99.1302443500821,19.1720080899914],[-99.13034191997,19.1719594304288],[-99.1304096899692,19.1719098200614],[-99.130461849909,19.1718552899509],[-99.1304774004265,19.1718007404464],[-99.1305088898513,19.1716439504376],[-99.1305431797383,19.1713936496162],[-99.1305330202015,19.1710475101221],[-99.1305196595387,19.1708377201613],[-99.1304779396497,19.1707215203089],[-99.1305145402509,19.1705727698649],[-99.1305208300153,19.1704021196407],[-99.1303134798676,19.1688590595467],[-99.1301742197479,19.168220480135],[-99.1302022797248,19.1672640300453],[-99.1302175203238,19.1665794298449],[-99.130314769747,19.1659060603293],[-99.1304710200182,19.1654088896074],[-99.1306414295316,19.1649004197895],[-99.1310684503231,19.1640554901972],[-99.1316503404501,19.1631855496015],[-99.1318146495978,19.1626089402735],[-99.1319763501658,19.1621266300523],[-99.1322486495279,19.1616090803205],[-99.1323986601933,19.1612837699801],[-99.1325232898924,19.1608480302493],[-99.1326948897244,19.1601344297474],[-99.1327249796452,19.1593386596161],[-99.1328247103743,19.158583680051],[-99.132894830222,19.1577275199262],[-99.132795290437,19.1566236895616],[-99.1328366199938,19.1558250200548],[-99.132795349795,19.1548807800772],[-99.1325550498656,19.154298349961],[-99.132467849891,19.1539896503361],[-99.1326115404065,19.1533816297733],[-99.1326002597637,19.1532196601304],[-99.132581630051,19.1531211403402],[-99.1325088498312,19.1530263502197],[-99.1321415698386,19.1529214002246],[-99.1316581498969,19.1526345098888],[-99.1314033197726,19.1526534798849],[-99.1310507401426,19.1526686804538],[-99.1302443202446,19.1525441699681],[-99.1312315400961,19.1507503796611],[-99.1324060495275,19.1486112900742],[-99.1372113504509,19.1507503799362],[-99.1377733202106,19.150995620239],[-99.138532260402,19.1513383503234],[-99.1389486502169,19.1514434502319],[-99.1394261500638,19.1516472198429],[-99.1397742504205,19.1518073704596],[-99.1400201995954,19.1519585698598],[-99.1404043195532,19.1522132597652],[-99.1406955696887,19.1524966895964],[-99.1408490899567,19.1529183997262],[-99.1411329499721,19.1535145502701],[-99.1415239800136,19.1540597204434],[-99.1418225199667,19.1544800600519],[-99.1420340803787,19.1547433197045],[-99.1422836496396,19.1551363804135],[-99.142519229841,19.1555576003555],[-99.1427495503093,19.1560803497535],[-99.1429383196457,19.1565139699323],[-99.1430561997209,19.1568185096848],[-99.1432382499642,19.1571432900216],[-99.1434458199417,19.1575388503476],[-99.1436770796698,19.1578346499761],[-99.1439608195357,19.1581168503542],[-99.1442300201451,19.1583990496089],[-99.144494149698,19.1586654495922],[-99.1448045496235,19.158864030095],[-99.1449221801612,19.1589283399263],[-99.1454578299033,19.1592137202013],[-99.1460768603533,19.1595521399217],[-99.1465098202493,19.1598116196463],[-99.146803889814,19.1599446895534],[-99.1472081695476,19.1600415100555],[-99.147578579714,19.1601406298252],[-99.1482000797982,19.160235030086],[-99.1487041496493,19.1602730296359],[-99.1496084199279,19.1603128801899],[-99.149723750448,19.1598440896441],[-99.1518057701183,19.1514107502958],[-99.1519569103205,19.1507674296678],[-99.1524995800049,19.1421180802817],[-99.1540042801167,19.1381215699672],[-99.1550093198679,19.1353097097629],[-99.1632928502348,19.1174905703677],[-99.1547475398122,19.1088365501276],[-99.1468108601198,19.1005830901023],[-99.1364814802882,19.0893779800096],[-99.1782306798815,19.0924742597044],[-99.2210843403178,19.095640290154],[-99.2267777804781,19.0960599998828],[-99.2566296503389,19.1165578201463],[-99.2786952202403,19.1317017198547],[-99.280148390288,19.1341318742981],[-99.2825888284144,19.1382128312007],[-99.2853339408175,19.1428029490079],[-99.2876052504715,19.1466005695752],[-99.2931150599472,19.1652990800375],[-99.2955968498324,19.1728828000945],[-99.3001831198747,19.1845785104265],[-99.3013314300005,19.1884174200242],[-99.3027626503359,19.1908550899999],[-99.303243319964,19.1936558002757],[-99.3039155701738,19.1971791803077],[-99.3039650904169,19.1982635500357],[-99.3044448298389,19.2005220303568],[-99.3046865103798,19.2026453501092],[-99.3061306298042,19.2061437403504],[-99.3067847396888,19.2110808300798],[-99.3071355398108,19.2137284596707],[-99.3081331399124,19.214368909964],[-99.3082996900507,19.2145123996362],[-99.3123002801269,19.2180310795567],[-99.3133657395478,19.2189673702051],[-99.3162497497581,19.2215016798205],[-99.3161217102455,19.2225888295692],[-99.3155555397595,19.2273953503467],[-99.315056550109,19.2268978198957],[-99.31466531005,19.2267044899866],[-99.3144522897498,19.2266209196328],[-99.3140111104396,19.2264763097509],[-99.3135533198435,19.226208139748],[-99.3132509197348,19.2259768902612],[-99.312973659929,19.2258045398306],[-99.3126555102862,19.2259575999298],[-99.3122760502031,19.2260201103222],[-99.3119909699387,19.2259416197211],[-99.3117174803242,19.2258712204055],[-99.3114395397973,19.2257367999969],[-99.31128281992,19.2256333202476],[-99.3111633095452,19.2255190001883],[-99.3110260500136,19.2253975502242],[-99.3108335698991,19.2251697097168],[-99.3104966003914,19.2252133503904],[-99.309991250143,19.2247980499881],[-99.3096246901286,19.2247488203201],[-99.3094301697822,19.2245536503073],[-99.3091899201935,19.2242930895933],[-99.308946539765,19.2239295402461],[-99.3086254502015,19.2236096501073],[-99.3084016303301,19.2234985399215],[-99.3080554302885,19.2234323802648],[-99.3077907203683,19.223195280421],[-99.3070996303809,19.2227627802638],[-99.3064916203926,19.2224096802878],[-99.3060479097374,19.2223641196799],[-99.3057044300123,19.2222361801917],[-99.3054306596369,19.222013249583],[-99.3047116902173,19.2213329802258],[-99.3039726601015,19.2205759998046],[-99.3036946602599,19.2203331804502],[-99.3034363696009,19.2200910796059],[-99.303238979967,19.2198213703994],[-99.3030933696334,19.2195884299046],[-99.3027308596915,19.2192583104302],[-99.3024561203561,19.2189687397342],[-99.3020010902403,19.2186274302887],[-99.3015026503775,19.2182894602186],[-99.3014278802922,19.2182207800449],[-99.3009745498826,19.2181985998236],[-99.3005437802909,19.2179691197094],[-99.3002669099014,19.21774239987],[-99.2998085699259,19.2177412296629],[-99.2992248197642,19.2177095796767],[-99.2986199401564,19.2179296897891],[-99.2981443703764,19.2180814200268],[-99.2977992298193,19.2181218596449],[-99.2973584599295,19.217918369608],[-99.2970230501928,19.21783234018],[-99.2967058203308,19.2177633502928],[-99.2964258801824,19.2175278296058],[-99.2961284303799,19.2171105998343],[-99.2958342802232,19.2167625497382],[-99.2954877799421,19.2162976201593],[-99.2952709401916,19.2159575495839],[-99.2950557804464,19.2154809096154],[-99.2949449804557,19.2153370903454],[-99.2948363797209,19.2152457202345],[-99.2946841704658,19.2151805502908],[-99.2944389698836,19.2151222901306],[-99.2943081201875,19.2150255698993],[-99.2942016902235,19.2148880803905],[-99.2941218598912,19.2147854500261],[-99.2939459998955,19.2146441800799],[-99.2938233500924,19.2145668296903],[-99.2937844801375,19.21452035007],[-99.2937210600256,19.2143959195566],[-99.2936485996563,19.2143211103859],[-99.2935629995432,19.214261919624],[-99.2934016803156,19.2141435402814],[-99.2931513501668,19.2139066599289],[-99.2927542897093,19.2137737401842],[-99.2923935797233,19.2138258200278],[-99.2917678896082,19.2142829399709],[-99.2914379402929,19.2145982797253],[-99.2910615697724,19.2144536196202],[-99.2906271996286,19.2142607197253],[-99.2902576902004,19.2140760900429],[-99.2898902000427,19.2139149796091],[-99.2894295399817,19.213730950057],[-99.2891648901933,19.2138097701283],[-99.2890567203613,19.21381805025],[-99.2889406197618,19.2137763102141],[-99.2887348297629,19.21371656979],[-99.2885764199227,19.2136066800257],[-99.2881961495876,19.2133069095797],[-99.2880482597051,19.2131769803798],[-99.2878235698587,19.2131222596539],[-99.2875135802146,19.2131495800459],[-99.287105569603,19.213162629873],[-99.2868172203837,19.2132022799016],[-99.2865238299696,19.2132785095524],[-99.2862823399959,19.2133352897529],[-99.2860295802791,19.2133103700676],[-99.2855725499853,19.2132650495918],[-99.2853937698041,19.2132860297308],[-99.2852608000075,19.2133110804183],[-99.2851518898534,19.2133795797237],[-99.2850517101442,19.2134522003886],[-99.2849645396611,19.2134854597858],[-99.2848260498275,19.2135625696458],[-99.2847246001739,19.2136360197663],[-99.2846370903586,19.2136896901482],[-99.2845769404277,19.2136807998261],[-99.2844133100291,19.2136362000657],[-99.2841058599526,19.2136515101363],[-99.2839391997992,19.2136044799642],[-99.2837090599751,19.2135395102467],[-99.283536419702,19.2134237096073],[-99.2834009500839,19.2132104503928],[-99.2832973703178,19.21316134043],[-99.2831002297059,19.2130556299927],[-99.2823935803528,19.2130814596188],[-99.2821402896786,19.2132258900846],[-99.2818898300031,19.2133957402941],[-99.2815855699096,19.2135323497375],[-99.2813400896172,19.2136468295727],[-99.2811425695963,19.2136978299425],[-99.2810460902259,19.2137246901666],[-99.280972829665,19.2137091101191],[-99.2808948504055,19.2136845495678],[-99.280760120231,19.2136309403882],[-99.2805948200657,19.2136558602956],[-99.2803208002597,19.2136495502296],[-99.2801555799316,19.2137238197253],[-99.2798659996587,19.213839849936],[-99.2795760899439,19.2139209195959],[-99.2793721498825,19.2139887703408],[-99.2788149096282,19.214075520182],[-99.2786036000064,19.2141864796572],[-99.2782097204273,19.2142786500315],[-99.2780525400378,19.2144230003932],[-99.2780159795757,19.2144503502771],[-99.2779820500395,19.2144777104504],[-99.2779402499633,19.2144926603733],[-99.2777486797717,19.2145142796739],[-99.277663089978,19.2145511102257],[-99.2776016897038,19.2145902803722],[-99.277562850381,19.2146503399162],[-99.2775348597405,19.2146787202983],[-99.2775066603163,19.2146844301357],[-99.2774543696397,19.2146795398502],[-99.2773405796671,19.2147160002335],[-99.2771888003779,19.2148384000988],[-99.2767772802048,19.215303570316],[-99.276716000083,19.2154059203461],[-99.2766677397606,19.2154864001391],[-99.2766154499422,19.2155668896707],[-99.2765550604583,19.2156339799604],[-99.2764704303023,19.2156609197756],[-99.2764120295906,19.2157069500059],[-99.2763589395739,19.2157949199407],[-99.2763391800532,19.2160014302364],[-99.2762789102176,19.2163546200935],[-99.2762417195422,19.2164230801513],[-99.2760350895514,19.2164895400659],[-99.2758776599069,19.2165796295937],[-99.2756565197704,19.216759180361],[-99.2753043200574,19.21705544963],[-99.2746159998814,19.2175182798596],[-99.2744519402681,19.2178872002869],[-99.2743647404144,19.2180855201448],[-99.2742067202954,19.2181523997273],[-99.2741546200248,19.2183095101721],[-99.274136969622,19.2184579503603],[-99.2741302899252,19.2186338197433],[-99.2740595795464,19.2188504802895],[-99.2739834902095,19.2195278904384],[-99.2740159697304,19.2197066804127],[-99.274039060307,19.2201011195604],[-99.2741029097508,19.2204006498124],[-99.2741733100602,19.2207016301756],[-99.2741565999699,19.2210388902595],[-99.2739516001193,19.2212295101228],[-99.2737841202958,19.2213732003712],[-99.2735516896194,19.2215731195844],[-99.2729892799913,19.221811719841],[-99.2725541800411,19.2221385100383],[-99.2722535998411,19.2226604202043],[-99.2719587801293,19.222937339648],[-99.2717478002856,19.2231470498208],[-99.2714708899348,19.2233645198927],[-99.2713138502662,19.2234333996723],[-99.2711137398214,19.2235487200917],[-99.2709236197335,19.2237033400801],[-99.2707717402792,19.2239565199268],[-99.270678229713,19.224203019924],[-99.2705329198989,19.224291919809],[-99.2697952296136,19.224402120362],[-99.2694869202892,19.2244887100207],[-99.269148579831,19.2247131499538],[-99.2685927997111,19.2251101803041],[-99.2682377495262,19.2255888198699],[-99.2677096300633,19.225942540346],[-99.2668592903827,19.2265300297101],[-99.2665039198097,19.2267941098725],[-99.2662315197215,19.2269163099145],[-99.2660158002321,19.2269523200407],[-99.2657708801027,19.2269942496266],[-99.2655686603327,19.2270970301444],[-99.265258369567,19.2271166904203],[-99.2651371097865,19.2272193497003],[-99.265083479572,19.2274307798557],[-99.2640334596345,19.2282254500642],[-99.2637725202965,19.2284938504481],[-99.2633314198468,19.2286374597619],[-99.2627218002652,19.2289811203084],[-99.2624493501158,19.2291261098347],[-99.2620248797894,19.2291863504077],[-99.2616178901444,19.2292691500996],[-99.2612745797023,19.2293350797804],[-99.2609310300569,19.2294130301179],[-99.2603022796642,19.229707750132],[-99.2599725803704,19.2298606002711],[-99.2588968199982,19.2305116300007],[-99.2586195695845,19.2307671496946],[-99.2583904498633,19.2309804797523],[-99.2580900597998,19.2312810597544],[-99.2579068603583,19.2315523199652],[-99.2576385702874,19.2317938298556],[-99.2574519502168,19.2320597702441],[-99.2572710297793,19.2324706302534],[-99.256952620331,19.2325448803103],[-99.2563570799624,19.2325340603854],[-99.2560970503172,19.2325399398346],[-99.2559696197768,19.2327760799631],[-99.2556490804398,19.2332216904016],[-99.255136490081,19.2337053103773],[-99.2547460900542,19.2339305496009],[-99.2543777996225,19.2340674502465],[-99.2539843697407,19.2344420596266],[-99.2534325199686,19.234811620058],[-99.2531293500472,19.2351002803558],[-99.2529091100147,19.2354674295532],[-99.2528267402673,19.2357470501109],[-99.2526756500999,19.2360942804351],[-99.2526619398424,19.2366455797123],[-99.2528028204283,19.2371927499337],[-99.2528688296225,19.2375901495583],[-99.2527121801266,19.2378222498405],[-99.2524095699308,19.2381632799327],[-99.2521886300282,19.2383976896838],[-99.2520182800982,19.2386320297726],[-99.2518796898585,19.2389743702353],[-99.2517851698202,19.2394979198847],[-99.2514723500387,19.2400721398404],[-99.2509936001857,19.2404559098989],[-99.2510419198662,19.240913879664],[-99.2511827397909,19.2412673395954],[-99.2513869198519,19.2414702198121],[-99.2515989204104,19.2416720498854],[-99.251801279697,19.2420250796182],[-99.2517685400401,19.2424331697982],[-99.251450880008,19.2429262901088],[-99.2513112198168,19.2431528598865],[-99.2512078301986,19.2433646203465],[-99.2510095996831,19.2437743801134],[-99.2508602903867,19.2439682502403],[-99.2505911798279,19.2442877400298],[-99.2503578496841,19.2445201503947],[-99.2502287697475,19.2445590298878],[-99.250146430053,19.2446885496772],[-99.2501336497745,19.2447992597991],[-99.2502016299565,19.2449135798419],[-99.2504776796723,19.2452090496024],[-99.2504459996172,19.2453985196641],[-99.2503509699783,19.2456932799738],[-99.2501686201709,19.245724939883],[-99.2499395397255,19.2457016503752],[-99.249825970292,19.2457416302152],[-99.2496499497385,19.2459408195597],[-99.2496177695813,19.2460848898616],[-99.249611229875,19.2462041095585],[-99.2495962296109,19.2463314803005],[-99.2494173796425,19.2464299695543],[-99.2492465397905,19.2465147801426],[-99.2491161695747,19.246588859956],[-99.2489007101718,19.2467390801099],[-99.2486093199917,19.2468424902823],[-99.2482963098707,19.2468155198131],[-99.2481829400945,19.2467777496724],[-99.2480076896433,19.2467337499655],[-99.2479226897276,19.2468668199231],[-99.2478396301419,19.2469722600879],[-99.2477593798458,19.2471040304166],[-99.2476506496656,19.2473393801048],[-99.2476076602032,19.2474675996069],[-99.2476426599734,19.2476489798201],[-99.2476501197713,19.2478562801864],[-99.2475901804505,19.2480814003036],[-99.2475868600577,19.2483051798342],[-99.2475116799586,19.2485274202189],[-99.2474649198723,19.2487331099576],[-99.2473860598957,19.2488529403699],[-99.2470019399769,19.2490668600438],[-99.246832380471,19.2491742597265],[-99.246672479617,19.2493461803729],[-99.2465689801219,19.2494339702832],[-99.2464751703647,19.2494650897742],[-99.2463023098112,19.2495103803804],[-99.2461409703424,19.2495658196075],[-99.245940109769,19.2496587396581],[-99.2457917399742,19.2497636301515],[-99.2453441103372,19.2501882200759],[-99.2452858897057,19.2502723796425],[-99.2452320301997,19.2503770596716],[-99.2451997503111,19.2504694196865],[-99.2452129196949,19.2506068202686],[-99.2452231698774,19.2508154000644],[-99.2452502303178,19.2510378800682],[-99.2452169702286,19.2512960798972],[-99.2450052595777,19.2518055398871],[-99.2447655103612,19.2523266502877],[-99.244786029649,19.2524465502255],[-99.2447193095766,19.2525454002873],[-99.2446122296124,19.2526354296629],[-99.2445930577848,19.2527040682771],[-99.2445850802982,19.2527326299212],[-99.2446044229102,19.2530437948912],[-99.2446068498387,19.2530828303222],[-99.2446192502023,19.2532119701108],[-99.2446548903044,19.2533540801786],[-99.2447214299423,19.2536799701062],[-99.2447652901083,19.2540339098342],[-99.2448022002596,19.2543909998479],[-99.2448696602951,19.2545620799603],[-99.2449366898562,19.2546747999356],[-99.245113980449,19.2549447500248],[-99.2451826002111,19.2550300899353],[-99.2452048500822,19.2551322896551],[-99.2452206959275,19.2551778575839],[-99.2452466604088,19.2552525203712],[-99.2452179201676,19.2554124302599],[-99.2451638901871,19.2556100899638],[-99.2450917395894,19.2557992198364],[-99.2450592495254,19.2558748800333],[-99.2450340302782,19.2559608299926],[-99.2449309496072,19.2560572296299],[-99.2448670502189,19.2562000497541],[-99.2448212597704,19.2562849104318],[-99.2448155797006,19.256357540035],[-99.2449278347729,19.256481275184],[-99.2449749700984,19.256533229704],[-99.2451382004234,19.2567002500648],[-99.2452353804231,19.2568076303802],[-99.2452916197423,19.2569074497446],[-99.2453925503683,19.257174750416],[-99.2453858302886,19.2573421101559],[-99.245284680368,19.2575175201747],[-99.2449822200481,19.257762459904],[-99.2444526300489,19.2581644601122],[-99.2443725398121,19.2582797696987],[-99.2438948602978,19.2588621701216],[-99.2438821099836,19.258945770243],[-99.243871319889,19.259059690028],[-99.243888250194,19.259200679662],[-99.2439944498893,19.2594085196824],[-99.2440576795547,19.2594613201628],[-99.2443284495363,19.2594162798414],[-99.2443822598459,19.2593774197013],[-99.2446088202711,19.2591913498948],[-99.2447597701115,19.259092740448],[-99.2449137095236,19.2590025704201],[-99.2450940601312,19.2589460896417],[-99.2452572499023,19.2588980801255],[-99.2454015696973,19.258907860416],[-99.2455811501507,19.2589111399981],[-99.2457363203253,19.258941400458],[-99.2458722196199,19.2589927795876],[-99.2459742803488,19.2590399699743],[-99.2463481998788,19.2593467797178],[-99.2468170295836,19.2597213102602],[-99.2471905402344,19.2602012596076],[-99.2472365398426,19.2602773196438],[-99.2471978904355,19.2603273799487],[-99.2468410600096,19.2605371497009],[-99.2464781795328,19.2606546600973],[-99.246298179517,19.2607491104289],[-99.2462290298802,19.2608891797909],[-99.2459400604253,19.2612001395877],[-99.2457209503525,19.2615689402717],[-99.2456541098756,19.261719689898],[-99.2456171495247,19.262224860251],[-99.2455619098221,19.2625475096726],[-99.2455283502703,19.2629331403608],[-99.2455426799472,19.2630887203321],[-99.2456328499831,19.2633739799572],[-99.2459062800023,19.2636062895702],[-99.246383020451,19.2639838901293],[-99.2469951697436,19.2644965398511],[-99.2470904598621,19.2647490596972],[-99.2470619699497,19.2650580002655],[-99.2470209102405,19.2655284597699],[-99.2469968602145,19.2655954796528],[-99.2469579200255,19.2656395997017],[-99.2466626600253,19.2657263696103],[-99.246376139798,19.2658245400366],[-99.246051659784,19.266244490122],[-99.246008710154,19.2663114497131],[-99.2459745202491,19.2663733196665],[-99.2459516303583,19.266437379863],[-99.2459316899796,19.266509569987],[-99.2459682889579,19.2668402898433],[-99.2460560803692,19.2670337802713],[-99.2460738598982,19.2671741703197],[-99.2460512499008,19.267353320216],[-99.2459948200614,19.2675288001043],[-99.2459522086906,19.2675858053222],[-99.2458920902939,19.2676662304113],[-99.2458551372752,19.2677027126677],[-99.2457821491864,19.2677747697751],[-99.2453864198222,19.2680871797488],[-99.2453696129223,19.2681006018817],[-99.2453261498485,19.2681353109061],[-99.2452713096303,19.2681858296703],[-99.2449725198782,19.2685179098668],[-99.2448739803038,19.2686565703748],[-99.2444912204237,19.2688429419884],[-99.2441628363317,19.2690660833197],[-99.2439495368407,19.2692110231672],[-99.2437432898626,19.2693511700352],[-99.2435987798828,19.2695034796816],[-99.2434913683498,19.2696870596376],[-99.2434678295502,19.2697898796422],[-99.2434978303237,19.269973480093],[-99.2436022789053,19.2702677513856],[-99.2435986895839,19.2703891799437],[-99.2436460299442,19.2706948502326],[-99.2436416598474,19.2708753119995],[-99.2436575398381,19.2710081103877],[-99.2436792295994,19.2711877396122],[-99.2437300593446,19.271464000405],[-99.243772399962,19.2716376917408],[-99.2438265402024,19.2717886800058],[-99.2439678780685,19.2721119395924],[-99.2440822788905,19.272333583057],[-99.2443040301666,19.2724551803676],[-99.2445019495242,19.2727089699605],[-99.2445310497251,19.2728568801317],[-99.2446132195238,19.2729023201526],[-99.2444080498651,19.2732710797624],[-99.2442844196711,19.2736531199428],[-99.244150250455,19.27394891019],[-99.2440454199359,19.2741223496164],[-99.2439244299461,19.2742589201229],[-99.2438592801139,19.2743758897578],[-99.2437312303555,19.2746801803853],[-99.243626339605,19.2749159795618],[-99.2435326798142,19.2751713498057],[-99.2434995101017,19.2752981798532],[-99.2434787100468,19.2753704797853],[-99.2434660599926,19.2754804302649],[-99.2434587700598,19.2756492001652],[-99.2438272203351,19.2759439195534],[-99.2439780202931,19.2758817095723],[-99.2441106498662,19.2760165396897],[-99.2442088497453,19.2760911400752],[-99.2444563802333,19.2762142001069],[-99.2446111703835,19.2762594903764],[-99.2447625397318,19.2763244202942],[-99.2448874201474,19.276209420405],[-99.2451954599289,19.276489030116],[-99.2452801801382,19.2766163197268],[-99.2453578498818,19.2767917097516],[-99.2453677803475,19.2769639497343],[-99.2453557099888,19.2770737996855],[-99.2452590297113,19.2775904897162],[-99.2451362072471,19.2780275615704],[-99.2450225786558,19.2784319101156],[-99.2448696303695,19.2788785102601],[-99.244809750094,19.279067420754],[-99.2447981993223,19.2791268496037],[-99.244790919184,19.2792189096299],[-99.2448047702728,19.279325710161],[-99.2448249841263,19.2794307794157],[-99.2448460804053,19.2795404311159],[-99.2449128203208,19.2798868910218],[-99.2449346895513,19.2800706303191],[-99.2449129203157,19.2801373103424],[-99.2445915696406,19.2802046909195],[-99.2444368002297,19.2802468906969],[-99.244304489556,19.280273970959],[-99.2441752190005,19.2803314908745],[-99.2440599794546,19.2804115104443],[-99.2439722201219,19.2805184201977],[-99.2438717384043,19.2806147192617],[-99.2437686889913,19.2807085197169],[-99.2436657790929,19.280802491181],[-99.2435628788469,19.2808964500796],[-99.2434593804725,19.2809898308342],[-99.2433613182916,19.2810769106301],[-99.2433142199259,19.2812229513383],[-99.2433078794654,19.2813583709365],[-99.2433174791234,19.2814389111686],[-99.243419659181,19.2816078312974],[-99.2435021985471,19.2817184500831],[-99.243589909386,19.2818253959885],[-99.2436436517669,19.2819509802684],[-99.2436277177816,19.2820651399448],[-99.2435461815679,19.2821908699055],[-99.2434451695256,19.282258710123],[-99.2433176787705,19.2823363212995],[-99.2432316500967,19.282365290199],[-99.2431093399232,19.2824064803602],[-99.2429240000689,19.2824688803639],[-99.242784920034,19.2825157103349],[-99.2421488302811,19.2828231397059],[-99.2420225998834,19.2829016798086],[-99.241956970052,19.2830085697862],[-99.2419648803534,19.2831479401292],[-99.2420157198497,19.2832696795701],[-99.2421019103621,19.2833133202752],[-99.2423335701325,19.2833500796265],[-99.2425937395691,19.2835585097522],[-99.2428539095819,19.2837669503485],[-99.2429200499306,19.2839427396144],[-99.2429676198533,19.2841394497197],[-99.2429252796447,19.2842036196603],[-99.2428515695735,19.2842846197979],[-99.2426806496026,19.2843324803215],[-99.2426563498868,19.2843392803204],[-99.2423683090284,19.2847888580634],[-99.2423172506997,19.2848685510858],[-99.2420292203871,19.2853181096659],[-99.2419351098906,19.2854649800902],[-99.2419148597158,19.2855061995658],[-99.2418272899435,19.285684479927],[-99.2417339498161,19.2859160497337],[-99.2416940196873,19.2860764499821],[-99.2416045103463,19.2863056498602],[-99.241514819918,19.2864492903221],[-99.2412713996443,19.2866539504315],[-99.2411844004011,19.286707919673],[-99.2411365804436,19.2867375801287],[-99.2409928501462,19.2867916798574],[-99.2409427498895,19.2868211400425],[-99.2408063803588,19.2869924201426],[-99.2408012900393,19.2871646599381],[-99.2408277495335,19.2873093503621],[-99.240972979914,19.2874484904119],[-99.241020779788,19.2875595103958],[-99.2410152034597,19.2879197232922],[-99.2410141203685,19.2879896597798],[-99.2410757802386,19.2880725498552],[-99.2413155402531,19.2883088603317],[-99.2414955701415,19.2885226600605],[-99.2415669196001,19.2886074203294],[-99.2417914901402,19.2888198796578],[-99.2418984004556,19.2889007799431],[-99.2420826498427,19.289020249679],[-99.2422699800883,19.289173620195],[-99.2423740901428,19.2892345101048],[-99.2424913404166,19.2892504498247],[-99.2427160898942,19.2892753702374],[-99.2427615996499,19.2893600596024],[-99.242779030017,19.2896487200426],[-99.242824619764,19.290171339773],[-99.2429967098782,19.2914373196051],[-99.2428971701097,19.2916773804088],[-99.2428368904082,19.2918706202525],[-99.242664650366,19.2922728002933],[-99.2425658797605,19.2924830195729],[-99.2423170304002,19.2928555497606],[-99.2422521486441,19.2929042204416],[-99.2415495804224,19.2928633400791],[-99.2419214897103,19.2931441495998],[-99.2417791092516,19.2933232508615],[-99.2416147392662,19.2935449408386],[-99.2415418495463,19.2936615109095],[-99.2415061186843,19.2937927406849],[-99.2414785104411,19.2939317712019],[-99.2413846196915,19.2940184906996],[-99.2412268194719,19.2940416006415],[-99.2410857486788,19.2940625407385],[-99.240945219135,19.2940863409788],[-99.2408274293714,19.2941708504441],[-99.2407717703579,19.2941928495978],[-99.2406808592831,19.2942001203586],[-99.2406361986246,19.2941810595648],[-99.2405646792557,19.2941372906144],[-99.2404755688531,19.2940974295888],[-99.240373770296,19.2940505495631],[-99.2402828901557,19.2940749410852],[-99.2402245695658,19.2940978445501],[-99.2401662489195,19.2941207498045],[-99.2401496285964,19.2941301497268],[-99.2399941693636,19.2942180500682],[-99.2397853797741,19.2943181203624],[-99.2396523188226,19.294380921208],[-99.2393822486439,19.2944917110114],[-99.2386936490218,19.2946990502115],[-99.238629549342,19.2947031205696],[-99.2385607702942,19.2946880804003],[-99.2380299501825,19.2944881208358],[-99.2380107186513,19.294477399555],[-99.2379847089958,19.2944628812447],[-99.2379671386076,19.2944537206319],[-99.2378997803517,19.2944288611618],[-99.2377676491936,19.2943781402277],[-99.2376356301731,19.2943372299721],[-99.2374782603302,19.294317251028],[-99.2372169200001,19.2942587208714],[-99.2370716485354,19.2942684796478],[-99.2369386595773,19.294317090919],[-99.2367211791191,19.2943998195944],[-99.2365268204588,19.2943687108614],[-99.2363796590548,19.2944176512515],[-99.2361147688493,19.2944328508418],[-99.2359685202324,19.2944563696769],[-99.2359006496891,19.2945064001169],[-99.2358696891281,19.2946253106488],[-99.235918228922,19.2947202510105],[-99.2360206800922,19.294830170831],[-99.2361432303216,19.2948997103269],[-99.2361581490963,19.2949962497169],[-99.2360970788467,19.2951081112551],[-99.2359726792201,19.295147999773],[-99.2358042602133,19.2951430799592],[-99.2356749099582,19.295095919846],[-99.2355707385769,19.294991489656],[-99.2354738604063,19.2949957714169],[-99.2353894800695,19.2951078012629],[-99.2352645187139,19.2951733695923],[-99.2351198499849,19.2952552209443],[-99.2349039500705,19.2953921208505],[-99.2347644891638,19.295593030835],[-99.2346918003184,19.2956341496051],[-99.2346210491781,19.2956547512699],[-99.2345325795838,19.2956660614134],[-99.2344500302879,19.2956904199407],[-99.2343841993881,19.2957437996141],[-99.2341880896143,19.2959688796056],[-99.2340894603312,19.2960668897556],[-99.2339900296513,19.2961641802805],[-99.2338326298375,19.2962593100187],[-99.2336356501431,19.2963610499302],[-99.2334577999231,19.2964639101449],[-99.2333012004026,19.2965951796035],[-99.2331866298458,19.2966991797021],[-99.2326311400525,19.2974995504383],[-99.2324943696637,19.2977352802138],[-99.232482910191,19.2978765402095],[-99.2325206200733,19.2980115697624],[-99.2325837996392,19.2981331401789],[-99.232689970103,19.2983848201661],[-99.2327228500787,19.2985274000739],[-99.2327230795278,19.2986890799987],[-99.2327231202331,19.2987189103269],[-99.2327231996464,19.298768339936],[-99.2327234203936,19.2989241096406],[-99.2327407497559,19.2990546796271],[-99.2327855395248,19.2991887399784],[-99.2328133103722,19.2993217102314],[-99.2328316299963,19.2994561499914],[-99.2328478603734,19.2995835197015],[-99.2327952202549,19.2997186599458],[-99.2327260296468,19.2997994597026],[-99.2327100902977,19.2998894801153],[-99.2328087499556,19.2999726204388],[-99.2330649795795,19.3000980802292],[-99.2332122195457,19.3000951800558],[-99.2333710592352,19.3000778306473],[-99.2333621203588,19.3002317403012],[-99.2333971097238,19.3008162296872],[-99.2332635201498,19.3007865695792],[-99.2329380195851,19.3009231696886],[-99.2327630299466,19.3010481696788],[-99.2323971499203,19.301325570072],[-99.2322288199412,19.3014685098102],[-99.2329739097017,19.3018101199714],[-99.2326460801138,19.3024815196108],[-99.2325474798115,19.3030004497123],[-99.2323373702924,19.3029827399451],[-99.2322483103466,19.303788779828],[-99.2320422195333,19.3038810304046],[-99.2319848300671,19.3042764610105],[-99.2319302302265,19.3047976596825],[-99.2319045992726,19.3050423210832],[-99.2316918895687,19.3052028901782],[-99.231197060162,19.3054491396947],[-99.2309137400157,19.3055729705749],[-99.2306185398393,19.3056817103401],[-99.2304064887617,19.3057683997934],[-99.2301649999033,19.3058640508533],[-99.2299293195737,19.3060127503171],[-99.229805708649,19.3061865502935],[-99.2295492197416,19.3063818598339],[-99.2293622198839,19.3064788897048],[-99.2289494804553,19.3064838295932],[-99.2286670501281,19.3065487795864],[-99.228121648903,19.306765961556],[-99.228025678167,19.3068041788232],[-99.2278928796334,19.3068570595462],[-99.2277470299847,19.3069632200851],[-99.2276766196718,19.3070316501021],[-99.2276609704225,19.3070614301379],[-99.2275922204039,19.3071922902861],[-99.2276462603381,19.3073786800565],[-99.2277139493832,19.307609109802],[-99.2277465804456,19.3077830797489],[-99.2277233503541,19.3079143107453],[-99.2276134295999,19.3080614799382],[-99.2274358503604,19.3082259712246],[-99.2272395200903,19.3084078495502],[-99.2269121203523,19.3086492798761],[-99.2251707398509,19.3099572501796],[-99.2250175398595,19.310335740225],[-99.2249334200459,19.3105977803864],[-99.2246255695382,19.310728660108],[-99.2240526601888,19.3108604496421],[-99.2239289396142,19.3108965698717],[-99.2229986895735,19.3109508297096],[-99.2217404596479,19.3110379701194],[-99.221307199787,19.311061049853],[-99.2209714000197,19.3110786196263],[-99.2207078302175,19.3111298204259],[-99.2206605796491,19.3111471201112],[-99.2205622595528,19.3112295704363],[-99.2204718002465,19.3113226801372],[-99.2199254297748,19.3122636303642],[-99.2198489696186,19.3121237703626],[-99.219663450452,19.3118059503939],[-99.2194208197269,19.31144054029],[-99.2191927698429,19.3111394202499],[-99.2190051496166,19.3108928295937],[-99.2188740195817,19.3107337799908],[-99.2182317498261,19.3098877199823],[-99.2178544135861,19.3094251752618],[-99.2177954601324,19.3093529097589],[-99.2171979103416,19.3087725403444],[-99.2168571501647,19.308496650254],[-99.2165591995828,19.3082770495446],[-99.2164125798084,19.3081755397395],[-99.215922849646,19.3078811495547],[-99.2153946503073,19.3076210901985],[-99.2148513501399,19.3074094898439],[-99.2143667404717,19.3072493700437],[-99.2137882301496,19.3071240802863],[-99.2133044795332,19.3070193100561],[-99.2115271100299,19.306709680128],[-99.2100294903849,19.306441080257],[-99.2093160299464,19.3063168802657],[-99.2084774601264,19.3061624501236],[-99.2057521703797,19.3056818803672],[-99.205671219677,19.305667310232],[-99.2050473404653,19.3055550799446],[-99.2045902799568,19.3054707704075],[-99.2043518002807,19.3054295698677],[-99.2035907103044,19.3052918299186],[-99.2032031502072,19.3052172500463],[-99.2027218593157,19.3050963809318],[-99.2022293496661,19.3049606896806],[-99.2012711802807,19.3046390900416],[-99.2001844798373,19.3041735395497],[-99.1999085502133,19.3040314204271],[-99.1995057996346,19.3038239498924],[-99.1990868796822,19.3035991800518],[-99.1986960498967,19.3033546898295],[-99.1984603095961,19.3032034801724],[-99.1981092501567,19.3029997500222],[-99.1977615114681,19.3028148567583],[-99.1971576898672,19.3025592203992],[-99.1967110302819,19.3024049699662]]]},"properties":{"CVEGEO":"09012","CVE_ENT":"09","CVE_MUN":"012","NOMGEO":"Tlalpan"}},{"type":"Feature","geometry":{"type":"Polygon","coordinates":[[[-99.0988006601816,19.3204481504443],[-99.0986964902394,19.3196414202018],[-99.0984887400491,19.3190380800449],[-99.0986453397551,19.3189575503307],[-99.0987097402443,19.3187949202664],[-99.0986854797422,19.3186744197119],[-99.0986465498259,19.3185902003816],[-99.0984426197669,19.3182726595741],[-99.0982380300176,19.3179597395979],[-99.0977101099912,19.317172969865],[-99.0974404201621,19.3168264295848],[-99.0967568600235,19.3159884496433],[-99.0958505204051,19.3148150199979],[-99.0949649703946,19.3136913199528],[-99.0942653997673,19.3127715201715],[-99.0940889503573,19.3128682502782],[-99.0939352304429,19.3126682201364],[-99.0935729796303,19.3122044598751],[-99.0932236198297,19.3117572001488],[-99.0931829104575,19.3117022200114],[-99.0928343104743,19.3112628497908],[-99.0927279097995,19.311122779964],[-99.0926791689296,19.3110626599284],[-99.0926190298072,19.3109884802403],[-99.0923489702191,19.3106798203467],[-99.0922498795562,19.3105846300407],[-99.0919269497823,19.310211479622],[-99.0917938296817,19.3100521201454],[-99.0917356296273,19.3099865697743],[-99.0914193103561,19.3095671504475],[-99.0908404924539,19.3088050716718],[-99.0908143098574,19.3087705997446],[-99.0907987598828,19.3087524171492],[-99.09057287182,19.3084882870803],[-99.0905349704745,19.3084439696475],[-99.0903787637489,19.308244360871],[-99.0903648496281,19.3082265803349],[-99.0902924297634,19.3081294898786],[-99.0900251920169,19.3078709512402],[-99.089877080062,19.3077276597339],[-99.0897717100223,19.3076278203493],[-99.089668985217,19.307489647207],[-99.0896013104138,19.3073986198096],[-99.0895590706062,19.3073035304268],[-99.0894868603807,19.3071409703537],[-99.0893740981877,19.3070153139696],[-99.0893062646109,19.3069397237166],[-99.0892325503479,19.3068575797808],[-99.0890432585377,19.3065946469598],[-99.0890209503658,19.3065636599009],[-99.0889616017771,19.306503574583],[-99.0888410448823,19.3063815241956],[-99.088653201828,19.3061913534293],[-99.0886151996832,19.3061528796073],[-99.0885418814635,19.3060684543029],[-99.0884434297289,19.3059550903592],[-99.0884038477961,19.3059175772752],[-99.0883904495964,19.3059048796071],[-99.0883485967239,19.3058483415474],[-99.0881447699484,19.3055729999507],[-99.0879498785244,19.3053418661363],[-99.0879355399995,19.3053248600825],[-99.0876588802499,19.3046818602912],[-99.0874655799209,19.3044836903826],[-99.0871983688697,19.3041656495495],[-99.0871853801652,19.3041496598042],[-99.0867183097454,19.303795380024],[-99.0862918301212,19.3036042296446],[-99.0861579197432,19.3035044300783],[-99.0858752795924,19.3031908499622],[-99.0856247699552,19.3028887404202],[-99.0853837699079,19.3025913199137],[-99.0851333498425,19.3022697501242],[-99.0848567796852,19.3019809703771],[-99.0845851797266,19.3016629097796],[-99.0844716748923,19.3015149550432],[-99.0843581703048,19.3013670002468],[-99.0841127396598,19.3010399703847],[-99.0838443098441,19.3007238599803],[-99.083590650363,19.3004095502446],[-99.0833720498517,19.3000788796433],[-99.0831682204422,19.2996523202997],[-99.0823180798388,19.2985831997902],[-99.0803711204452,19.2962371796757],[-99.0799712901004,19.2957678000623],[-99.0796940003208,19.2954538501513],[-99.0792063799469,19.2948681397907],[-99.0789706496518,19.2945885102678],[-99.0786593104211,19.294213140157],[-99.0780229501155,19.2934740202234],[-99.0777197197686,19.2932279698513],[-99.0773152800975,19.2929629101913],[-99.077225709287,19.2928486901313],[-99.0759099789735,19.2909861708539],[-99.0752458794582,19.2900792807202],[-99.074941109349,19.2896981405876],[-99.0744872602888,19.2893718312345],[-99.0740740599319,19.2890989795819],[-99.0723564803024,19.2879481697759],[-99.0721851997401,19.2878182596535],[-99.0713757996478,19.2870700901677],[-99.0698799204636,19.2857347400359],[-99.0691529195724,19.2850857399531],[-99.0689667504045,19.2849558501219],[-99.0683106200874,19.2844392597581],[-99.0646451203578,19.282113819941],[-99.0643701798596,19.281992770029],[-99.0596726299731,19.2802849498887],[-99.0585754196117,19.2799096303839],[-99.0576003401419,19.279628879758],[-99.0567629499563,19.2795003497345],[-99.0560726595733,19.2794563797531],[-99.0551596802126,19.2794588198068],[-99.0547890797963,19.2794267704449],[-99.0544983203979,19.2793671500281],[-99.053870880445,19.2790857496101],[-99.052371599577,19.2784819798026],[-99.0505676359687,19.2775036842175],[-99.0505672596883,19.2775034802573],[-99.0482869702977,19.2759782304141],[-99.0473222796342,19.2755986002493],[-99.0451000497697,19.2748641096122],[-99.0414514300439,19.2737805098619],[-99.0404312196694,19.2732539802319],[-99.0402273398671,19.2730568196334],[-99.0395276597702,19.2726503701026],[-99.0385894602395,19.272132249623],[-99.0383716789893,19.272036419796],[-99.0375589297434,19.2717825891204],[-99.0374919800391,19.2717616735617],[-99.0373194490964,19.2717057403048],[-99.0369632540621,19.2714022680476],[-99.0364639102167,19.2709768301534],[-99.0359436903915,19.2706365995792],[-99.0356715197608,19.2702634298604],[-99.0353608126324,19.2698043567206],[-99.0353537839272,19.2697939705609],[-99.0346540721043,19.2687601259686],[-99.034643949745,19.2687451697012],[-99.0337338501241,19.2677038197174],[-99.0330218898451,19.2671169104327],[-99.0326709100381,19.2666922003969],[-99.0310659195998,19.2649325397673],[-99.0308459399821,19.2646372897604],[-99.0305358800058,19.2641684602987],[-99.0304680799622,19.263251029676],[-99.0304304503037,19.2631439997604],[-99.0302809401427,19.2629411703738],[-99.0298203196316,19.2625955498163],[-99.0295658502506,19.2624844200401],[-99.0293007499421,19.2623746299969],[-99.0278958898343,19.2622222802794],[-99.0272005499228,19.2618370000277],[-99.0271192896218,19.2619384499636],[-99.0268595095783,19.2617607702463],[-99.0264724800729,19.2617688196927],[-99.026039770287,19.261943649788],[-99.0258422300015,19.2622051799729],[-99.0253886002634,19.2620847800116],[-99.02508207997,19.2620098495745],[-99.0248203402388,19.2619319402806],[-99.0243505995327,19.2618209803988],[-99.0240572497701,19.2617571797705],[-99.0240166294403,19.261747221052],[-99.0229009489026,19.2614608914071],[-99.0225355202272,19.2613723998565],[-99.0220115994377,19.2612390201043],[-99.0217545389072,19.2611738296299],[-99.0215116486619,19.261115749689],[-99.0213001988026,19.2610693811841],[-99.0210950302114,19.2610305204304],[-99.0210322890219,19.2610173103725],[-99.0207523990394,19.2609571202638],[-99.0205182202607,19.2609346000547],[-99.0203263389716,19.2609194901217],[-99.0200577794231,19.2609641114528],[-99.0198253495669,19.2610291696369],[-99.0197425800915,19.2611507413223],[-99.0193043504058,19.2609759708722],[-99.0190742796688,19.2608951396322],[-99.0190295270532,19.2608785156973],[-99.0190291277039,19.260878367379],[-99.0189917696654,19.2608644906248],[-99.0189077786896,19.2608325511429],[-99.0188322634642,19.2608038268344],[-99.0186740897723,19.2607436603214],[-99.0179446296459,19.2604586813086],[-99.0175712299808,19.2603219709475],[-99.0174220496773,19.2602698305946],[-99.0172860981842,19.2602258202651],[-99.0172722894287,19.2602213498625],[-99.0169028444211,19.2600946596317],[-99.016859437541,19.2600797749437],[-99.0166248402229,19.259999327138],[-99.0165685697937,19.2599800304451],[-99.0165151188,19.2599554502216],[-99.0164595295904,19.2599285318564],[-99.0163888194566,19.2598942911611],[-99.016154059851,19.2597505208067],[-99.0160824594102,19.2596792004329],[-99.0159554188388,19.259552620283],[-99.0155603490508,19.2593384807696],[-99.0153554232825,19.2592374907582],[-99.0152063054857,19.2591640025836],[-99.0148610591161,19.2589938597927],[-99.0144429701216,19.2588105510506],[-99.0141895392551,19.2587094901109],[-99.0139167503567,19.2585791799241],[-99.0137223787711,19.2584967398684],[-99.0134433788842,19.2583737100473],[-99.0132171689801,19.2582359409984],[-99.0130129677345,19.2580896292007],[-99.0129647500006,19.2580550807977],[-99.0128483847078,19.2579589262361],[-99.0128340492964,19.2579470808362],[-99.0126775387105,19.2577871803629],[-99.0125252198463,19.2576319997244],[-99.012185029654,19.2572278006022],[-99.0119854193509,19.2569615400607],[-99.0118504799047,19.2567751495731],[-99.0117717202178,19.2566601113033],[-99.0118289996018,19.2562446295914],[-99.0116983194615,19.2560111195601],[-99.0113242598835,19.2556477809227],[-99.0112876494072,19.2557290912435],[-99.0110298001288,19.2556045097931],[-99.0108252800268,19.2554664900372],[-99.0106933802876,19.2553416797444],[-99.0098579703055,19.2545330799817],[-99.0098123103992,19.2544882300239],[-99.0092407996923,19.2539267703998],[-99.0085811697379,19.253195459873],[-99.0083448495288,19.2529448300364],[-99.0081304899005,19.252717889881],[-99.007766550208,19.2523154299597],[-99.0076187196829,19.252169290095],[-99.0070447701542,19.2516058795865],[-99.0072835501065,19.2511774311895],[-99.0074205237188,19.2509316866926],[-99.0074859362166,19.2508143291349],[-99.0075055499034,19.2507791403302],[-99.007689540351,19.2510239201773],[-99.0079469197946,19.2505460313331],[-99.0082649791053,19.250728000077],[-99.0084386786814,19.2506938311569],[-99.0086525498728,19.2507676797944],[-99.0088219704777,19.2506786296566],[-99.0088829091539,19.2506750911829],[-99.0090652597571,19.2502969799578],[-99.0092088895338,19.2499950298464],[-99.0093521693711,19.2496945206023],[-99.0095020601787,19.2493806806818],[-99.0095050902053,19.2493716297898],[-99.0095083485759,19.2493619111559],[-99.0096004796983,19.2490708795933],[-99.009714718565,19.2487297211658],[-99.0097679863195,19.2484939235894],[-99.0097704493204,19.2484830204475],[-99.0098042492514,19.2482645499749],[-99.0101374501869,19.2476660009797],[-99.0103519796513,19.247320829962],[-99.0104593788185,19.2471429704328],[-99.0105107995456,19.2470724596543],[-99.0106260586072,19.247003079669],[-99.0108213793796,19.2470055406846],[-99.0110724192518,19.2467220502386],[-99.011122769845,19.2465283210673],[-99.0111454188748,19.2462041701313],[-99.0111319499607,19.2461314296736],[-99.011191380208,19.2460527800514],[-99.0122960303177,19.2465138798331],[-99.0123850790883,19.2463568295686],[-99.0123969396854,19.2461228897273],[-99.0124680501783,19.2459316802794],[-99.0127094204269,19.2451425201659],[-99.0124753202627,19.2450142899056],[-99.0125652798859,19.2447340302963],[-99.012827449723,19.2448071802889],[-99.0139169196643,19.2451111502011],[-99.0139575489677,19.2449183408568],[-99.0139718291631,19.2448506307369],[-99.0139954786883,19.2446803207337],[-99.0140221994597,19.2445562309653],[-99.0140563659379,19.2444204994496],[-99.0140627065432,19.2443953063679],[-99.0140734000092,19.2443528302355],[-99.0141128485887,19.2442353098345],[-99.0141480575314,19.2441025797449],[-99.0141527564481,19.2440849574448],[-99.0141744191684,19.2440036501007],[-99.0143031498046,19.2436366595808],[-99.0143280723433,19.2435836135753],[-99.0143687850785,19.2434969578996],[-99.0143960739238,19.2434388759704],[-99.0144492327653,19.2433257300585],[-99.0145312681243,19.2431511242933],[-99.0146391701395,19.2429214608142],[-99.0148495803709,19.2426063399269],[-99.014934849469,19.2424596306412],[-99.0149546288279,19.242254830643],[-99.0149826603998,19.2420982902187],[-99.0150635498426,19.241857169838],[-99.0152821685396,19.2413734598774],[-99.0154057148106,19.241015710822],[-99.0154147795554,19.2409894608801],[-99.0154898301868,19.2408569795623],[-99.015558148978,19.2407924606471],[-99.0156173693556,19.2407396205821],[-99.0156949887621,19.2406208815614],[-99.0157425788891,19.2405480796447],[-99.0164683998558,19.2398094973559],[-99.0164739599019,19.2398038395986],[-99.0166521524422,19.2396225112471],[-99.0166638549481,19.2396106029249],[-99.016676878445,19.2395973499189],[-99.0166870501998,19.239586999575],[-99.01677431148,19.2394998845804],[-99.0167797784458,19.2394944252024],[-99.0170073656985,19.2392672148469],[-99.0170074271149,19.2392671544521],[-99.0172289538108,19.2390459930799],[-99.0172353451799,19.2390396124252],[-99.0176476469492,19.2386279893293],[-99.0176609142803,19.2386147437922],[-99.0176720956985,19.2386035807237],[-99.017734919713,19.238540859633],[-99.0177491520476,19.238505627212],[-99.0177529875276,19.2384961301341],[-99.0178610590032,19.238228597262],[-99.0182040193431,19.237676337097],[-99.0279048242903,19.2263293070564],[-99.0301930299636,19.2236328502125],[-99.0328741796081,19.223077154386],[-99.034061049561,19.2228311500039],[-99.035208770393,19.222593249853],[-99.0357864003733,19.2224735098935],[-99.0362836503529,19.2223704299026],[-99.0364189101204,19.2223423996438],[-99.0367316298876,19.2222775700565],[-99.0369396595819,19.222234400031],[-99.0375965995253,19.2220980504067],[-99.0380401399323,19.222006000178],[-99.0401053104425,19.2215773504291],[-99.0411247391109,19.2213657433813],[-99.0417864587945,19.2212283932091],[-99.0421688189554,19.2211490235697],[-99.0424680589044,19.2210869033908],[-99.0427853493943,19.2210210738092],[-99.0430225991703,19.2209718533744],[-99.0454382190535,19.2204707036659],[-99.0466439994388,19.2202205337327],[-99.0466635214059,19.2202164836043],[-99.0468233183611,19.2201833370407],[-99.0476625113698,19.2200092313592],[-99.0478320051952,19.2199740664231],[-99.0478671996116,19.2199667639453],[-99.0482655392453,19.2198841139021],[-99.0491436789513,19.2197019337912],[-99.0494845847991,19.2196312058013],[-99.0523528470507,19.2190360655748],[-99.0523546893153,19.2190356838915],[-99.0530975965631,19.218881532339],[-99.053839199313,19.2187276434574],[-99.0559837390499,19.2182826136419],[-99.0563531790668,19.2182061140351],[-99.0567162593914,19.218130933668],[-99.058163309409,19.2178313040229],[-99.059189378965,19.2176188240311],[-99.0601571992142,19.2174184137327],[-99.0605433995176,19.2173384244422],[-99.0632077989393,19.2167866436164],[-99.0643301988274,19.2165537625452],[-99.0658038192438,19.2162479739586],[-99.0663086796078,19.2161432233041],[-99.06732545891,19.2159322233936],[-99.0677717993771,19.2158395935599],[-99.069071488964,19.2155698836198],[-99.0710643096374,19.2151563036394],[-99.0723071792777,19.2148983440292],[-99.073586628803,19.2146327739412],[-99.075790229187,19.2141753725528],[-99.0767535489916,19.2139754236531],[-99.0777210288942,19.2137745744206],[-99.0778199700803,19.2137540498239],[-99.0781279489574,19.2136901050341],[-99.0785337703428,19.2136058796607],[-99.078704048943,19.2135705200726],[-99.0788344585265,19.2135434502762],[-99.0793719191997,19.2134318603924],[-99.0800587396183,19.2132892800441],[-99.080355629782,19.213227650285],[-99.080895688637,19.2131155209697],[-99.0813517992479,19.2130198207772],[-99.0819660796002,19.2128909200331],[-99.0820592508342,19.2128713674215],[-99.0825090297475,19.2127769800753],[-99.0830510595414,19.2126633103228],[-99.0834726808711,19.2125768495582],[-99.0836428582642,19.2125419491107],[-99.083770090051,19.2125158601199],[-99.0842090919678,19.2124258374468],[-99.0844096497925,19.2123847101034],[-99.0857449758036,19.2121108525937],[-99.0863131802667,19.2119943200428],[-99.0865002711131,19.2119559514228],[-99.0882280500406,19.2116016001762],[-99.0884233353037,19.2115615472616],[-99.0885042603119,19.2115449498712],[-99.0890325500949,19.2114365801714],[-99.0892899769423,19.2113837844029],[-99.0892902461075,19.2113837288933],[-99.0893920186944,19.2113628564339],[-99.0906948001613,19.2110956503463],[-99.0908728798645,19.2110482296943],[-99.0908730891659,19.2110481639687],[-99.0908739964048,19.2110478815786],[-99.0909365084535,19.2110283822834],[-99.0909653696152,19.2110193796462],[-99.0917170485673,19.2109200909149],[-99.0920650524495,19.210905863965],[-99.0923917195284,19.2108925098811],[-99.0929293487076,19.2109187699606],[-99.0931809201148,19.2109299401178],[-99.0933889197451,19.2109644909315],[-99.093542148641,19.2110087098849],[-99.0936852503053,19.2110789197141],[-99.0937702224313,19.2111390846834],[-99.0940093091733,19.2113083703798],[-99.0941357075923,19.211415751614],[-99.0942043097354,19.2114740302786],[-99.0942950800447,19.2115244297503],[-99.0943963500027,19.2115532002229],[-99.0944849501756,19.211553149885],[-99.0945608798028,19.2115387098703],[-99.0946545101965,19.2114930203971],[-99.094743079906,19.2114329101558],[-99.0948341503723,19.2113607995651],[-99.0948999201756,19.2112833197586],[-99.0949454602427,19.2112208502028],[-99.0949757800834,19.2111511697764],[-99.0949959998799,19.2110742800893],[-99.0950645395207,19.210078980249],[-99.0950762303569,19.2097413704563],[-99.095098919784,19.209590020173],[-99.0951595800437,19.209438649587],[-99.0952531501525,19.2092590302071],[-99.0954143459097,19.2090156277413],[-99.0955550602889,19.2088031502162],[-99.0956115198557,19.2087178911049],[-99.0956870301684,19.2086279396384],[-99.0957744491977,19.2085783495831],[-99.0958561204176,19.2085559201691],[-99.0959740904674,19.2085541401579],[-99.0961229400281,19.20857300124],[-99.0962731786954,19.2085987705854],[-99.0964327687583,19.2086266910353],[-99.0965507386578,19.2086520803748],[-99.0966797388814,19.2086648298005],[-99.0967773503756,19.2086644495744],[-99.0968731100358,19.2086538597143],[-99.0969959204752,19.208630749617],[-99.0971386594553,19.2085927209692],[-99.0979443097322,19.208329969669],[-99.0979617548948,19.2083247660138],[-99.0981373792254,19.2082723804552],[-99.0982690286205,19.2082381999083],[-99.0983506198187,19.2082266609083],[-99.098410510017,19.2082209413548],[-99.0984884492267,19.2082152008984],[-99.0988194602073,19.2082150204097],[-99.098895550395,19.2082113795566],[-99.0989450797198,19.2082094006876],[-99.0990373695537,19.2081965702876],[-99.0991099500561,19.2081828211064],[-99.0991632194518,19.208164320455],[-99.099212509681,19.2081472798271],[-99.0992694196476,19.208105150061],[-99.099305859851,19.2080694198132],[-99.0993691396838,19.2079908496432],[-99.0998306598512,19.2074956002938],[-99.0999205396944,19.2073856303855],[-99.0999760201732,19.2072670497504],[-99.1000129703157,19.2071440000485],[-99.1000261102337,19.2069933503547],[-99.1000447500582,19.2065195499949],[-99.1000579197071,19.2064140902329],[-99.1000843102743,19.2063211801594],[-99.1001239500761,19.206245850193],[-99.100182089845,19.2061704896914],[-99.1002561201183,19.2061152296466],[-99.1003751201375,19.206072480447],[-99.1006063400969,19.2059980301692],[-99.100635565049,19.2059845328604],[-99.1006988795368,19.2059552897609],[-99.1008020003837,19.2058949803456],[-99.1008861198548,19.2058246502106],[-99.100984419616,19.2057216499193],[-99.1010022792844,19.2057007998424],[-99.101147594183,19.2055312067139],[-99.1015900201763,19.205014859609],[-99.1016930887503,19.2048917803094],[-99.1017459392363,19.2048088907547],[-99.1017636595492,19.2047627988735],[-99.1017804289327,19.204719180117],[-99.1018147496923,19.2046216297085],[-99.1018543106469,19.2044304296738],[-99.1018708495912,19.2042008498054],[-99.1018997111964,19.2038234207758],[-99.1019331803896,19.2034342504059],[-99.1019636001705,19.202646089708],[-99.1020224303001,19.20228052132],[-99.1020700603192,19.2018464001053],[-99.1020864504256,19.2015723212425],[-99.1021175802971,19.2010517999115],[-99.1021703401598,19.2008279697526],[-99.1022469395293,19.2006619713059],[-99.1022731102757,19.2006282314326],[-99.10239984924,19.2004647709725],[-99.1026292499064,19.2003111203377],[-99.1031138795983,19.2000182908757],[-99.1032679185776,19.1999262001314],[-99.1040806194269,19.1994363807411],[-99.1041233390433,19.1994106596083],[-99.104196349772,19.1993671813477],[-99.1047255804661,19.199046370058],[-99.1047996891252,19.1989642212486],[-99.1048442290388,19.1988661104361],[-99.1048509693724,19.1987662907297],[-99.1048243099087,19.1986561503094],[-99.1047789201584,19.1985609213205],[-99.1047254590853,19.1984933501751],[-99.1046088594421,19.1984258198832],[-99.1046314801814,19.1983820198877],[-99.1046353351314,19.1983517037399],[-99.1046372300225,19.1983368000664],[-99.1046583494023,19.1982792896153],[-99.1046978291118,19.1982055198595],[-99.1047541961063,19.1982133875591],[-99.1051818303007,19.1982730802989],[-99.105264537046,19.198087508145],[-99.1052749846322,19.1980640668495],[-99.1052766267725,19.1980603821375],[-99.1052776801208,19.1980580196913],[-99.105281369018,19.1980522515924],[-99.1052913941711,19.1980365743374],[-99.1055055945764,19.1977016260624],[-99.1055057780238,19.1977013396765],[-99.1055176169861,19.197682826244],[-99.1055179720965,19.1976822695534],[-99.1055330875744,19.1976586360177],[-99.1057363997547,19.1973407099345],[-99.1057453026081,19.1973244422082],[-99.1057454514325,19.1973241696535],[-99.1057732770571,19.1972733250481],[-99.105791835732,19.1972394134007],[-99.1058029548757,19.1972190950944],[-99.1058031433657,19.1972187508244],[-99.1058116017526,19.1972032953637],[-99.1059802642824,19.1968951014046],[-99.1059854736323,19.1968855819283],[-99.1059917241766,19.1968741364386],[-99.1062995732015,19.1963116333955],[-99.1063082467565,19.19629578434],[-99.1063160859797,19.1962814603057],[-99.106509630842,19.1959277953388],[-99.1065193826913,19.1959099765847],[-99.1065291693028,19.1958920923626],[-99.1067149949572,19.1955525298804],[-99.1067328785903,19.1955198500267],[-99.1067434885391,19.1955004614041],[-99.1069280601153,19.1951631913038],[-99.1069480616538,19.1951266410669],[-99.1080995148738,19.1930225213188],[-99.1084375674014,19.1924047640646],[-99.1086281659369,19.1920564620342],[-99.1088172288887,19.1917109642989],[-99.1090167652349,19.1913463261436],[-99.1091180140508,19.1911612999027],[-99.1102763399752,19.1890444900863],[-99.1114840899735,19.1868341395471],[-99.1116624498291,19.1865132901987],[-99.1123306299212,19.1852954800957],[-99.1126606196039,19.1846926602174],[-99.1134183504325,19.1833022898891],[-99.1186541400704,19.1737426597293],[-99.1191301403622,19.1728729500459],[-99.1302443202446,19.1525441699681],[-99.1310507401426,19.1526686804538],[-99.1314033197726,19.1526534798849],[-99.1316581498969,19.1526345098888],[-99.1321415698386,19.1529214002246],[-99.1325088498312,19.1530263502197],[-99.132581630051,19.1531211403402],[-99.1326002597637,19.1532196601304],[-99.1326115404065,19.1533816297733],[-99.132467849891,19.1539896503361],[-99.1325550498656,19.154298349961],[-99.132795349795,19.1548807800772],[-99.1328366199938,19.1558250200548],[-99.132795290437,19.1566236895616],[-99.132894830222,19.1577275199262],[-99.1328247103743,19.158583680051],[-99.1327249796452,19.1593386596161],[-99.1326948897244,19.1601344297474],[-99.1325232898924,19.1608480302493],[-99.1323986601933,19.1612837699801],[-99.1322486495279,19.1616090803205],[-99.1319763501658,19.1621266300523],[-99.1318146495978,19.1626089402735],[-99.1316503404501,19.1631855496015],[-99.1310684503231,19.1640554901972],[-99.1306414295316,19.1649004197895],[-99.1304710200182,19.1654088896074],[-99.130314769747,19.1659060603293],[-99.1302175203238,19.1665794298449],[-99.1302022797248,19.1672640300453],[-99.1301742197479,19.168220480135],[-99.1303134798676,19.1688590595467],[-99.1305208300153,19.1704021196407],[-99.1305145402509,19.1705727698649],[-99.1304779396497,19.1707215203089],[-99.1305196595387,19.1708377201613],[-99.1305330202015,19.1710475101221],[-99.1305431797383,19.1713936496162],[-99.1305088898513,19.1716439504376],[-99.1304774004265,19.1718007404464],[-99.130461849909,19.1718552899509],[-99.1304096899692,19.1719098200614],[-99.13034191997,19.1719594304288],[-99.1302443500821,19.1720080899914],[-99.1300714800669,19.1720835495702],[-99.1299971495273,19.1721375102723],[-99.1299627802073,19.1721958500648],[-99.1299505498384,19.1722460200639],[-99.1299493997592,19.1723602798357],[-99.1300338799385,19.1724463796749],[-99.1300729997847,19.1725150204295],[-99.1301967200423,19.1726707198822],[-99.1304688800478,19.1729710199899],[-99.1307949796698,19.1734203996675],[-99.1309119199044,19.1736033203988],[-99.1311063496963,19.1738426500748],[-99.1313827795832,19.1740375202057],[-99.1315671798792,19.174293029635],[-99.1317515700404,19.1745485097218],[-99.1319501801165,19.1748645398839],[-99.1320637400875,19.175120089601],[-99.1321327198712,19.1755014499879],[-99.1321611796177,19.1758369500539],[-99.1322494496126,19.1762149503015],[-99.1323109202581,19.1763949103672],[-99.1324143102472,19.1765370202831],[-99.1325021999495,19.1766693397515],[-99.132504859584,19.176772289568],[-99.1324385104677,19.1769736196257],[-99.1323256296333,19.177217079704],[-99.1322956596758,19.1774676504399],[-99.132295860208,19.1777038803077],[-99.1323262196758,19.1779615703032],[-99.1324018201498,19.1782120599824],[-99.1323945501575,19.1785322197706],[-99.1322431204522,19.1787563101967],[-99.1321579102227,19.179007060134],[-99.1320727097906,19.1792725497061],[-99.1319797998723,19.1796191498749],[-99.1318636600591,19.1800542498502],[-99.1316232295301,19.1803935803403],[-99.1314758800008,19.1806296302506],[-99.1312868298969,19.1812532895969],[-99.1310484501901,19.1818074498804],[-99.1308001798815,19.1821025501334],[-99.1304975199189,19.1823092200752],[-99.130334649801,19.1825526503369],[-99.1302573100264,19.1829508498053],[-99.1302420897355,19.1833563800784],[-99.1301957697257,19.1837029500576],[-99.1301012303451,19.1839337501969],[-99.1299713096184,19.1841166504131],[-99.1298676003981,19.1841521701879],[-99.1297721701394,19.1841640602949],[-99.1296809202276,19.1842232297878],[-99.1295938604454,19.1843178501209],[-99.129515139773,19.1844676299582],[-99.1294295403248,19.1845471398796],[-99.1291156602244,19.184608089902],[-99.1289704598943,19.1846515403501],[-99.1288626803669,19.1847895100228],[-99.1287383802433,19.1850299397791],[-99.128373660458,19.1856093803962],[-99.1278600301506,19.1860453198142],[-99.1274859103874,19.1864073498446],[-99.1273858200598,19.1867142597786],[-99.1272515199794,19.1869998297866],[-99.1270761201958,19.1872661798565],[-99.1271212498702,19.1875644004202],[-99.1272679703814,19.1878625399626],[-99.1274123996433,19.1881084303707],[-99.1275696595515,19.1882912798039],[-99.1277350904119,19.1884744902511],[-99.1281619503813,19.1888108501926],[-99.1287284301491,19.1891452503624],[-99.12934763039,19.1898111698568],[-99.1299351403578,19.1902975101664],[-99.1299959501238,19.1904903095879],[-99.1300030003994,19.1907334299458],[-99.1301494002295,19.1909021699068],[-99.1304771798738,19.1910830897183],[-99.1306727198804,19.1913149099932],[-99.1306579698808,19.1916467397025],[-99.1306583096013,19.1920672498774],[-99.1305982797528,19.1922917203514],[-99.1306542802687,19.192450770097],[-99.1306415496869,19.1926955795567],[-99.1307750003537,19.1929403098116],[-99.1306161402902,19.1931648504229],[-99.130577689808,19.1933852198469],[-99.1304720002993,19.1936626599835],[-99.1304682795738,19.1937601800123],[-99.1304911499482,19.1940125400683],[-99.1302793796722,19.1943341203428],[-99.1302361997052,19.1943661696651],[-99.1301037998271,19.194468030418],[-99.1300782604669,19.194513739728],[-99.1300927996036,19.1945672203842],[-99.1301233801013,19.1946802302559],[-99.1300215796469,19.1949107495926],[-99.1299435699915,19.1953570803981],[-99.1300473399549,19.1954590896772],[-99.1301242304596,19.1955866799007],[-99.1302204499336,19.1958436295471],[-99.1303607130973,19.1960157948783],[-99.1303611276621,19.1960163037474],[-99.1304261697773,19.1960961400641],[-99.1304506596701,19.1962054802491],[-99.1303937702919,19.1963817500083],[-99.1302232204522,19.1966114203839],[-99.130020629769,19.1967451198041],[-99.1296130597741,19.197120630607],[-99.1295059195211,19.1972710003051],[-99.1294729799922,19.1973778896988],[-99.1294814489399,19.197454220881],[-99.1295077198853,19.1975134004317],[-99.1295410896329,19.1976552901595],[-99.1294378201698,19.1977708201684],[-99.1293089403345,19.1979375509116],[-99.1292741999632,19.1980044900958],[-99.1292737398474,19.1980367801522],[-99.1292696195388,19.198126879716],[-99.1292929191196,19.198164251056],[-99.1293750786688,19.1981907507284],[-99.1294570604464,19.1982365508894],[-99.1294803199721,19.1982623398181],[-99.1294996301202,19.198292460161],[-99.1295124894552,19.1983255199235],[-99.129515378942,19.1983693212388],[-99.1295098300436,19.1984076595703],[-99.1294983786503,19.198455860128],[-99.1294781204092,19.1985205200472],[-99.1294487689814,19.1985996598241],[-99.1293779395756,19.198742140957],[-99.1292771495882,19.1989009699253],[-99.1291996288641,19.199046019869],[-99.1291399488735,19.1991909996453],[-99.1291127686043,19.199323481265],[-99.1290928799432,19.1994411806249],[-99.1290846294036,19.1995849100154],[-99.1290894901019,19.199671460741],[-99.12911733924,19.1997153110786],[-99.1291527204773,19.1997436498837],[-99.1292874599402,19.1998047803106],[-99.1293206792914,19.199836250593],[-99.1293400595533,19.1998820597479],[-99.1293345785811,19.2000378203505],[-99.1293424891469,19.2000990208749],[-99.1293601802797,19.2001583799012],[-99.1294035492359,19.2002253498475],[-99.1294693990507,19.2003227695671],[-99.1295400295931,19.2003821107358],[-99.1295402585573,19.2006816735515],[-99.1295402602465,19.2006820912263],[-99.1295390290886,19.2010720899971],[-99.1294806586615,19.2016615996544],[-99.1294652600853,19.2018162008022],[-99.1294297701639,19.202069059816],[-99.12939621885,19.2024649710482],[-99.1293921694311,19.2025158610491],[-99.1293146908139,19.2029936205749],[-99.1293131498667,19.2030031209769],[-99.1296373986495,19.2030132336645],[-99.1297472801671,19.2030166603495],[-99.1299174590952,19.203045551049],[-99.1300615961676,19.203094227958],[-99.1301725950111,19.2031317140032],[-99.1303023986343,19.2031755503551],[-99.1302284787882,19.2034322598082],[-99.1301994295987,19.2035169413201],[-99.1300887190995,19.2037530203712],[-99.1300796600263,19.2038001814382],[-99.1300833397524,19.2038463200037],[-99.1301143099527,19.2038825798289],[-99.1304384496196,19.203970319786],[-99.1305075390535,19.2039928307058],[-99.1305529985979,19.2040070812633],[-99.1307656596712,19.2040777403522],[-99.1308326895522,19.204123880901],[-99.130841870009,19.2041319815876],[-99.1309241702658,19.2042046007429],[-99.1312068888227,19.204565481192],[-99.1312130190413,19.2047770345633],[-99.1312136888772,19.2048001110612],[-99.1313007980586,19.2050414131126],[-99.1313660191256,19.2052220804353],[-99.1314407751198,19.2053514562727],[-99.1314851186704,19.20542819982],[-99.1315659502487,19.2055292296186],[-99.1316428802562,19.2056094008361],[-99.1319800290755,19.2059145402846],[-99.1321431823887,19.2060958913198],[-99.1321498020278,19.2061032484206],[-99.1322716799614,19.2062387203217],[-99.1324311989818,19.2064790513121],[-99.1324343748748,19.2064904070963],[-99.1324995688597,19.2067234795861],[-99.1325223988411,19.2070091697392],[-99.1324977493885,19.2071551510655],[-99.1324286934678,19.2073418051658],[-99.1323393192939,19.2075833683295],[-99.1323390948054,19.2075839755853],[-99.1323229991526,19.2076274800463],[-99.1323212335812,19.2076741159501],[-99.132320250043,19.2077000909715],[-99.1323963825588,19.2079296762443],[-99.1324197687974,19.2080002008159],[-99.1324854647853,19.2080779351685],[-99.1325251395952,19.2081248799836],[-99.1326319103452,19.2081931590518],[-99.1327042492256,19.2082394197244],[-99.1327100803974,19.2082478616714],[-99.1327701496648,19.2083348203956],[-99.1327966588066,19.2089840312346],[-99.1327686917049,19.2092346279588],[-99.1327681275943,19.20923968155],[-99.1327679324146,19.2092414335896],[-99.1327663387969,19.2092557102113],[-99.1327730004322,19.2094390595711],[-99.1328650028143,19.2096410746737],[-99.1329156897745,19.2097523714102],[-99.1329186797863,19.209856619805],[-99.132870479182,19.2099224807049],[-99.132821479983,19.2099793411252],[-99.1328746002452,19.2100258201855],[-99.1329734593563,19.2100767410734],[-99.1330143389819,19.2100950206393],[-99.1330397481235,19.2101220206584],[-99.1332961104588,19.2103944355811],[-99.1333131450844,19.2104125376351],[-99.1335901456277,19.2107068841683],[-99.1336036525369,19.2107212355741],[-99.1338772029796,19.2110119140534],[-99.1338986797914,19.2110347343819],[-99.1344458291665,19.2116161362404],[-99.1383158603334,19.2157282496873],[-99.1495436503837,19.2192240799821],[-99.1495936021197,19.2192386525522],[-99.1496061696805,19.2192423189389],[-99.1543948600208,19.2206392798359],[-99.1535193688565,19.2218062506598],[-99.1534815200554,19.2215815696789],[-99.1534242500989,19.2214098596227],[-99.153284489897,19.2211839799225],[-99.1532171097853,19.2209851701389],[-99.1530577399751,19.2207412197257],[-99.1529344200379,19.2205808795845],[-99.1528415702222,19.2205032898548],[-99.1527670500537,19.2204621096464],[-99.1526170596943,19.2204681400624],[-99.1524805199544,19.2205338301693],[-99.1523379495543,19.2207147696454],[-99.152290250372,19.220877540243],[-99.1520637998347,19.221295860003],[-99.1520098197667,19.2217411400564],[-99.1520366203035,19.2218821497253],[-99.1520228804316,19.2220394603397],[-99.151909340459,19.2224124803442],[-99.1518421999512,19.2227312203865],[-99.1517748599027,19.2228736603304],[-99.1516904499402,19.2231102799981],[-99.1516718302723,19.2231863998629],[-99.1516518597217,19.2232612603118],[-99.151619890414,19.2233526204057],[-99.1515798801812,19.2234173400016],[-99.1515438302146,19.2234389403339],[-99.1515117700359,19.2234402297802],[-99.1514783400958,19.2234225096556],[-99.1514475401665,19.2233527702782],[-99.151426089846,19.2232817496156],[-99.1514083202574,19.2232304199266],[-99.1513958597633,19.2232224804244],[-99.151314720432,19.2232079395809],[-99.1512207698043,19.2232445100805],[-99.1511502195784,19.2234079703112],[-99.1511646904581,19.2234865999328],[-99.1511845802718,19.2235618202769],[-99.1512007401557,19.2236359401477],[-99.151203909621,19.223661879936],[-99.1512044500112,19.2236907199546],[-99.1512022304016,19.2237170001614],[-99.1511966300901,19.2237462298327],[-99.1511869396233,19.2237770801098],[-99.1511714200436,19.2238107502973],[-99.1511531800508,19.2238541500158],[-99.1511334301144,19.2239004303147],[-99.1511138897359,19.2239415695554],[-99.1511010598455,19.2239713096618],[-99.1510902498499,19.2240028798992],[-99.1510807696174,19.2240413696772],[-99.1510752001463,19.2240791097312],[-99.1510732203998,19.2241136197938],[-99.1510743797137,19.2241510800538],[-99.1510786199945,19.2241860599254],[-99.1510845104528,19.2242084897073],[-99.151092220294,19.2242330801406],[-99.1511030503071,19.2242619802775],[-99.1511152203928,19.2242895096007],[-99.1511282896151,19.2243150899323],[-99.151143509573,19.2243411701786],[-99.1511641696483,19.224371949988],[-99.1511904795471,19.2244055199029],[-99.1512328598757,19.224450089889],[-99.1512736800248,19.2244849401449],[-99.1513203103843,19.2245174203842],[-99.1513705996932,19.2245477400557],[-99.1514087099186,19.2245650502528],[-99.1514513699447,19.2245837998144],[-99.1514955497783,19.2245967798186],[-99.1515519202235,19.2246068497296],[-99.151602179558,19.2246096897132],[-99.1516664327484,19.2246146047528],[-99.1517456196846,19.2246206612926],[-99.1518624500207,19.2246293196652],[-99.1519647398631,19.224648089696],[-99.1521203687104,19.2246622198768],[-99.1522116204114,19.2246715695808],[-99.1522764201495,19.2246731996491],[-99.152366320035,19.2246846201789],[-99.152456368802,19.2247101802553],[-99.1525402599802,19.2247407700567],[-99.1526374797624,19.2247840012861],[-99.1526910492469,19.224815970558],[-99.1527373399378,19.2248377099961],[-99.152784968909,19.2248734501916],[-99.152840569305,19.2249336497683],[-99.1529001199414,19.2250032607813],[-99.1529735995615,19.2250992301004],[-99.1530391403967,19.2252065102336],[-99.1531233704751,19.2253424308921],[-99.1532120890498,19.2256029404248],[-99.153316969273,19.2258625407314],[-99.1533784886156,19.2259818306571],[-99.1532616186161,19.2261597507486],[-99.1531807087221,19.2263194213097],[-99.1530719989165,19.2265108311565],[-99.1529842589341,19.2266499105464],[-99.1529353086364,19.2269022308116],[-99.1528650303137,19.2271386603571],[-99.1528320902761,19.2273645709167],[-99.1527690589969,19.2276476898715],[-99.1527150574529,19.2278803578124],[-99.1527000287947,19.2279451098305],[-99.152648949876,19.228157951313],[-99.1525799031036,19.2283710002419],[-99.1525618186418,19.2284267997743],[-99.1525133399094,19.228582581249],[-99.1525075502839,19.2286075485691],[-99.1524563090285,19.2288285399857],[-99.1524172589885,19.2289743795908],[-99.1523893785799,19.229134680919],[-99.152375279823,19.2292766606389],[-99.1523331700407,19.2293681999133],[-99.1522307991035,19.2294797805907],[-99.1521284601874,19.2296228499779],[-99.1520201387582,19.2298030602719],[-99.1519144599643,19.2299739199588],[-99.151863850111,19.230062146931],[-99.1518603103088,19.2300683196208],[-99.1518212596997,19.2302113108974],[-99.1517937103609,19.2304810807495],[-99.1517808894204,19.2306649101762],[-99.1517776338295,19.230676465215],[-99.1517550672605,19.2307565583324],[-99.1517400792471,19.2308097509649],[-99.1516249198242,19.2310765199576],[-99.1516123330717,19.2310918698514],[-99.151554015098,19.231162988764],[-99.1515263790343,19.2311966907],[-99.1513659702137,19.2313538502561],[-99.1512725281162,19.2314502082834],[-99.151232659976,19.2314913213032],[-99.1511703991613,19.231579380008],[-99.1511022439383,19.2317634265745],[-99.1510990798651,19.2317719700525],[-99.1509760593792,19.2319082598504],[-99.1509326291732,19.2319418203869],[-99.1509013688611,19.2319839800296],[-99.1508659396142,19.2320834512237],[-99.1508518801484,19.2322347709199],[-99.1508166592816,19.2323101397328],[-99.15078581671,19.2323376122491],[-99.1507532868901,19.2323665876483],[-99.1507441003823,19.2323747710376],[-99.1507438117214,19.2323750283241],[-99.1507129808079,19.2324024892705],[-99.1507015404323,19.2324126803544],[-99.1506147867791,19.2325437972824],[-99.150612753833,19.2325468709573],[-99.1506036303099,19.2325606599271],[-99.1506032900727,19.2325617868877],[-99.1505752604456,19.2326547197615],[-99.1505859998646,19.2329185502997],[-99.1506016189167,19.2330831701899],[-99.1505796001998,19.2331675707903],[-99.1505202601902,19.2332110613295],[-99.1504767996351,19.2334138296287],[-99.1504910902778,19.2335308804301],[-99.1505252294472,19.233672109649],[-99.1505607192212,19.2337549810654],[-99.1506571989735,19.2339778598775],[-99.1507041486756,19.2340653506494],[-99.1507370800755,19.2342059700316],[-99.150747625369,19.2342714514476],[-99.1507477841936,19.2342724310945],[-99.1507478331279,19.2342727364282],[-99.1507644196494,19.2343757109027],[-99.1507555662936,19.2344491250294],[-99.1507445802169,19.2345402299058],[-99.1507347303121,19.2345640697751],[-99.1507001391181,19.234647789333],[-99.1506922734635,19.2346668259836],[-99.1506831700066,19.234688859821],[-99.1506830859144,19.2346888672937],[-99.1506788296456,19.2346892481099],[-99.1505914901789,19.2346970599877],[-99.1505068054513,19.2346749492786],[-99.1504921395425,19.2346711201086],[-99.150489353903,19.234660885186],[-99.1504846851614,19.2346437328726],[-99.1504805204498,19.2346284301245],[-99.1504795058146,19.2345934037849],[-99.1504779104257,19.2345383107379],[-99.1504642888548,19.2344137110929],[-99.1504423385822,19.2342944010308],[-99.1503869397922,19.234233549644],[-99.150309228656,19.2341939808028],[-99.1502509386765,19.2341782307874],[-99.1501342599572,19.2341705996574],[-99.1500258899547,19.2341815203591],[-99.1497814604602,19.2341609805618],[-99.1496620803504,19.2341321198133],[-99.1496133793098,19.2340953958933],[-99.1495955092938,19.2340819199396],[-99.1495456290154,19.2340343200625],[-99.1494959458582,19.2340328157591],[-99.149465059991,19.2340318801697],[-99.1493871396409,19.2340877802662],[-99.1493108895214,19.2341757111783],[-99.1493066592497,19.2342684601188],[-99.1493449389185,19.2343450608084],[-99.1494364599506,19.2344190500931],[-99.1495363392745,19.2344877114104],[-99.1495723193738,19.2345538797315],[-99.1495694290527,19.2346254503836],[-99.1495415699043,19.2346811497095],[-99.1494942797639,19.2347448606932],[-99.1494136487815,19.2348006906526],[-99.1492825686855,19.2348441996998],[-99.1492020504255,19.2348878009053],[-99.1491667187982,19.2349576301355],[-99.1490965488582,19.2350342495867],[-99.1490105397168,19.235117430014],[-99.1489410892634,19.2351926596283],[-99.1488918590102,19.2353638904517],[-99.1488381786912,19.2355228807574],[-99.148789399307,19.2355823397711],[-99.1487070903256,19.2356649802414],[-99.1486139499007,19.2356694198963],[-99.1485299795272,19.2356796008726],[-99.1484369686989,19.2357202206422],[-99.1483898594418,19.2357753406206],[-99.14836990884,19.2358333110136],[-99.1483709794011,19.2360016813317],[-99.1482980000896,19.2361684301168],[-99.1482773200934,19.236213762752],[-99.1482701811822,19.2362294110727],[-99.1482636101094,19.2362438144239],[-99.1482341196386,19.2363084602248],[-99.1482002494776,19.236292910642],[-99.1481716141625,19.2362797647624],[-99.1481377090414,19.2362642000097],[-99.1481161427282,19.2362557384156],[-99.1480997097222,19.2362492908518],[-99.1480634303277,19.2362253996219],[-99.1480160900689,19.236194779968],[-99.1479885997351,19.2361678602484],[-99.1479737185621,19.2361498906765],[-99.1479655603669,19.2361247503975],[-99.1479630202058,19.2361169209055],[-99.1479557100777,19.2360674501119],[-99.1479670605342,19.2360560661135],[-99.1480099389391,19.2360130608774],[-99.1480151649829,19.2360003045806],[-99.1480570889176,19.2358979710053],[-99.1480690228784,19.235862498829],[-99.1481151687959,19.2357253401396],[-99.1481292483897,19.2356997746697],[-99.1481657403629,19.2356335099257],[-99.1482644589615,19.2355278306807],[-99.148342600081,19.2354352510035],[-99.148388090132,19.235337919667],[-99.1484197788176,19.2351312199929],[-99.1484134471388,19.2350750091222],[-99.1484024791123,19.2349776496837],[-99.1483428592295,19.2348970307304],[-99.1482886934351,19.2348623303762],[-99.1481818000919,19.2347938500804],[-99.1481010786003,19.234723140721],[-99.1479656191581,19.2346377803371],[-99.1478767404485,19.2345572499241],[-99.1477423204337,19.2345420610927],[-99.1475930863507,19.2344721879474],[-99.1475784589669,19.2344653395787],[-99.1475716617036,19.2344634897845],[-99.1475540563253,19.2344586997129],[-99.1475360279715,19.2344537938356],[-99.14751119759,19.234447038069],[-99.147414948957,19.2344208503577],[-99.1468941052469,19.2343762302175],[-99.1468864188956,19.2343755712658],[-99.1468768550331,19.2343724270527],[-99.1468556319055,19.2343654494348],[-99.1468220503941,19.2343544095705],[-99.1467209402178,19.2343211706808],[-99.1466013471329,19.2342554190811],[-99.1465871801926,19.2342476298488],[-99.1465172076283,19.2342294062096],[-99.1464448786219,19.2342105708528],[-99.1463853099784,19.2342057023001],[-99.1463630250525,19.2342038813317],[-99.1463309497711,19.2342012601399],[-99.1462109691998,19.234225399814],[-99.1460904295456,19.2342135812203],[-99.1460005502804,19.234217649638],[-99.1459224586363,19.2342821506855],[-99.1458750899022,19.2343174002978],[-99.1457808590305,19.2343224807473],[-99.1456367387956,19.2343224195793],[-99.1455578293129,19.2343706806351],[-99.1454981790646,19.2344199508597],[-99.1453982300981,19.2344562011354],[-99.1453320896904,19.2344383112299],[-99.1452204803726,19.2343700214255],[-99.1450619691742,19.2343378196134],[-99.1449197798573,19.2343407414403],[-99.1448442900888,19.2343843801475],[-99.1448043486368,19.2344518797711],[-99.1447821700672,19.2344800205559],[-99.1446906792183,19.2345030797553],[-99.144452539071,19.2345248600537],[-99.1448378604686,19.2351963799343],[-99.1450393203936,19.2355462596009],[-99.1459380691934,19.2372391530366],[-99.1461554198082,19.2376485503679],[-99.1461686595475,19.2376742498088],[-99.1463348299367,19.2379930203902],[-99.1470159095271,19.239299420174],[-99.1471661799535,19.2395961199076],[-99.1473415701518,19.2399528303902],[-99.1475198303062,19.2402592201927],[-99.1473601501572,19.2403653704163],[-99.1471367496145,19.2404205395524],[-99.147017620147,19.2404293397003],[-99.1468965100762,19.2404098798379],[-99.1466832001986,19.2403367796115],[-99.1465833402705,19.2402555801755],[-99.1464951686621,19.2401488098807],[-99.146423910154,19.2400625201999],[-99.1463883045234,19.2400064803955],[-99.1463080199741,19.239880120301],[-99.1462164301542,19.2394624603696],[-99.1461203201878,19.2393289799217],[-99.1460607799697,19.2393284297334],[-99.1456047703673,19.2393250800287],[-99.1453446895647,19.2393855696084],[-99.1451449799359,19.2394722599925],[-99.1443982388389,19.2396249557755],[-99.1441772202444,19.239670149825],[-99.1440114899556,19.2396844895561],[-99.1439482498754,19.2401600603236],[-99.143947117036,19.240168595968],[-99.1439443097968,19.2401897502749],[-99.1439469380115,19.2402429109359],[-99.1439627829892,19.2405633622265],[-99.1439695830547,19.2407008770577],[-99.1439749199895,19.2408088198795],[-99.1439773697348,19.2408734497617],[-99.1439799702575,19.2409269315673],[-99.1440030655949,19.241401827764],[-99.1440060495803,19.2414631799541],[-99.1440317095556,19.2417021404062],[-99.1440574200712,19.2420383202342],[-99.1440690569798,19.2422086992409],[-99.1440760931577,19.2423117168018],[-99.1440807399355,19.2423797495854],[-99.1440901422895,19.2424910202154],[-99.1440927866453,19.2425223079467],[-99.144095739744,19.2425572499508],[-99.1441169201205,19.2426087195772],[-99.1441182353774,19.2426188707342],[-99.1441290500569,19.242702319707],[-99.1441525651289,19.2428841913517],[-99.1441672446388,19.2429977262778],[-99.1441673496725,19.2429985400341],[-99.1441916413058,19.2431862347448],[-99.1442054758094,19.2432931245705],[-99.1442398497483,19.243558719818],[-99.144251399815,19.2436607402474],[-99.1442529198453,19.2440007404392],[-99.1442509663297,19.2441783480818],[-99.1442508802239,19.2441861398147],[-99.1442467628846,19.2442135905689],[-99.1441918298499,19.2445797999599],[-99.1442553997423,19.2447402599222],[-99.1436657792946,19.2446186302619],[-99.143338068529,19.2444900918448],[-99.1433153989219,19.2444812009295],[-99.1423314590809,19.2441590309283],[-99.1422362195456,19.2438693395432],[-99.1422030282238,19.2438341530559],[-99.1420595996266,19.2436820895583],[-99.1420054291031,19.2436443396804],[-99.1417146901516,19.2435945109841],[-99.1416561203451,19.2435812201634],[-99.1417067202685,19.2436540197976],[-99.1417087998652,19.2436798310703],[-99.1416531100932,19.243747750086],[-99.1416214604591,19.2437546507125],[-99.1411435094148,19.2436036302527],[-99.1410957385395,19.2435924299736],[-99.1410470490498,19.2435878206041],[-99.1403840904252,19.2435947207053],[-99.1403315196263,19.2436279099532],[-99.1402859795596,19.2436739706305],[-99.1402251188257,19.2438033208798],[-99.1401903189575,19.2438513099865],[-99.1400038502589,19.2441928204235],[-99.1395894221691,19.2448719057761],[-99.138921509788,19.2459663395894],[-99.1390413800392,19.246042830307],[-99.1392759499909,19.2462378595725],[-99.1393958796434,19.2463613198489],[-99.1396103197441,19.2467229398463],[-99.139738139906,19.246947690435],[-99.1398168799358,19.2470900502329],[-99.1399889997023,19.2473493502585],[-99.1402288302453,19.2475814498996],[-99.1403025697666,19.2478105402747],[-99.1403637503407,19.2479813400325],[-99.1405174904757,19.2480553500354],[-99.1406217199279,19.2481120898075],[-99.1408119996225,19.2482700899495],[-99.1409585995902,19.2483454501427],[-99.1411071503201,19.2484466300559],[-99.1413781498092,19.2485847999077],[-99.1415631803301,19.2486909101402],[-99.1416675104098,19.2488588498602],[-99.1417256300164,19.2489952004487],[-99.141691920062,19.2490835803747],[-99.1416793201394,19.2491660596189],[-99.1417112797385,19.2493643103289],[-99.1417157501075,19.2494342502754],[-99.1417231997935,19.2495181800042],[-99.1417084798211,19.2495517703464],[-99.1417026199108,19.2495909499234],[-99.1416985504535,19.2496904495619],[-99.1416910897085,19.2497510900744],[-99.1416314504016,19.2498586303503],[-99.141599720201,19.2499368897512],[-99.1415645796533,19.2500000603803],[-99.1414839802702,19.2501313804518],[-99.1414291698214,19.2502634895509],[-99.1413532797536,19.2503940797334],[-99.141308890297,19.2504784903804],[-99.1412744902713,19.2505548600446],[-99.1412631096708,19.2506127699889],[-99.1412546495357,19.2506476602821],[-99.141111739608,19.2507563499905],[-99.1410740003405,19.2508282804221],[-99.1410339102657,19.2508695498236],[-99.1409864596843,19.250911179955],[-99.1409515504675,19.2509474004458],[-99.1409182598636,19.2509553199987],[-99.1408559103748,19.250962339561],[-99.1407989698735,19.2509771199595],[-99.140772489952,19.2510443104411],[-99.1407175795555,19.2511417801881],[-99.1406897504567,19.25122125044],[-99.1406583798849,19.2512258604345],[-99.1405521499045,19.2512547496658],[-99.1404839503385,19.2512850503586],[-99.1405016598024,19.2513553997915],[-99.1405207496596,19.2513774501146],[-99.1405146297485,19.2514025500676],[-99.14048474979,19.2514525200841],[-99.1404581502983,19.2515406595945],[-99.1404216798817,19.2516264604071],[-99.1403351398654,19.251788279664],[-99.1402121999286,19.2518418497247],[-99.1401561696679,19.2519010304119],[-99.140156220447,19.2519454499772],[-99.1401597401222,19.2519981200794],[-99.1401576895778,19.2520176798968],[-99.1401406200454,19.2520920800898],[-99.1401301996832,19.2521580200382],[-99.1401329700556,19.252207350024],[-99.14014250998,19.2522548902256],[-99.1401716902996,19.2523515100781],[-99.1401766199379,19.2524116297963],[-99.1401963699558,19.252467710401],[-99.1402007998092,19.2525218301648],[-99.1401896801745,19.2525934502327],[-99.1401447404444,19.2527523800388],[-99.1401019496579,19.2528186899243],[-99.1400842197983,19.2528625199762],[-99.1400289500034,19.2529413400522],[-99.1399545197419,19.2530070497012],[-99.1399440599342,19.2530929400807],[-99.1398778596888,19.2532458001308],[-99.139839080204,19.2533031503881],[-99.1397982199863,19.2533243496995],[-99.1397586895977,19.2533243800301],[-99.1396923801672,19.2533594202427],[-99.1396924602083,19.2534342803817],[-99.1396709800495,19.2535663702988],[-99.1396336002347,19.2536731197742],[-99.1396116901461,19.2537867498803],[-99.1395774503866,19.2539100898257],[-99.1395383096913,19.2540919500384],[-99.1394939497112,19.254232710126],[-99.1394787500199,19.2543422300316],[-99.1394033800307,19.254604280354],[-99.1393946602978,19.254693279722],[-99.1394570304134,19.2549340301855],[-99.1395869400102,19.2554592198563],[-99.1397330596107,19.2557236300017],[-99.1398182898324,19.2558923801665],[-99.1399515697916,19.256128950015],[-99.1400090196874,19.2562319803495],[-99.1400444603615,19.2562806002749],[-99.1401207799513,19.2563412896678],[-99.1402216899644,19.2563786801882],[-99.1403906200343,19.2564430595947],[-99.1404849698309,19.256492940043],[-99.1405363797524,19.2565256800867],[-99.1405885499296,19.2565766896615],[-99.1407469798331,19.2568631398514],[-99.1407815404582,19.2569430201792],[-99.1408008001284,19.2569996896657],[-99.140793349679,19.2570714802014],[-99.1406377401865,19.2571981995941],[-99.1404537998819,19.2573096198126],[-99.1403172604086,19.2574015097895],[-99.1402502900683,19.2574755696953],[-99.1402065502452,19.2575641099838],[-99.1401863803951,19.2576370195585],[-99.140174309842,19.2577022500908],[-99.1401604301519,19.2577739496953],[-99.1401630803545,19.2578228301583],[-99.1401728897117,19.2578624200995],[-99.1402076801817,19.2579223102887],[-99.1402562295929,19.2580140200845],[-99.1403327400851,19.2581340902288],[-99.1404542301842,19.2582885499441],[-99.1405732804105,19.2583932497195],[-99.140754250014,19.2585425796052],[-99.1408560195953,19.2586774799561],[-99.1409442901634,19.2587719503556],[-99.1410600303482,19.258833819814],[-99.1411882000795,19.2589005098357],[-99.1413280803834,19.2589627799696],[-99.1414190598776,19.2590149798474],[-99.1415042899647,19.2590803502227],[-99.1416368202157,19.2591787503404],[-99.1417209996849,19.2592237798052],[-99.1417888504129,19.2592954602893],[-99.1419147404413,19.2595625496449],[-99.142022310435,19.2597846802339],[-99.1420952603886,19.2598548299393],[-99.1422103999412,19.2599065199422],[-99.1422588799009,19.2599920897281],[-99.1423666795839,19.2602344602786],[-99.1423838898681,19.2603475699212],[-99.142398849887,19.2604693999348],[-99.1423968204595,19.2606185399875],[-99.142434339664,19.2609563399572],[-99.1424131197236,19.2610551403724],[-99.1423503199925,19.2612002004011],[-99.1423019401143,19.2613171996033],[-99.1422664203884,19.2614000898193],[-99.1422189998394,19.2615095999589],[-99.1421460495372,19.26167954994],[-99.1421268795187,19.2617240202643],[-99.1421149203222,19.2617763798205],[-99.1421101800841,19.2618469699998],[-99.1422538599322,19.2625469500919],[-99.1422856598757,19.2630267400912],[-99.1423165503223,19.2632299503189],[-99.142357519801,19.2632925502983],[-99.1423945396681,19.2633526501238],[-99.1424236503023,19.2634365498609],[-99.1424300000178,19.2635968299046],[-99.1424361097876,19.263764999547],[-99.1424210198426,19.2639554202259],[-99.142374059577,19.2641602595497],[-99.1424026196144,19.2642350797304],[-99.1424681803541,19.2643266900556],[-99.1424989196301,19.2643769504235],[-99.1424550001631,19.2648912202369],[-99.1424316501444,19.2651644795996],[-99.1424031398874,19.2666248904414],[-99.1424875097903,19.2666926300123],[-99.1433310304299,19.2665219803775],[-99.1432233689105,19.2672322207894],[-99.1434405196709,19.2672532197678],[-99.1436287102577,19.2672717697955],[-99.1438546500579,19.2673065401143],[-99.1441268598202,19.2673438803563],[-99.1449214298124,19.2674468303793],[-99.1449097400479,19.2675595400695],[-99.1448102301079,19.267870600243],[-99.1447305701377,19.2681299496541],[-99.1446799701108,19.2682315995804],[-99.1445517703268,19.2684655097405],[-99.1443589204373,19.268844280351],[-99.143946200405,19.2695405398851],[-99.1437634303325,19.2695105799828],[-99.1435917801664,19.26951071984],[-99.1433677397383,19.2694705099523],[-99.1431648897877,19.2697996895735],[-99.1430705796196,19.2701042004126],[-99.142999770096,19.2702452502108],[-99.1428957803836,19.2703724497304],[-99.1427960797833,19.2705036597747],[-99.1426099403199,19.270624180285],[-99.1425178503942,19.2706775700618],[-99.142387689839,19.2706936903983],[-99.1422107997736,19.2706702599475],[-99.1421392796839,19.2706929504324],[-99.1420478202564,19.2708568503879],[-99.141868629679,19.2714557404417],[-99.1417599197289,19.2718928297523],[-99.1416314600304,19.2722940799687],[-99.1414157397661,19.2727777403366],[-99.1411881402549,19.2735345499792],[-99.1411386795642,19.2737300898232],[-99.1420879198391,19.2739446299742],[-99.1420016900055,19.2746757096913],[-99.1419766795333,19.2747976197273],[-99.1419137803578,19.2751194297387],[-99.1417725201563,19.2756869400894],[-99.1417304495246,19.2766169801164],[-99.1416437396593,19.2770973499967],[-99.1415578502316,19.2775439697163],[-99.1415383499171,19.2779583195579],[-99.1415017796291,19.2783881503789],[-99.141432369731,19.2788580795454],[-99.1414519198274,19.2790671104481],[-99.1414601401654,19.2791550804385],[-99.1413475699414,19.2800694897661],[-99.1411948000177,19.2810740295827],[-99.1411956801753,19.2811903999962],[-99.1410798797618,19.2822927198163],[-99.1410559502014,19.2825285996989],[-99.1408985702874,19.2824989202521],[-99.1402329103031,19.2823851800695],[-99.139691169683,19.2823161502837],[-99.1392674299539,19.2822654496278],[-99.138904199994,19.2822432202079],[-99.1385532499881,19.282228350372],[-99.1378854296838,19.2822064598441],[-99.1374588504383,19.2822106295795],[-99.1369922901211,19.2822349097613],[-99.1364724298043,19.2822762904095],[-99.1359287501224,19.2823352503627],[-99.1351070499622,19.2824614498482],[-99.1340133996493,19.2827009401648],[-99.1324842904,19.2831310597761],[-99.1319944295458,19.2832668004131],[-99.13194149296,19.2832814677001],[-99.1314163196379,19.2834269797538],[-99.1308319700945,19.2835911400231],[-99.1307899050692,19.2836029501514],[-99.1303728903004,19.2837200299245],[-99.1295219196004,19.283958879923],[-99.1291342798191,19.284067659998],[-99.1282897501549,19.2843057803439],[-99.127584570358,19.2845014603245],[-99.1257374798462,19.2850186202442],[-99.1254422898723,19.285103199822],[-99.1252004797963,19.2851675800644],[-99.12499901968,19.2852207502426],[-99.1249252199164,19.2852411799294],[-99.1243375999295,19.2854310303011],[-99.1239101797078,19.2855691203651],[-99.122222109795,19.2862865401646],[-99.1216461199437,19.28653161965],[-99.1179322304602,19.2881178796416],[-99.1157136204727,19.289060659818],[-99.114906910169,19.2894041997241],[-99.1145331398501,19.2895637096772],[-99.1128405703802,19.2902859697176],[-99.1116055703221,19.2908074899324],[-99.1103615704694,19.2913416199382],[-99.1102927404195,19.2913696897276],[-99.1092939999771,19.2917865498854],[-99.1081371103141,19.2922811399137],[-99.1061774499642,19.2930980004079],[-99.1057323997994,19.2932608199016],[-99.105683970194,19.2932796002072],[-99.1050220499435,19.293517140347],[-99.1046201996503,19.293702369641],[-99.1044457096629,19.2937849397686],[-99.1039642900388,19.2940127203635],[-99.1037585495821,19.2941100598524],[-99.1028924503826,19.2945055497945],[-99.1027443102651,19.2945718597454],[-99.1021833487783,19.2948271163433],[-99.1013637397962,19.2952000604008],[-99.1012975021503,19.2958698244063],[-99.1012571067199,19.296278290338],[-99.101222549536,19.2966277103642],[-99.1009292957908,19.3000195655844],[-99.1009292223955,19.3000204131525],[-99.1007933695269,19.3012534800417],[-99.100646569796,19.3027138196884],[-99.1004970886737,19.3044569396953],[-99.1003299687104,19.3064667202271],[-99.1003216603775,19.3065879698834],[-99.1003129689124,19.3067150200827],[-99.1002325701257,19.3077654503501],[-99.1000691798769,19.3098995502321],[-99.099878909782,19.3129694204179],[-99.0996650903752,19.3155039404107],[-99.0995940802028,19.3163464802026],[-99.0993503104549,19.3192732597686],[-99.0992945197742,19.320449540141],[-99.099076259694,19.3204414896396],[-99.0990591798897,19.3204419100451],[-99.0988006601816,19.3204481504443]]]},"properties":{"CVEGEO":"09013","CVE_ENT":"09","CVE_MUN":"013","NOMGEO":"Xochimilco"}},{"type":"Feature","geometry":{"type":"Polygon","coordinates":[[[-99.0575089501189,19.4067299701042],[-99.0575250203218,19.4065752799984],[-99.0575501100587,19.4063335797698],[-99.0576048499057,19.4058062200872],[-99.0576516601431,19.4053552897475],[-99.0577030502202,19.4048602900839],[-99.0577161183794,19.4047343499815],[-99.0577576300598,19.4043344903706],[-99.0578078497573,19.403850740341],[-99.0578581797106,19.4033658500301],[-99.0579245678535,19.40272636996],[-99.0581066597669,19.4009721204375],[-99.0581193403929,19.4008499801376],[-99.0581328795424,19.4007195796229],[-99.0581333786518,19.4007196400841],[-99.0582675686507,19.4007358501759],[-99.0582675735461,19.4007358004319],[-99.0583179798567,19.400281220002],[-99.0583539694523,19.3999560199838],[-99.058373848804,19.3997765698151],[-99.0585122479405,19.3986123698882],[-99.058523323621,19.3985358639922],[-99.0585310059769,19.3984827844124],[-99.0585505174185,19.3983479877587],[-99.058558379095,19.3982936801999],[-99.0585579788793,19.3982241495466],[-99.0585640588104,19.3981612159575],[-99.0585776708632,19.3980203428618],[-99.0585984147111,19.397805645557],[-99.0586625690273,19.3971416802098],[-99.0587742798581,19.3961160602803],[-99.0588237788498,19.3957055103386],[-99.0589268803483,19.3950924198219],[-99.0589707726345,19.3945963907609],[-99.058976029307,19.3945369799609],[-99.0589769400319,19.394254620409],[-99.0590864494119,19.3937616204013],[-99.0591592597997,19.3933701503667],[-99.0591880297503,19.3932521101021],[-99.0592324597905,19.3930273996226],[-99.0593515200261,19.3922860798199],[-99.0594178796674,19.3918892000956],[-99.0594460304504,19.391655109735],[-99.0594934790313,19.3913888602138],[-99.0595294894384,19.3912111201469],[-99.0595979094681,19.390696480382],[-99.059668347049,19.3902757363292],[-99.0596683547288,19.3902756902646],[-99.0597131497453,19.390008109982],[-99.0597969689284,19.3896499402728],[-99.0598430701659,19.3893260824272],[-99.0598434359434,19.3893235169653],[-99.0598700697725,19.3891364190773],[-99.0599259414178,19.3887439180707],[-99.0599275739344,19.3887324443699],[-99.0599354430372,19.3886771679091],[-99.0599903190944,19.3882916595515],[-99.0600427702595,19.3879847403185],[-99.0601662902652,19.3873268899414],[-99.0602074901982,19.3870470599774],[-99.0602515095722,19.3867350602974],[-99.0603495087156,19.3861574497939],[-99.0603701693286,19.3860648604524],[-99.0604278900432,19.3857214602935],[-99.0605101089307,19.3852511498955],[-99.0606443493838,19.3843387996617],[-99.0607523683671,19.3836903713056],[-99.0607531144643,19.3836858904043],[-99.0607531475981,19.3836856826341],[-99.060782318958,19.3835105700923],[-99.0607827863469,19.3835054648698],[-99.0607852418744,19.3834787367903],[-99.0608001082071,19.3833167996557],[-99.0608314803124,19.3831350598153],[-99.0608325647887,19.3831000128992],[-99.060836295127,19.3829794669178],[-99.0608366215819,19.3829689057465],[-99.060848400356,19.3825883199702],[-99.0610398901499,19.3826188709889],[-99.0615263400023,19.3826964800953],[-99.0623920583267,19.3828504599671],[-99.0632485099752,19.3829960595567],[-99.0633513187826,19.3830151738326],[-99.0636595988981,19.3830724898369],[-99.0641264499799,19.3831429797375],[-99.064997628232,19.3833065997352],[-99.0655429133471,19.3834067799439],[-99.0655448631189,19.3834071376782],[-99.0655495691829,19.3834080020126],[-99.0658354290609,19.3834605196007],[-99.066156996408,19.3835069772937],[-99.0661593028844,19.3835073102303],[-99.0663655697108,19.3835371101856],[-99.0665500853058,19.383626945024],[-99.0667345992354,19.3837167796092],[-99.0676055486688,19.3841722601418],[-99.0689556202147,19.3848630601388],[-99.0694780195369,19.38513100011],[-99.0699492889361,19.385376490162],[-99.0704440887669,19.3856256001452],[-99.0707263804508,19.3857776797337],[-99.0709220494545,19.385882719645],[-99.0713772189783,19.3861423998657],[-99.0717351698568,19.3863272197412],[-99.0721271491214,19.3865135997282],[-99.0725250303519,19.3867242302336],[-99.0730144588681,19.3869554900033],[-99.0734892504242,19.3872116603283],[-99.0739105088467,19.3874314798445],[-99.0741121781926,19.38753044561],[-99.0741174726295,19.3875330436668],[-99.0743296602992,19.3876371703673],[-99.074512473964,19.3877299113639],[-99.074514769338,19.3877310758063],[-99.0748425388087,19.3878973496728],[-99.075893399271,19.3884697499876],[-99.0763176500203,19.3886836302759],[-99.0767581501871,19.3888994502832],[-99.0772621488386,19.3891429496297],[-99.0778529990037,19.3894548596498],[-99.0783545789737,19.3897266903277],[-99.0788114289305,19.3899484296782],[-99.0788597787323,19.3899759400175],[-99.0793617204481,19.3902312298512],[-99.079387000001,19.3902472897973],[-99.0799408596029,19.3905324014172],[-99.0803723100805,19.3907761696546],[-99.0804481999668,19.3908159399511],[-99.080692600084,19.3909336500523],[-99.0809129703329,19.3910485395848],[-99.0810520200004,19.3911148901903],[-99.0813676485925,19.3912913401368],[-99.0814287085944,19.3913187997502],[-99.0817754299845,19.3914999497229],[-99.081913678867,19.3915594199564],[-99.0821127696106,19.3916571202973],[-99.0823751395664,19.3917989703686],[-99.0824396896505,19.3918335396103],[-99.0827990798197,19.3920302803557],[-99.083139630073,19.3922159802895],[-99.0832081794133,19.3922462904453],[-99.0835829088717,19.3924277504223],[-99.083648279282,19.392474420405],[-99.0838331278081,19.3925232845456],[-99.0840179802464,19.3925721503478],[-99.0840321404571,19.3924961496465],[-99.0841431399466,19.3919002798427],[-99.0842292897829,19.3914678598959],[-99.0843052300477,19.3910758597328],[-99.0843242199874,19.3909598803311],[-99.0843844289734,19.390635059999],[-99.0845254003202,19.3899283397261],[-99.0845837388381,19.3894752810059],[-99.0849070201327,19.3896704796319],[-99.0863743696186,19.3901028295854],[-99.0865265387337,19.3901520896503],[-99.0865704788694,19.390057371078],[-99.0866579491856,19.3900631197148],[-99.0867674902869,19.3900724000805],[-99.086863979939,19.390091880348],[-99.0871268492424,19.390129919789],[-99.0874922602192,19.3901844299583],[-99.0878602287578,19.3902370203619],[-99.0882429502314,19.390286969973],[-99.0886120436372,19.3903499855815],[-99.0886701642952,19.3903599104117],[-99.0888013690601,19.3903823100303],[-99.088995600454,19.390079199925],[-99.0891352202896,19.3898578801005],[-99.0893263402796,19.3895545802656],[-99.089503428673,19.389266829675],[-99.0896782304536,19.3889988497827],[-99.089866969134,19.3887154300291],[-99.0902169086827,19.3881735499239],[-99.0903882904684,19.3878991199069],[-99.0904778596647,19.3877590798512],[-99.0905481994778,19.387652779779],[-99.0907380896167,19.3873657995963],[-99.0909383381298,19.387055479625],[-99.0911664297155,19.3867022600887],[-99.091557180323,19.3860708896864],[-99.0918943495868,19.385540289814],[-99.0922375404197,19.3849998196779],[-99.0923170893033,19.3848621397739],[-99.0928234037253,19.3840877639727],[-99.0928459496881,19.3840532802585],[-99.0928850530667,19.3839405331163],[-99.092897430415,19.3839048497628],[-99.0929098886786,19.3838780726709],[-99.0929507431666,19.38379026829],[-99.0929792495485,19.3837290002724],[-99.0931451080042,19.3834934901919],[-99.0932450202416,19.3833380299352],[-99.0935339793211,19.3828883095632],[-99.0939112901648,19.3823011196031],[-99.0943532300686,19.3816133502878],[-99.0945567404632,19.3812966497181],[-99.0947123803539,19.3810544197759],[-99.0948269099465,19.3808761795687],[-99.0948819987159,19.380790450084],[-99.0950730603956,19.3804931097019],[-99.0952623497526,19.3801985097341],[-99.0955478278071,19.37975423161],[-99.0956476500948,19.3795988802564],[-99.0957324757664,19.3796343804058],[-99.0959861799875,19.3797405503827],[-99.0963005691176,19.3797530800557],[-99.0966635186118,19.3797806498372],[-99.0970205095781,19.3798101204392],[-99.097287860018,19.3798351199292],[-99.097614229883,19.379868599572],[-99.0979674599359,19.3799097202659],[-99.0983140887675,19.3799536003384],[-99.0987200204314,19.3799986798673],[-99.0991358188973,19.3800452299113],[-99.0995132297811,19.3800879402431],[-99.1007937186823,19.3802320202096],[-99.1010915392222,19.3802433203888],[-99.1011442501267,19.3802420798459],[-99.1012504295287,19.3802395797109],[-99.1030178496563,19.3804473803146],[-99.1033695200965,19.3805101397076],[-99.10375534031,19.3805571797456],[-99.1042652485386,19.3806274299037],[-99.1047540478269,19.3806900800268],[-99.1051070586775,19.3807379196736],[-99.1054027801782,19.3807755996592],[-99.1056667199033,19.3808097697565],[-99.1057245203257,19.3808097396515],[-99.105937740241,19.3808312195654],[-99.1060893498221,19.3808482897834],[-99.1063003104738,19.3808623698561],[-99.1065586500022,19.3808560498387],[-99.1067452804669,19.3808642800196],[-99.1068535797984,19.3808752600503],[-99.1069287098014,19.3808824597375],[-99.1070384602131,19.3808932300081],[-99.1072007090292,19.380909709922],[-99.1073147402585,19.3809212796075],[-99.1073623678884,19.3809263197259],[-99.1074337187963,19.3809408799007],[-99.1076713991775,19.3809621496102],[-99.1080056803941,19.381001629983],[-99.1085223989043,19.3810671799337],[-99.1085693488435,19.3810704596614],[-99.1087537502691,19.38109611965],[-99.1089291980738,19.3811199399013],[-99.1091837804522,19.3811488196072],[-99.1093980791929,19.3811731397098],[-99.1094137250418,19.3811755820293],[-99.109435749147,19.3811790198785],[-99.1103868592392,19.3812927996585],[-99.110415380463,19.3812954599962],[-99.1104589403216,19.381301999849],[-99.1105260898598,19.3813090297337],[-99.1105564485361,19.3813115403271],[-99.1105827804031,19.381314510352],[-99.1106886875799,19.38132692524],[-99.1109360199467,19.3813559197985],[-99.1111231796743,19.3814005199648],[-99.111334019333,19.3814416797926],[-99.1115603800118,19.3814825796396],[-99.1117302587584,19.3815095196679],[-99.1119596502564,19.3815435403296],[-99.1120463401541,19.3815553803748],[-99.1122098200914,19.3815791502147],[-99.1123807794426,19.3816095797786],[-99.1125987085474,19.3816417412155],[-99.112720520395,19.3816586902659],[-99.112832597528,19.3816717697544],[-99.1130577500827,19.3816784201946],[-99.1131144793626,19.3816795203106],[-99.1133794798044,19.3816940501978],[-99.1135660599418,19.3817094902048],[-99.1137602491902,19.3817311500935],[-99.1139151679544,19.3817549403207],[-99.1140967991668,19.3817825398125],[-99.1144046597479,19.381827720258],[-99.1144647703509,19.3818361997199],[-99.1147395199526,19.3818842503446],[-99.114805148701,19.3818934503039],[-99.115041079991,19.3819186602084],[-99.1151271689563,19.3819328801296],[-99.1153069099441,19.3819531403848],[-99.1154110200388,19.3819623996138],[-99.1155891097696,19.3819752900735],[-99.1157296893235,19.3819995196705],[-99.1158353796217,19.382017030194],[-99.1160183498103,19.3820367196545],[-99.1161418596133,19.3820522503314],[-99.1163198501018,19.3820647402374],[-99.1164752204331,19.3820808197464],[-99.1166709490854,19.3820926899315],[-99.1167689400145,19.3821057197172],[-99.1169211498638,19.3821223401413],[-99.1170287390126,19.3821283399968],[-99.117196248526,19.3821377500916],[-99.1173688899593,19.3821463698803],[-99.1175658901045,19.3821526296757],[-99.1176630186912,19.3821576004218],[-99.1177145488586,19.3821606901057],[-99.1177830502013,19.3821610497785],[-99.1178244202476,19.3821636203284],[-99.1179302901492,19.3821684296058],[-99.118088910071,19.3821761704019],[-99.1181739484759,19.3821820800674],[-99.1184307990776,19.3821992501585],[-99.118803450291,19.3822257799991],[-99.1190825802097,19.3822399503739],[-99.1193662604598,19.3822531096387],[-99.1197860279726,19.3822783496193],[-99.1201141497179,19.3822945999652],[-99.1203879103313,19.3823095101192],[-99.1205538798428,19.3823156803034],[-99.1208516598912,19.3823296899128],[-99.1211265992611,19.3823481497011],[-99.1224765096084,19.3824406904149],[-99.1224833664546,19.3823605803459],[-99.1225572002407,19.3814979400982],[-99.1225626290352,19.3813120001528],[-99.1225927799498,19.380282121139],[-99.1225929988261,19.3802746596253],[-99.1225764797107,19.3801076797876],[-99.1225771444577,19.380044675003],[-99.1225781140752,19.3799527103899],[-99.1225891488557,19.3789067103116],[-99.1225729739966,19.3780784128577],[-99.1225704324669,19.377948255878],[-99.1225691661348,19.3778834194184],[-99.1225659799398,19.3777202595669],[-99.1225638070201,19.3775833272271],[-99.1225614093997,19.3774322304365],[-99.1225373648796,19.3759166513277],[-99.1225339194415,19.3756995102746],[-99.1226636879022,19.3757379712582],[-99.1231697096848,19.3758367797774],[-99.1235542494105,19.3759003197785],[-99.1239812189704,19.375976709826],[-99.124094340398,19.3759998797597],[-99.1244077983244,19.3760551400095],[-99.1244564984024,19.376066802677],[-99.1245797102085,19.3760963096747],[-99.1250175099398,19.3761908896557],[-99.1252666890836,19.376231940193],[-99.125434629709,19.3762607098987],[-99.1255982865258,19.3762848962501],[-99.1258926589654,19.376328400241],[-99.1259735090196,19.3763418600619],[-99.1259959958088,19.3763462466663],[-99.1261688897473,19.3763799702734],[-99.1263900203883,19.3764113697838],[-99.1264447094557,19.3764226201464],[-99.1266258648984,19.376464019446],[-99.1266614500695,19.3764721499898],[-99.1268013702092,19.3764980302992],[-99.1272409692211,19.3765676604324],[-99.127323719879,19.3765795699271],[-99.1274481393211,19.3765983698103],[-99.1276159801833,19.3766343498361],[-99.1278246602493,19.3766737799523],[-99.1282786502784,19.3767585702117],[-99.1283629998156,19.3767742201452],[-99.128413520181,19.3767849402217],[-99.1291050786979,19.3769056301637],[-99.1294775804382,19.3769756598343],[-99.1295383085878,19.3769931402109],[-99.1295805088613,19.3769981100843],[-99.129699859689,19.377029139792],[-99.1300817385928,19.3770675099449],[-99.1301984287842,19.3770779702027],[-99.1305687800918,19.3771146803391],[-99.1308413992498,19.3771397503318],[-99.131069980256,19.3771694902964],[-99.1314024779497,19.3772027703338],[-99.1315498489759,19.3772152500283],[-99.1320072197358,19.3772562000573],[-99.1324484600324,19.3773029499381],[-99.1328791704333,19.3773497198267],[-99.1333314290844,19.3773967803943],[-99.1338504593146,19.3774483401333],[-99.1341513991247,19.3774804600562],[-99.1350309504731,19.3774005196544],[-99.1354246877231,19.3773062499849],[-99.1354877203763,19.3771869797631],[-99.1354436887869,19.3774058101949],[-99.1353320198789,19.3779607795728],[-99.1349989190703,19.3792675803884],[-99.134996016986,19.3792806136029],[-99.1349698244301,19.3793982418811],[-99.1349633232813,19.3794274348625],[-99.1347064592441,19.3805809696644],[-99.1345603483547,19.3812907500909],[-99.1344421537323,19.3819329739501],[-99.1344357986128,19.3819675096466],[-99.1344013650107,19.3821282455635],[-99.1343924201166,19.3821700003014],[-99.1343241193794,19.3825096302264],[-99.1342005495577,19.3831636903882],[-99.1341755751661,19.383276773414],[-99.1341628278682,19.3833344884345],[-99.1341451681251,19.3834144502934],[-99.1339224598029,19.3844711406444],[-99.1339186369987,19.3844870307393],[-99.1339152869429,19.3845009670968],[-99.1338928357674,19.3845943297127],[-99.1338761991472,19.3846635098488],[-99.1336399813871,19.3857076206691],[-99.1336355697297,19.3857271196541],[-99.1336254203229,19.3857719996208],[-99.1336130369307,19.3858203494265],[-99.1335773485445,19.3859596906928],[-99.133454378665,19.3864699501392],[-99.1334102482265,19.3866531509247],[-99.1332157992583,19.3874901997241],[-99.1330450904699,19.3883675409506],[-99.1330169664558,19.3885084704183],[-99.1330060296937,19.3885632814186],[-99.1328789099411,19.3892063406638],[-99.1327628497521,19.3897364603672],[-99.1327588408491,19.3897577702961],[-99.1327171197284,19.3899796201217],[-99.1326778496858,19.3901684348433],[-99.1326740903496,19.3901865100364],[-99.1324111526152,19.3911103512767],[-99.1323978192457,19.3911571998995],[-99.1323692068128,19.3912789245791],[-99.1323615199502,19.3913116302515],[-99.1321099627862,19.3924787258989],[-99.1321071388743,19.3924918296146],[-99.1321031287905,19.3925079763273],[-99.1321031152933,19.3925080277217],[-99.1321003957674,19.392518987654],[-99.1320803837609,19.3925995742474],[-99.1320647700181,19.3926624502326],[-99.1320419398631,19.3927933798416],[-99.1318973016911,19.3934871516507],[-99.1318846895612,19.3935476507277],[-99.1318614587726,19.3936698003867],[-99.1318334305492,19.3938080238533],[-99.1318240223763,19.3938544233189],[-99.1317024197483,19.3944541085968],[-99.1316974077316,19.3944788221166],[-99.1316883692277,19.3945234000108],[-99.1316558898725,19.3946826796486],[-99.1314771388906,19.3955525803286],[-99.1314317183967,19.3957456595833],[-99.131291768561,19.3962759105731],[-99.1311631103004,19.3965406298521],[-99.1310340586755,19.3967292300476],[-99.1309671803696,19.3976379100434],[-99.1309424903723,19.3989543199019],[-99.1315222498746,19.3989602897924],[-99.1318638496754,19.3989638300419],[-99.1324460192918,19.3989869404085],[-99.1329484187328,19.3990129799042],[-99.1334512593546,19.3990235697728],[-99.1340443704849,19.3990348006268],[-99.1347129795827,19.3990703501128],[-99.1352662901266,19.3990920796502],[-99.1358433100068,19.3991115806231],[-99.1363165400118,19.3991372898674],[-99.1371823188493,19.3992003202683],[-99.1370574485902,19.3998547701241],[-99.1368864799386,19.4009253702276],[-99.1368202294274,19.4013419712298],[-99.1367946301926,19.401556720797],[-99.1365876496388,19.4028118197723],[-99.1364419196421,19.4028106498013],[-99.136250549581,19.4028422297978],[-99.1360393995714,19.4029108301601],[-99.1358734504645,19.4030546500593],[-99.1357498296576,19.4031969196369],[-99.1357128588488,19.4032251318336],[-99.1356593637086,19.4032659526979],[-99.1356395791432,19.4032810504244],[-99.1355027137598,19.4033321464035],[-99.1354212190064,19.4033625702006],[-99.1351627792853,19.4033497796333],[-99.1347190894433,19.4033228799071],[-99.1342979496519,19.4032991802296],[-99.1339169970735,19.4032727754423],[-99.1339122157033,19.4032724428211],[-99.1338759318329,19.4032699278912],[-99.1338197070476,19.4032660307459],[-99.1338002190991,19.4032646797813],[-99.1337425460014,19.4032618053809],[-99.1337114322546,19.4032602547561],[-99.1337091054442,19.4032601390395],[-99.1332414596772,19.4032368302576],[-99.1329124493062,19.4032132196281],[-99.1327352896396,19.403205619589],[-99.1324989195788,19.4031914199715],[-99.1321832789926,19.4031627096369],[-99.131975569643,19.4031482801042],[-99.1316193796487,19.4031251095747],[-99.1314983398272,19.4031185496479],[-99.1311192800142,19.4031030603457],[-99.1310572197685,19.4031056201619],[-99.1308566197893,19.4031111100877],[-99.1305884487303,19.4031302304348],[-99.1305293801998,19.4031362902514],[-99.130310997898,19.4031648796968],[-99.1300393689934,19.4032075697411],[-99.1297912500883,19.4032614900335],[-99.1295045191923,19.4033389997501],[-99.1290708806311,19.4034730048463],[-99.129062548318,19.4034755804529],[-99.1290150028804,19.4034902732054],[-99.1288855349735,19.40353028187],[-99.1288352200825,19.403545829929],[-99.1287115171666,19.4035802391493],[-99.1286703949463,19.4035916765628],[-99.1286673266177,19.4035925316789],[-99.128315090231,19.4036905099113],[-99.1281435701788,19.4037419203789],[-99.1279224296818,19.4038107102866],[-99.1276950901739,19.4038762802696],[-99.1275157991546,19.4039274000853],[-99.1270641502353,19.4040677701236],[-99.1264759193473,19.4041845996627],[-99.1264044786775,19.4041962800873],[-99.1259567081843,19.4042815198806],[-99.1259401485913,19.4042846719474],[-99.1258717776712,19.4042976872855],[-99.125738773457,19.4043230060287],[-99.1256994024373,19.4043305006181],[-99.1256984598683,19.4043306802353],[-99.1256976128215,19.4043308136426],[-99.125671278915,19.4043349496423],[-99.1256082915437,19.4043459658585],[-99.1255679068118,19.4043530288296],[-99.1239360604153,19.4046384199805],[-99.1237369117925,19.40467722423],[-99.1232748287484,19.4047672601271],[-99.1222813391556,19.4049494511813],[-99.1217201496108,19.4050323403968],[-99.121615392122,19.4050484096543],[-99.1216051488179,19.405049980679],[-99.1216046559916,19.4050500727831],[-99.1216042868492,19.4050501418704],[-99.12111722838,19.4051410303647],[-99.1210195792976,19.4051532900854],[-99.1204317489784,19.405246550113],[-99.1201461194718,19.4052918601158],[-99.1196654876345,19.405373889979],[-99.1188097395982,19.4055169202365],[-99.1180815982242,19.4055264986176],[-99.1172198285364,19.4055378307355],[-99.1172193271234,19.4055378320452],[-99.116735939078,19.4055408594444],[-99.1167354367104,19.4055408607342],[-99.1163805101234,19.4055430809546],[-99.1163800077367,19.4055430831491],[-99.1155510587649,19.4055482882931],[-99.1150671791797,19.4055586798865],[-99.1145788751584,19.4056146335852],[-99.1145714787008,19.4056154809982],[-99.1144374203003,19.4056458914244],[-99.1144168802387,19.4056505502211],[-99.113851879118,19.4057787511011],[-99.113634400011,19.4058099799394],[-99.1135635390385,19.4058394797543],[-99.1134850074083,19.4058647425968],[-99.1134819687773,19.4058657212156],[-99.1131956885908,19.4059393107822],[-99.1128384580248,19.4060102196103],[-99.1121897194077,19.4061389496045],[-99.1101532189285,19.4065432201249],[-99.1073912302423,19.4071173399628],[-99.1060762586467,19.407389340792],[-99.1056072899328,19.4074863710833],[-99.1047926000162,19.4076604006067],[-99.1035308200062,19.40792830957],[-99.1028241676612,19.4080738811676],[-99.1019061100226,19.4082644613269],[-99.1010849101606,19.4084297105579],[-99.0996803200332,19.4087117196636],[-99.0991539442063,19.4088067051885],[-99.0989090788735,19.4088508903166],[-99.0981176749395,19.4089214179963],[-99.0980816288931,19.4089246305767],[-99.0980434287767,19.4091378297729],[-99.0979772132574,19.409142226449],[-99.0979667483391,19.4091429198972],[-99.0979030634618,19.4091458944162],[-99.097789678081,19.4091511894314],[-99.0975371804009,19.4091629796781],[-99.0972199797201,19.4091693710871],[-99.0971896973109,19.4091686435679],[-99.0971098865857,19.409166730951],[-99.0970539226921,19.4091653887022],[-99.0970260896624,19.4091647208835],[-99.0969793597287,19.4091633076806],[-99.0964279091393,19.4091466311637],[-99.0961233088615,19.4091160802896],[-99.0957067393077,19.4090608606015],[-99.0955931200134,19.4090454796857],[-99.0951705496838,19.4089882311733],[-99.0947573386122,19.4089322596699],[-99.0943260892384,19.4088738596627],[-99.0939070199947,19.4088171098824],[-99.0935007104672,19.4087620596358],[-99.093119670379,19.4087104701931],[-99.0930543089736,19.4087016211199],[-99.0930260027112,19.4086974492607],[-99.0930150198939,19.4086958307267],[-99.092654948085,19.4086429035717],[-99.0925875845386,19.4086330017746],[-99.0923361985296,19.4085960499204],[-99.0920340455698,19.4085516263124],[-99.0916432596427,19.408494171168],[-99.091594950368,19.4084870813576],[-99.0910516879107,19.4084072203415],[-99.0904724644501,19.4083220644375],[-99.0903704076367,19.4083070589464],[-99.0903069069172,19.408297722549],[-99.0902608496388,19.4082909511439],[-99.090222273543,19.408285280678],[-99.0895283794601,19.4081832795728],[-99.0888981204694,19.4080906203167],[-99.0882565788752,19.4079962911794],[-99.0874593785293,19.4078815502581],[-99.0868749100876,19.4077987714273],[-99.086382000418,19.4077289503249],[-99.0858561476523,19.4076544690017],[-99.0858292598953,19.4076506602388],[-99.0857454107171,19.4076387837406],[-99.0857353150686,19.407637353956],[-99.0852666490645,19.4075709707474],[-99.0847090494609,19.4074937101201],[-99.0841207195849,19.4074122008529],[-99.0837184143306,19.4073547068061],[-99.0836346144126,19.4073427313116],[-99.083615717689,19.4073400305538],[-99.0830559099426,19.4072600498066],[-99.0825021681431,19.407180919891],[-99.0819353404776,19.4071056909845],[-99.0815701536753,19.4070572229179],[-99.0814110832295,19.4070361110416],[-99.0812847194317,19.4070193396046],[-99.0810625991117,19.4069894803241],[-99.0808781485261,19.4069646852522],[-99.0808312483522,19.4069583803939],[-99.0802269501784,19.4068850002685],[-99.0799088182463,19.4068709212003],[-99.0797900786257,19.4068699100701],[-99.0797260898118,19.4068682912442],[-99.0794591381791,19.4069011095544],[-99.0790734786442,19.407001230827],[-99.0789782790159,19.4070390812211],[-99.0785214581193,19.4069921503576],[-99.078240419984,19.4070502800056],[-99.0781218036597,19.4070943520292],[-99.0780920297511,19.40710541256],[-99.0779785397963,19.4071475800387],[-99.0775516787361,19.4076881808109],[-99.0770917088087,19.4084250973361],[-99.0771253198295,19.4084428305579],[-99.0773124067546,19.4085400546059],[-99.077308431684,19.4085452199509],[-99.0772270307771,19.4086510092668],[-99.0771156190159,19.4087958007546],[-99.0770074187858,19.408964201245],[-99.0769463161997,19.4090604241862],[-99.0769225735762,19.4090978149909],[-99.0769011193469,19.4091315999821],[-99.0768691447237,19.4091791447403],[-99.0768159340768,19.4092582721644],[-99.0767372383351,19.4093752931197],[-99.0767099418456,19.4094158846463],[-99.0766839190391,19.4094545806215],[-99.0766264763828,19.4095379286693],[-99.0763447403142,19.4099467097114],[-99.0763255821047,19.4099726562525],[-99.0761159486962,19.4102565798297],[-99.0758985398501,19.4105786496096],[-99.0756431504478,19.4109804600641],[-99.0754578285337,19.4112720503714],[-99.0752897203786,19.411541850261],[-99.0751024003868,19.4118378600746],[-99.0750032745348,19.4119885601507],[-99.0747569986679,19.4123629712194],[-99.0744386903805,19.4128549200939],[-99.0740179103074,19.4134892011523],[-99.0737772801393,19.4138581095943],[-99.0735124304665,19.4142721795843],[-99.0734797585736,19.4143066052646],[-99.0734066291028,19.4143836599284],[-99.0733927364241,19.4144051492156],[-99.0733231089524,19.4145128498197],[-99.0732776587975,19.4145924313048],[-99.0732583083642,19.4146231712154],[-99.0732321265376,19.4146649937304],[-99.0731993079073,19.4147174214343],[-99.0731491042541,19.4147974853694],[-99.0722653488038,19.4162068609491],[-99.0722126828976,19.4162918891283],[-99.0719801245278,19.4166673401068],[-99.0719798702404,19.4166677502123],[-99.0714535959731,19.417517377964],[-99.0714307188672,19.4175543102494],[-99.0714083164728,19.4175913740662],[-99.0713379085452,19.4177078499734],[-99.0706993653988,19.4186839591517],[-99.0706166884741,19.4188103400356],[-99.0703100497066,19.4192851498257],[-99.0699206494249,19.4198743195777],[-99.0697597189621,19.4200546009956],[-99.0694954592496,19.4202528014154],[-99.0692925787141,19.4203753396717],[-99.0690208803645,19.4205241809948],[-99.0687432887233,19.4206355400268],[-99.0684419504487,19.4207338510457],[-99.0682355976076,19.4207775212699],[-99.0679525497129,19.420803180009],[-99.0678785098339,19.4208040599135],[-99.065730119299,19.4208191796923],[-99.0647860801861,19.4208258313214],[-99.0636773090363,19.4208123402044],[-99.061661317859,19.4208288505869],[-99.0598608799421,19.4208435700025],[-99.0579221503433,19.4208867200649],[-99.0578620480212,19.4209063508095],[-99.0577520880653,19.420946320935],[-99.05757579941,19.4210126203888],[-99.0574052883466,19.421073569618],[-99.0572633789829,19.4211311499162],[-99.0571266183506,19.4211860501462],[-99.05702647804,19.4212427398562],[-99.0569232791288,19.4213039407691],[-99.0568256482231,19.4213598600241],[-99.0567103483713,19.4214438913232],[-99.0565584889726,19.4215647195952],[-99.0563879494143,19.4217143396963],[-99.0562857993073,19.4218349695719],[-99.0562068782732,19.4219507796054],[-99.0561399802158,19.4220797107224],[-99.0561209442473,19.4221108282689],[-99.0560453200683,19.4222344513096],[-99.0559097893728,19.4221855649071],[-99.0557864904034,19.4221410896573],[-99.055836260124,19.4219612297055],[-99.0558883496315,19.4215504896161],[-99.0560167499778,19.4205379695606],[-99.0560186001012,19.4205234902618],[-99.0561155196047,19.4197592599102],[-99.0561676285312,19.4193483399132],[-99.0561787997229,19.4192602295649],[-99.0561793240036,19.4192560839996],[-99.0563114627343,19.4182141401064],[-99.0563114750001,19.4182140587886],[-99.0563114878537,19.4182139502965],[-99.0564010896014,19.4175074301885],[-99.05644402019,19.4170519202657],[-99.0564747102041,19.4167262296634],[-99.0565523701852,19.4159021997415],[-99.0565757100511,19.4156545700777],[-99.0566386602259,19.4149865703491],[-99.0566562902728,19.4147996001851],[-99.0566765996411,19.414609479787],[-99.0567274002711,19.4141336602497],[-99.0567648802234,19.4137828204312],[-99.0567909503729,19.4135385701949],[-99.0568228787878,19.4132397098035],[-99.0568465696442,19.4130177996786],[-99.0569094904114,19.4124286199763],[-99.0569222898302,19.4123086797718],[-99.0570750001674,19.4108788201038],[-99.0570910601627,19.4107283999246],[-99.0571561702108,19.4101187103733],[-99.0571915381893,19.4097874796084],[-99.0572051699049,19.4096562803822],[-99.0572369996317,19.4093495799816],[-99.0573176802611,19.4085724503244],[-99.0573561502648,19.4082018799674],[-99.057386450027,19.4079100296706],[-99.0574762499782,19.4070450900825],[-99.0575089501189,19.4067299701042]]]},"properties":{"CVEGEO":"09006","CVE_ENT":"09","CVE_MUN":"006","NOMGEO":"Iztacalco"}},{"type":"Feature","geometry":{"type":"Polygon","coordinates":[[[-99.1295121202432,19.4626504502221],[-99.1291909402018,19.4624665201829],[-99.128842519661,19.4622669998772],[-99.1284712202942,19.4620543797971],[-99.128111419859,19.4618483498167],[-99.1275506901844,19.4615272501944],[-99.1273775499491,19.4614607796455],[-99.1264054603611,19.4611524602206],[-99.1254647403921,19.4608318300588],[-99.1246223199401,19.4605495997798],[-99.1241623998912,19.4603977097003],[-99.1237186497727,19.4602511200458],[-99.1233064502745,19.4601186502493],[-99.1228717503531,19.4599775797448],[-99.1224112297418,19.4598300499758],[-99.1222415557241,19.4597820367342],[-99.1222416519987,19.459781911696],[-99.1228399403332,19.459002380234],[-99.1231799197607,19.4585118296659],[-99.1233315799242,19.4581543395629],[-99.1233595196689,19.4580286902569],[-99.123583769745,19.4570286801895],[-99.123690028974,19.456429550179],[-99.1236900605354,19.4564294130346],[-99.1237810297986,19.4560297696326],[-99.1241062302488,19.4547950898058],[-99.1241657202393,19.4545453196008],[-99.1242780797206,19.4540977996892],[-99.1244227402867,19.4533356896888],[-99.1247823703013,19.4520090496423],[-99.1250161502752,19.4515002500208],[-99.1250245097204,19.4514832897557],[-99.1250680497212,19.4513949501924],[-99.1252126604174,19.4510862598936],[-99.1254812897988,19.4502043101706],[-99.1255525800584,19.44983528955],[-99.1256858499175,19.4492156500207],[-99.1258890300473,19.4481869499783],[-99.1259291965319,19.4477944783182],[-99.1259300598724,19.4476186052784],[-99.125866580339,19.4474049199432],[-99.125829826925,19.4473398886058],[-99.1257076902843,19.4471237803628],[-99.1255885994099,19.4469497689143],[-99.1253819197133,19.4466477702754],[-99.1244822600177,19.4449773996771],[-99.1241945502654,19.4444113202549],[-99.1240565579613,19.4441297481247],[-99.1239706457604,19.4439544423318],[-99.123854169699,19.4437167700301],[-99.1237848485762,19.4435742600193],[-99.1231146786006,19.4426596901317],[-99.123078861288,19.4424952757651],[-99.1230788551975,19.4424952475568],[-99.1231622004597,19.4415808001326],[-99.1232678491495,19.4408532298038],[-99.1233563990299,19.4401908202815],[-99.123365373991,19.4401263889631],[-99.1234448903341,19.4395554900627],[-99.1236013098762,19.4386388801083],[-99.1237649193482,19.4374951497209],[-99.1239395400991,19.4364187802354],[-99.1240688798299,19.4355870197062],[-99.1240697343969,19.4355804850773],[-99.1240697400137,19.4355804453116],[-99.124070351712,19.4355757746372],[-99.1241833201685,19.4347124296616],[-99.1243346488282,19.4339243197761],[-99.1245190601547,19.4328064600174],[-99.1246299391003,19.431985649716],[-99.1247328592339,19.4312594201195],[-99.1247818303502,19.430827800459],[-99.1249132894541,19.4299856601157],[-99.1249439687312,19.4297835100015],[-99.1250366203046,19.4291645797652],[-99.1251181404608,19.4286989202303],[-99.1251826004605,19.4283189699225],[-99.1252709795334,19.4276327700748],[-99.1254299799314,19.4267764198099],[-99.1254737097714,19.4265384804166],[-99.1254890591457,19.4264374498382],[-99.1255388594328,19.4258493498631],[-99.1255908302033,19.4255525801917],[-99.1256192486907,19.4253984801332],[-99.125628370415,19.4253450899095],[-99.1257665096717,19.4243623997878],[-99.1258942902743,19.4235012901856],[-99.1260061493488,19.4228726596111],[-99.1260793693659,19.4227612502555],[-99.1262208892116,19.4224861101383],[-99.1265827492435,19.4216994601993],[-99.1270076896411,19.4207504600019],[-99.1271392896347,19.4203780602794],[-99.1273726291771,19.4189878504374],[-99.1274092798467,19.4186782897467],[-99.1276177796142,19.4174007997951],[-99.1277722645281,19.4163463323415],[-99.1278291690387,19.4159579196227],[-99.127900630187,19.415540709966],[-99.1280792297039,19.4145553698511],[-99.1281996752739,19.4137599731868],[-99.1281545788784,19.413437879894],[-99.1281321314659,19.4133763129959],[-99.1280228492891,19.4130765968766],[-99.1280031700251,19.4130226201229],[-99.1278563080158,19.4123228799094],[-99.1278472900503,19.4122799100607],[-99.1277571395233,19.4118139200594],[-99.1276915094167,19.4114497396331],[-99.1276016903009,19.4110929180398],[-99.1275905498589,19.4110486600975],[-99.1275843646442,19.4110284509402],[-99.1275842851091,19.4110281920763],[-99.1274175802164,19.4104834902176],[-99.127297278787,19.4100453098872],[-99.1272770489213,19.4099595914199],[-99.1271910294753,19.4095951100266],[-99.1271822275939,19.409465798278],[-99.1271822239108,19.4094657465564],[-99.1271760131985,19.4093745150651],[-99.1271759695359,19.4093738690432],[-99.1271688601232,19.4092694302907],[-99.1271683506319,19.4091214967818],[-99.1271683498542,19.4091213526862],[-99.127167970409,19.4090110901765],[-99.1267404790703,19.4088226796803],[-99.1265431996626,19.4082613504152],[-99.1263929490188,19.4077420599241],[-99.1262718004575,19.4071710298811],[-99.1261875699877,19.4068266002008],[-99.1261498193615,19.4066781700598],[-99.1258672596386,19.4051935501293],[-99.1256984598683,19.4043306802353],[-99.1256994024373,19.4043305006181],[-99.125738773457,19.4043230060287],[-99.1258717776712,19.4042976872855],[-99.1259401485913,19.4042846719474],[-99.1259567081843,19.4042815198806],[-99.1264044786775,19.4041962800873],[-99.1264759193473,19.4041845996627],[-99.1270641502353,19.4040677701236],[-99.1275157991546,19.4039274000853],[-99.1276950901739,19.4038762802696],[-99.1279224296818,19.4038107102866],[-99.1281435701788,19.4037419203789],[-99.128315090231,19.4036905099113],[-99.1286673266177,19.4035925316789],[-99.1286703949463,19.4035916765628],[-99.1287115171666,19.4035802391493],[-99.1288352200825,19.403545829929],[-99.1288855349735,19.40353028187],[-99.1290150028804,19.4034902732054],[-99.129062548318,19.4034755804529],[-99.1290708806311,19.4034730048463],[-99.1295045191923,19.4033389997501],[-99.1297912500883,19.4032614900335],[-99.1300393689934,19.4032075697411],[-99.130310997898,19.4031648796968],[-99.1305293801998,19.4031362902514],[-99.1305884487303,19.4031302304348],[-99.1308566197893,19.4031111100877],[-99.1310572197685,19.4031056201619],[-99.1311192800142,19.4031030603457],[-99.1314983398272,19.4031185496479],[-99.1316193796487,19.4031251095747],[-99.131975569643,19.4031482801042],[-99.1321832789926,19.4031627096369],[-99.1324989195788,19.4031914199715],[-99.1327352896396,19.403205619589],[-99.1329124493062,19.4032132196281],[-99.1332414596772,19.4032368302576],[-99.1337091054442,19.4032601390395],[-99.1337114322546,19.4032602547561],[-99.1337425460014,19.4032618053809],[-99.1338002190991,19.4032646797813],[-99.1338197070476,19.4032660307459],[-99.1338759318329,19.4032699278912],[-99.1339122157033,19.4032724428211],[-99.1339169970735,19.4032727754423],[-99.1342979496519,19.4032991802296],[-99.1347190894433,19.4033228799071],[-99.1351627792853,19.4033497796333],[-99.1354212190064,19.4033625702006],[-99.1355027137598,19.4033321464035],[-99.1356395791432,19.4032810504244],[-99.1356593637086,19.4032659526979],[-99.1357128588488,19.4032251318336],[-99.1357498296576,19.4031969196369],[-99.1358734504645,19.4030546500593],[-99.1360393995714,19.4029108301601],[-99.136250549581,19.4028422297978],[-99.1364419196421,19.4028106498013],[-99.1365876496388,19.4028118197723],[-99.1367002796292,19.4028279103952],[-99.1367998195174,19.4028568433339],[-99.1368926296712,19.4028838200817],[-99.1370348004818,19.4029581997813],[-99.1371240001158,19.4030615109361],[-99.1371740802256,19.4031832499441],[-99.1372012689431,19.4032401309041],[-99.1372350200213,19.4033107403657],[-99.137270567653,19.4033522915533],[-99.1373317203976,19.4034237761682],[-99.1373440602022,19.4034382003897],[-99.1374061504019,19.4034635401666],[-99.1376410197135,19.4034795703639],[-99.1381160166671,19.40350473186],[-99.1382032000783,19.403509349565],[-99.1383180804565,19.4035159206879],[-99.139140799675,19.4035629796151],[-99.1399682469769,19.403611930417],[-99.1400472001525,19.4036165997214],[-99.140168845924,19.4036224891664],[-99.1408937503257,19.4036575802324],[-99.1417496296739,19.4037062300081],[-99.1425923742859,19.4037533851509],[-99.1426728896324,19.4037578896049],[-99.1427903479458,19.4037635953704],[-99.1434098896995,19.4037936902199],[-99.1441675200593,19.4038334500693],[-99.1448257645226,19.4038675181273],[-99.144975170239,19.4038752502288],[-99.1451631176406,19.403887552358],[-99.1459097700886,19.4039364195732],[-99.146026220181,19.4039409402693],[-99.1468086297635,19.4039811402922],[-99.1476237199229,19.4040145098606],[-99.1479456296535,19.4040196309346],[-99.1484946897355,19.4040283704004],[-99.1486071804667,19.4040315711487],[-99.1487738803168,19.4040329401277],[-99.1497362901892,19.4040408198528],[-99.1500547693322,19.4040468195762],[-99.1501620255954,19.4040488403143],[-99.1501996312397,19.4040495494325],[-99.1502050201314,19.4040496501423],[-99.1503758453058,19.4040499388828],[-99.1511414301204,19.4040512303164],[-99.151233769844,19.4040524000425],[-99.1517730896573,19.4040587800814],[-99.1524180803948,19.4040579200332],[-99.1531086299529,19.4040552603975],[-99.1552267285867,19.4040598390572],[-99.1553950595912,19.4040602002262],[-99.1555762662491,19.4040601819153],[-99.1561658602293,19.4040601199637],[-99.156329229729,19.4040632800982],[-99.1567006496766,19.4040240296869],[-99.1569568501656,19.4039829507302],[-99.1571736799781,19.4039331203227],[-99.1577282601258,19.403785519777],[-99.1581473402063,19.403660941159],[-99.1585372003371,19.4035468798575],[-99.1589888200861,19.4034133100089],[-99.1596866601629,19.4032006003155],[-99.1602026662511,19.4030503304052],[-99.1603377203789,19.4030109999595],[-99.1604765186877,19.4029683878669],[-99.1607661698526,19.4028794606774],[-99.1608851698913,19.4028428900574],[-99.1613300901738,19.4027061700461],[-99.1617711501418,19.4025748195521],[-99.1621621468175,19.4024461170351],[-99.1622854201423,19.4024055397248],[-99.1624043609466,19.402368929679],[-99.1626850302972,19.4022825396862],[-99.1630164903629,19.4021743499494],[-99.163247280191,19.4021011803908],[-99.1638066302594,19.4019068501094],[-99.1643319204647,19.4017155704383],[-99.164762799523,19.4015318902107],[-99.1652659399755,19.4013302903236],[-99.1655688889459,19.4012169380987],[-99.1658718499347,19.4011035800791],[-99.1664779199919,19.4008788504517],[-99.1671223401102,19.4006281502058],[-99.1675428299382,19.4004834796839],[-99.1677552115301,19.4004262493103],[-99.1678973404737,19.4003879501518],[-99.1679635643256,19.4003723475692],[-99.1680350395624,19.4003555067864],[-99.1680691101949,19.4003474796785],[-99.1681962480447,19.4003175177623],[-99.1689489099856,19.4001401398025],[-99.1701042520628,19.3998678719574],[-99.1702455202014,19.3998345800459],[-99.1704355196984,19.3997897997088],[-99.1703946499745,19.3999500597606],[-99.1703591095426,19.4002009398366],[-99.170363682743,19.4002403036032],[-99.1703743097225,19.4003317803562],[-99.1703749928482,19.4003343367206],[-99.170426823672,19.4005281566595],[-99.1707284898361,19.4016562300801],[-99.1707490532865,19.4017331262606],[-99.1707663701674,19.4017978798977],[-99.1707734904681,19.4018402300648],[-99.1708526593548,19.4022063155912],[-99.1708544897972,19.4022147798238],[-99.1708908673517,19.4023792530007],[-99.1709724498234,19.4027481095748],[-99.1709916130149,19.4028834121856],[-99.1710785396652,19.4034971699365],[-99.1716769101738,19.4036347102592],[-99.1717731801818,19.4036647395698],[-99.1726145096829,19.4039305104113],[-99.1734665201639,19.404209709873],[-99.1735728721454,19.4042457069786],[-99.1741499956697,19.404441046283],[-99.1743875497393,19.4045214501697],[-99.1748726796942,19.4046805502998],[-99.1752974003682,19.404824630233],[-99.1762020298818,19.4051228502872],[-99.1771286495268,19.4054473999712],[-99.1776963670789,19.4056562503308],[-99.1779467802656,19.405748369818],[-99.1789162001822,19.4060704900361],[-99.179819089956,19.4063762297596],[-99.1806822799959,19.4066485402011],[-99.1824719203383,19.4072178804098],[-99.1832257861636,19.407468532593],[-99.1838133270891,19.4076638743982],[-99.1838134228908,19.4076639060865],[-99.184303910093,19.4078269796565],[-99.1835476498529,19.4093199204261],[-99.1835010599174,19.4094064904398],[-99.1830102204566,19.4102523399299],[-99.1829389399926,19.4103770603515],[-99.1826582728625,19.4107379981906],[-99.1825208297521,19.4109147503187],[-99.1822931937244,19.4112655740109],[-99.1821492596193,19.4114873998283],[-99.1816238300106,19.4123580599774],[-99.1813600300027,19.4127129704445],[-99.1811424796725,19.4130788895512],[-99.1810056800803,19.4132972503884],[-99.1805019201942,19.414144860348],[-99.1803229202516,19.4144654503099],[-99.1797492902476,19.4155471399397],[-99.1795325195391,19.415931230415],[-99.1789770001148,19.4169297200164],[-99.1783292479823,19.418112248415],[-99.1783292301397,19.4181122797979],[-99.1781004301451,19.4185241501339],[-99.1778968503668,19.4189541099423],[-99.177766109554,19.4192858197143],[-99.1776299244571,19.4193771698022],[-99.177493740132,19.4194685197945],[-99.1771482800578,19.42002695008],[-99.1769859200769,19.4201305797186],[-99.176856170356,19.4201582602545],[-99.1767447199581,19.4202262900476],[-99.176673030093,19.4203011700856],[-99.1766450154713,19.420339239806],[-99.1766169998602,19.4203773104108],[-99.1765490899226,19.4204538604103],[-99.1764726802133,19.4205627696487],[-99.1764385802017,19.42068750993],[-99.1764159400238,19.4208378199597],[-99.1763775098081,19.4209731704176],[-99.1763326203037,19.4210404897063],[-99.176325490146,19.4211158797849],[-99.1763537804733,19.4211935799121],[-99.1763461096387,19.4212654303544],[-99.1762734598979,19.4214582201226],[-99.1756613695517,19.4225961503042],[-99.1755906301469,19.422670890148],[-99.1755075800174,19.4227217496291],[-99.1754263403583,19.4227349496013],[-99.1753403204355,19.4227213198472],[-99.1752905499465,19.4226944295962],[-99.1752612003793,19.4227496000528],[-99.1750550197686,19.4230428003432],[-99.1750961198206,19.4231592899462],[-99.1752041703164,19.4232078297104],[-99.1756781400224,19.4233384598316],[-99.1759361402806,19.4233319397263],[-99.1762198801701,19.4233579696434],[-99.1765257717899,19.4234065924028],[-99.1765258013125,19.423406596579],[-99.1765258393716,19.4234066036332],[-99.176525884114,19.4234066108123],[-99.1767820341017,19.4234473263061],[-99.1769436803954,19.423473019862],[-99.1776362196222,19.4235956901245],[-99.1770661200852,19.424523819762],[-99.1766552297303,19.4251787426546],[-99.1764568295489,19.4254663095784],[-99.1761855095556,19.4259162597357],[-99.1756580899818,19.4267227800868],[-99.1755792296558,19.4268403496008],[-99.1747428499052,19.4280872897721],[-99.1746842602257,19.4281782898811],[-99.1743902502805,19.4286350900164],[-99.1742654203262,19.4288289802513],[-99.1737825695321,19.4295452498143],[-99.1730131504696,19.4309393397599],[-99.1726355200523,19.4316312199508],[-99.1722090900952,19.432402520301],[-99.1717467796074,19.4331459795619],[-99.171433340332,19.4336030902598],[-99.1711924204449,19.4339804602493],[-99.1705815398519,19.4348919201225],[-99.1696782202458,19.436325509927],[-99.1691111402897,19.4371607704312],[-99.1687979703598,19.4376331198124],[-99.1684865498553,19.4381520200924],[-99.1681779695666,19.4387899202019],[-99.1679398799231,19.4392851702086],[-99.1676395100869,19.439918829808],[-99.1674182197801,19.4403588302076],[-99.1668896903931,19.4414618596021],[-99.1664146244555,19.4425241803884],[-99.1659015203765,19.4433848004146],[-99.1657809802104,19.4436486800482],[-99.1657206202135,19.4438204601044],[-99.1655340195786,19.4445866297635],[-99.1653853101039,19.4451841098719],[-99.165301599868,19.4455370502469],[-99.1652197396359,19.4459058503992],[-99.1651353698079,19.4462931499192],[-99.1650389799261,19.4466979123018],[-99.1649177402908,19.4472766599466],[-99.1648390803402,19.4476711199835],[-99.1647341695836,19.4481725698564],[-99.1645070496004,19.4491865195773],[-99.1643960296439,19.4496625995936],[-99.1643306204322,19.4499846803028],[-99.1643055801245,19.4506269095779],[-99.1642722604507,19.4518490804108],[-99.1642279699246,19.4523358896644],[-99.1641998301071,19.4526824302652],[-99.1640812298575,19.4537138203527],[-99.1640118200431,19.4542730204128],[-99.1638229195466,19.4558168514358],[-99.1637195174614,19.4563968985589],[-99.1637127700829,19.4564347703303],[-99.1635714003383,19.4570640295936],[-99.1634579503315,19.4575536001592],[-99.1633167498637,19.4581627198748],[-99.1631541502318,19.4588834799465],[-99.1630816503628,19.459062920131],[-99.1629347803741,19.4593413198324],[-99.1628261702245,19.4594898301834],[-99.1626993103898,19.4596373101712],[-99.1625709103613,19.459771820423],[-99.1623211498315,19.4599719200977],[-99.162100369931,19.460135140345],[-99.1616227798545,19.4604929700012],[-99.1612693801894,19.4607680202445],[-99.1610536799758,19.4609688899596],[-99.160865849827,19.461188679913],[-99.1607164499472,19.4614060595471],[-99.1604463204572,19.4618728598829],[-99.1602584797837,19.462211570298],[-99.1600446000625,19.4626005795913],[-99.1597297703026,19.46306748033],[-99.15954890977,19.4633244600176],[-99.1594504904141,19.4634270599132],[-99.1593038295707,19.4635535502203],[-99.1591016600581,19.4636982599748],[-99.1588531098345,19.4638390004385],[-99.1586507098848,19.4639249496536],[-99.1582454503609,19.464038279641],[-99.1579396901296,19.464080230157],[-99.1575773399635,19.4640820798025],[-99.157311290405,19.4640546496064],[-99.1570801804834,19.4640149396583],[-99.156528180406,19.4639044595776],[-99.1560852002692,19.4637913503424],[-99.1556840600122,19.4636965496296],[-99.1549941401464,19.4635674000622],[-99.1545499698407,19.4634788197698],[-99.1536212602264,19.4633026795903],[-99.1534722002741,19.4632710000996],[-99.1532227795292,19.4632422300797],[-99.1528797696334,19.4632026504233],[-99.1523665496439,19.4631400904094],[-99.1516874797082,19.4630534496404],[-99.1508280295615,19.4629482899144],[-99.1505540503821,19.4629404303884],[-99.1503139999147,19.4629601200868],[-99.1500282499265,19.4630169203692],[-99.1487362302096,19.4633374802973],[-99.1483257402817,19.4634370501098],[-99.1480368199933,19.4635071201204],[-99.1477353400584,19.4635963403302],[-99.1473063803881,19.4637232802842],[-99.146829170044,19.4638604196609],[-99.1466157496734,19.4639217403961],[-99.1463096797707,19.4640096904051],[-99.1458045496315,19.4641548498351],[-99.1452447502439,19.4643156897074],[-99.1431181201599,19.4650626902693],[-99.1424715701809,19.4655729101069],[-99.1423703996283,19.4656488198479],[-99.1421419201445,19.4657699496955],[-99.1419326304062,19.4658243696408],[-99.1417404202652,19.4658159402396],[-99.1416500200304,19.4657990002667],[-99.1414793495409,19.4657233698372],[-99.1414244299813,19.4656770900538],[-99.1413239995711,19.46556650955],[-99.141212819789,19.4654683802378],[-99.1411000504851,19.4654182896065],[-99.1409895701216,19.4653905796794],[-99.1408072602137,19.4653528196941],[-99.1398103197219,19.4652461397243],[-99.1392235498741,19.4651833397627],[-99.1385922796394,19.4651581699284],[-99.1374973402223,19.4651056498862],[-99.1361377395421,19.4650595199733],[-99.1349208497251,19.4650089095673],[-99.1342290795819,19.4649808903058],[-99.1338382601462,19.4649614797577],[-99.1336811397658,19.4649391803454],[-99.1333366801451,19.464854170449],[-99.133120629857,19.4647647799726],[-99.1328616302068,19.4646414902808],[-99.1324256895956,19.4643757796606],[-99.1314186497065,19.4637832202679],[-99.1309059696651,19.4634767201862],[-99.1304321402457,19.4631957201775],[-99.1295121202432,19.4626504502221]]]},"properties":{"CVEGEO":"09015","CVE_ENT":"09","CVE_MUN":"015","NOMGEO":"Cuauhtémoc"}},{"type":"Feature","geometry":{"type":"Polygon","coordinates":[[[-99.1094610600391,19.4529179397354],[-99.1089458900551,19.4527336295549],[-99.1088912896479,19.4528785503151],[-99.1087123103072,19.4528132301802],[-99.1085425782501,19.452750818941],[-99.108567654697,19.4526630268952],[-99.1085676815671,19.4526629313504],[-99.1085930210988,19.4525742218148],[-99.10859298317,19.4525742084025],[-99.108117310126,19.4524008901612],[-99.107924479762,19.4523310503767],[-99.1076954201293,19.452248080321],[-99.107286719678,19.4521000301087],[-99.1071152792299,19.452037925334],[-99.1068628496233,19.4519464795689],[-99.1067379887329,19.4519012477823],[-99.1066512600255,19.4518698296347],[-99.106447340482,19.451795949705],[-99.1060302298326,19.4516448497577],[-99.1055763100594,19.4514804004175],[-99.1053828903052,19.4514096897563],[-99.1047487495389,19.4511778300977],[-99.1043159096035,19.4510195696076],[-99.1041194597715,19.4509477399374],[-99.1038927702865,19.4508648503416],[-99.1034938304111,19.4507189796653],[-99.1031395517552,19.4505899185633],[-99.1030232504012,19.4505475500798],[-99.1025443396424,19.4503730902978],[-99.1022022896315,19.4502484897848],[-99.1019621000994,19.450160649788],[-99.1019550017928,19.4501580569672],[-99.1019549724018,19.4501580464354],[-99.1018634499831,19.450124659614],[-99.1014434195582,19.4499712600268],[-99.1013957501139,19.4499539199992],[-99.1013662904627,19.4499423999254],[-99.1013375097069,19.4499352898086],[-99.101073180264,19.4498752303804],[-99.1007942497305,19.4498370899668],[-99.1005567101625,19.4498275400836],[-99.100461219999,19.4498275799134],[-99.1002577995299,19.4498385400035],[-99.0997884004206,19.4499197398777],[-99.0996991998331,19.4499434496526],[-99.0993674681457,19.4500659239663],[-99.0989811404735,19.4502085498495],[-99.0988468896379,19.4502581097889],[-99.0984356802085,19.4504129102875],[-99.0979702504623,19.4505880899583],[-99.0978579802752,19.4506303500648],[-99.0974532204385,19.4507827099461],[-99.0969637802074,19.4509669399811],[-99.0965401501351,19.4511263796961],[-99.0959491800209,19.4513489196751],[-99.0959201204247,19.4513598803381],[-99.0953737498749,19.4515674596514],[-99.0952691101679,19.4516072201859],[-99.0948996499546,19.4517205395862],[-99.0947377095817,19.4517567500197],[-99.094525050145,19.4517866796112],[-99.0942195102052,19.4517951696379],[-99.0939353700099,19.4517758001148],[-99.0937798519326,19.4517536204471],[-99.0937265999071,19.4517460202981],[-99.0934509100052,19.4516790302781],[-99.0932197998499,19.4516002298584],[-99.0929845495914,19.4514763196217],[-99.0928985700864,19.4514114296202],[-99.0926534600513,19.4512265204112],[-99.0924883196163,19.4510790603964],[-99.0921323801878,19.4507613996582],[-99.0919257796533,19.4505770497618],[-99.0917703799787,19.4504327397409],[-99.091551430467,19.4502294602338],[-99.0914557181638,19.4501405931866],[-99.0912846295601,19.4499817397059],[-99.0911541796914,19.4498606198123],[-99.0908013503424,19.4495329997119],[-99.0906302799327,19.4493741703868],[-99.090422030112,19.4491808298843],[-99.0900641795721,19.448848549724],[-99.0897533403939,19.4485599398488],[-99.0896888502508,19.4485000599893],[-99.0894048498726,19.4482363496379],[-99.0889977995412,19.4478584001494],[-99.088857879944,19.4477284798625],[-99.0886461400885,19.4475390002047],[-99.0884732552068,19.447372920303],[-99.0882236300705,19.4471331198045],[-99.0879348301223,19.4468561998424],[-99.0877434465567,19.4466445528671],[-99.0875318202784,19.4464105201303],[-99.0873014802005,19.4460580799152],[-99.0871563399852,19.4457668600018],[-99.0868702498483,19.4459696903869],[-99.0853150302651,19.4470722301632],[-99.0853060369384,19.4470783377202],[-99.0842033102259,19.4478271398986],[-99.0838715695735,19.44806611985],[-99.0830061389543,19.448689418287],[-99.0827425201177,19.4488792797029],[-99.0819046024202,19.4494871133657],[-99.0815294900265,19.4497592201351],[-99.0811531997025,19.4500109098652],[-99.0808767503088,19.450157319553],[-99.080591079818,19.4501350498172],[-99.0803104596278,19.4500711503731],[-99.079321180228,19.4497954301824],[-99.0790727195955,19.4497719797546],[-99.0786959196796,19.4497466895962],[-99.0780981703705,19.4497470902959],[-99.0769776801699,19.4493638897106],[-99.0757451897873,19.4489423645465],[-99.0754517996615,19.4488420202588],[-99.0753019401747,19.4487938501326],[-99.0744975802413,19.4485209699671],[-99.0709525823674,19.4472927947765],[-99.0704422738234,19.447115988849],[-99.0698446299859,19.4469089199981],[-99.0692423975577,19.4467002582408],[-99.0685956796522,19.4464761803885],[-99.0685089400057,19.446460180171],[-99.0683777501042,19.4464401697002],[-99.068214849826,19.4464262202009],[-99.0680878599938,19.4464365503152],[-99.0678024302748,19.446502819819],[-99.0673836900522,19.4466422902666],[-99.0672282198345,19.4465307803867],[-99.0652489497188,19.4458339796188],[-99.0646547097162,19.4456247696744],[-99.0640251792152,19.4454031401665],[-99.0634334795318,19.4451948003476],[-99.0628068001054,19.4449741699851],[-99.0626228497481,19.44490940006],[-99.0622851686367,19.4447905202795],[-99.0622002210325,19.444821581895],[-99.0613193723466,19.4451436582216],[-99.0604103685367,19.4454760276813],[-99.0594807700699,19.445815879875],[-99.058596458364,19.4461392455915],[-99.0579987695786,19.4463577787851],[-99.0579900492705,19.4463609684116],[-99.0573445792272,19.4465969499616],[-99.0570492164671,19.446709732205],[-99.0562104347755,19.4470300107168],[-99.0560481386035,19.4470919808065],[-99.0558358044551,19.4471725368753],[-99.0555051795321,19.4472979698658],[-99.0553866637482,19.4473434080808],[-99.0546673704534,19.4476191798289],[-99.0538989704442,19.4479094196266],[-99.053302289692,19.4481306596874],[-99.0525643192138,19.4484221503831],[-99.0522580904143,19.4487426000051],[-99.052047979835,19.4489655095877],[-99.0519535397702,19.4490612803135],[-99.051521460343,19.4495117201232],[-99.0511383202503,19.4499126208961],[-99.0510954557639,19.4499552479374],[-99.0508686214666,19.4501811757901],[-99.0508685901771,19.4501811208065],[-99.0508347572429,19.4501196289678],[-99.0508329100521,19.4501162598558],[-99.0508217652065,19.4500959388581],[-99.0507465636399,19.449958815215],[-99.050734624806,19.4499370459909],[-99.0506931343908,19.4498613918716],[-99.0499435846509,19.4484946310441],[-99.0498062788767,19.4482442603644],[-99.0497507789301,19.4481430900059],[-99.0493536976379,19.4474190167982],[-99.0488963402973,19.4465850203934],[-99.048815798902,19.4464381498665],[-99.048722570423,19.4462681496718],[-99.047928480079,19.4448201200386],[-99.0478949996293,19.4447590597557],[-99.0478341126548,19.4446480311484],[-99.0474910789316,19.4440224896783],[-99.0474018189007,19.44385972113],[-99.0473859701573,19.4438308214318],[-99.0471407794707,19.4431309202043],[-99.0464590662131,19.4423645619774],[-99.0466519863072,19.4420636055944],[-99.046652050577,19.4420635053543],[-99.0468705992478,19.4417229387797],[-99.0472030459326,19.4412048807546],[-99.0472537397314,19.4411258833602],[-99.0477786187093,19.4403079402494],[-99.0482090797803,19.4396371097398],[-99.0484513485927,19.4391311698148],[-99.0499295914664,19.4360440948415],[-99.0505620497934,19.434723260019],[-99.0509540240202,19.4338010740698],[-99.0512936170839,19.4330021148114],[-99.0523321704029,19.4305586599376],[-99.0524340887035,19.4303328497023],[-99.0526020190971,19.4299608201134],[-99.0539981400353,19.426828199813],[-99.0540576185339,19.4267013997211],[-99.0542369225546,19.4263191033749],[-99.0543938192611,19.4259845798862],[-99.0543995389183,19.4259723997254],[-99.0546830300408,19.4253679501817],[-99.0547306294641,19.4252664895602],[-99.0548201464708,19.4250756277811],[-99.0549343804672,19.4248320603796],[-99.055196430231,19.4242733698304],[-99.0552954498275,19.4239155196383],[-99.0553001489725,19.4238985403337],[-99.0556218888567,19.4227359103982],[-99.0557864904034,19.4221410896573],[-99.0559097893728,19.4221855649071],[-99.0560453200683,19.4222344513096],[-99.0561209442473,19.4221108282689],[-99.0561399802158,19.4220797107224],[-99.0562068782732,19.4219507796054],[-99.0562857993073,19.4218349695719],[-99.0563879494143,19.4217143396963],[-99.0565584889726,19.4215647195952],[-99.0567103483713,19.4214438913232],[-99.0568256491779,19.4213598600427],[-99.0569232791288,19.4213039407691],[-99.05702647804,19.4212427398562],[-99.0571266183506,19.4211860501462],[-99.0572633789829,19.4211311499162],[-99.0574052883466,19.421073569618],[-99.05757579941,19.4210126203888],[-99.0577520880653,19.420946320935],[-99.0578620480212,19.4209063508095],[-99.0579221503433,19.4208867200649],[-99.0598608799421,19.4208435700025],[-99.0616613188138,19.4208288506054],[-99.063677309991,19.420812340223],[-99.0647860801861,19.4208258313214],[-99.065730119299,19.4208191796923],[-99.0678785098339,19.4208040599135],[-99.0679525497129,19.420803180009],[-99.0682355976076,19.4207775212699],[-99.0684419504487,19.4207338510457],[-99.0687432887233,19.4206355400268],[-99.0690208803645,19.4205241809948],[-99.0692925787141,19.4203753396717],[-99.0694954592496,19.4202528014154],[-99.0697597189621,19.4200546009956],[-99.0699206494249,19.4198743195777],[-99.0703100497066,19.4192851498257],[-99.0706166894289,19.4188103400541],[-99.0706993653988,19.4186839591517],[-99.0713379085452,19.4177078499734],[-99.0714083164728,19.4175913740662],[-99.0714307188672,19.4175543102494],[-99.0714535959731,19.417517377964],[-99.0719798702404,19.4166677502123],[-99.0719801245278,19.4166673401068],[-99.0722126828976,19.4162918891283],[-99.0722653488038,19.4162068609491],[-99.0731491042541,19.4147974853694],[-99.0731993079073,19.4147174214343],[-99.0732321265376,19.4146649937304],[-99.0732583083642,19.4146231712154],[-99.0732776587975,19.4145924313048],[-99.0733231089524,19.4145128498197],[-99.0733927364241,19.4144051492156],[-99.0734066291028,19.4143836599284],[-99.0734797585736,19.4143066052646],[-99.0735124304665,19.4142721795843],[-99.0737772801393,19.4138581095943],[-99.0740179103074,19.4134892011523],[-99.0744386903805,19.4128549200939],[-99.0747569986679,19.4123629712194],[-99.0750032745348,19.4119885601507],[-99.0751024003868,19.4118378600746],[-99.0752897203786,19.411541850261],[-99.0754578285337,19.4112720503714],[-99.0756431504478,19.4109804600641],[-99.0758985398501,19.4105786496096],[-99.0761159486962,19.4102565798297],[-99.0763255821047,19.4099726562525],[-99.0763447403142,19.4099467097114],[-99.0766264763828,19.4095379286693],[-99.0766839190391,19.4094545806215],[-99.0767099418456,19.4094158846463],[-99.0767372383351,19.4093752931197],[-99.0768159340768,19.4092582721644],[-99.0768691447237,19.4091791447403],[-99.0769011193469,19.4091315999821],[-99.0769225735762,19.4090978149909],[-99.0769463161997,19.4090604241862],[-99.0770074187858,19.408964201245],[-99.0771156190159,19.4087958007546],[-99.0772270307771,19.4086510092668],[-99.077308431684,19.4085452199509],[-99.0773124067546,19.4085400546059],[-99.0771253198295,19.4084428305579],[-99.0770917088087,19.4084250973361],[-99.0775516787361,19.4076881808109],[-99.0779785397963,19.4071475800387],[-99.0780920297511,19.40710541256],[-99.0781218036597,19.4070943520292],[-99.078240419984,19.4070502800056],[-99.0785214581193,19.4069921503576],[-99.0789782790159,19.4070390812211],[-99.0790734786442,19.407001230827],[-99.0794591381791,19.4069011095544],[-99.0797260898118,19.4068682912442],[-99.0797900786257,19.4068699100701],[-99.0799088182463,19.4068709212003],[-99.0802269501784,19.4068850002685],[-99.0808312483522,19.4069583803939],[-99.0808781485261,19.4069646852522],[-99.0810625991117,19.4069894803241],[-99.0812847194317,19.4070193396046],[-99.0814110832295,19.4070361110416],[-99.0815701536753,19.4070572229179],[-99.0819353404776,19.4071056909845],[-99.0825021681431,19.407180919891],[-99.0830559099426,19.4072600498066],[-99.083615717689,19.4073400305538],[-99.0836346144126,19.4073427313116],[-99.0837184143306,19.4073547068061],[-99.0841207195849,19.4074122008529],[-99.0847090494609,19.4074937101201],[-99.0852666490645,19.4075709707474],[-99.0857353150686,19.407637353956],[-99.0857454107171,19.4076387837406],[-99.0858292598953,19.4076506602388],[-99.0858561476523,19.4076544690017],[-99.086382000418,19.4077289503249],[-99.0868749100876,19.4077987714273],[-99.0874593785293,19.4078815502581],[-99.0882565788752,19.4079962911794],[-99.0888981204694,19.4080906203167],[-99.0895283794601,19.4081832795728],[-99.090222273543,19.408285280678],[-99.0902608496388,19.4082909511439],[-99.0903069069172,19.408297722549],[-99.0903704076367,19.4083070589464],[-99.0904724644501,19.4083220644375],[-99.0910516879107,19.4084072203415],[-99.091594950368,19.4084870813576],[-99.0916432596427,19.408494171168],[-99.0920340455698,19.4085516263124],[-99.0923361985296,19.4085960499204],[-99.0925875845386,19.4086330017746],[-99.092654948085,19.4086429035717],[-99.0930150198939,19.4086958307267],[-99.0930260027112,19.4086974492607],[-99.0930543089736,19.4087016211199],[-99.093119670379,19.4087104701931],[-99.0935007104672,19.4087620596358],[-99.0939070199947,19.4088171098824],[-99.0943260892384,19.4088738596627],[-99.0947573386122,19.4089322596699],[-99.0951705496838,19.4089882311733],[-99.0955931200134,19.4090454796857],[-99.0957067393077,19.4090608606015],[-99.0961233088615,19.4091160802896],[-99.0964279091393,19.4091466311637],[-99.0969793597287,19.4091633076806],[-99.0970260896624,19.4091647208835],[-99.0970539226921,19.4091653887022],[-99.0971098865857,19.409166730951],[-99.0971896973109,19.4091686435679],[-99.0972199797201,19.4091693710871],[-99.0975371804009,19.4091629796781],[-99.097789678081,19.4091511894314],[-99.0979030634618,19.4091458944162],[-99.0979667483391,19.4091429198972],[-99.0979772132574,19.409142226449],[-99.0980434287767,19.4091378297729],[-99.0980816288931,19.4089246305767],[-99.0981176749395,19.4089214179963],[-99.0989090788735,19.4088508903166],[-99.0991539442063,19.4088067051885],[-99.0996803200332,19.4087117196636],[-99.1010849101606,19.4084297105579],[-99.1019061100226,19.4082644613269],[-99.1028241686159,19.4080738811859],[-99.1035308200062,19.40792830957],[-99.1047926000162,19.4076604006067],[-99.1056072899328,19.4074863710833],[-99.1060762586467,19.407389340792],[-99.1073912302423,19.4071173399628],[-99.1101532198832,19.4065432201431],[-99.1121897194077,19.4061389496045],[-99.1128384580248,19.4060102196103],[-99.1131956885908,19.4059393107822],[-99.1134819687773,19.4058657212156],[-99.1134850074083,19.4058647425968],[-99.1135635390385,19.4058394797543],[-99.113634400011,19.4058099799394],[-99.113851879118,19.4057787511011],[-99.1144168802387,19.4056505502211],[-99.1144374203003,19.4056458914244],[-99.1145714787008,19.4056154809982],[-99.1145788751584,19.4056146335852],[-99.1150671791797,19.4055586798865],[-99.1155510587649,19.4055482882931],[-99.1163800077367,19.4055430831491],[-99.1163805101234,19.4055430809546],[-99.1167354367104,19.4055408607342],[-99.116735939078,19.4055408594444],[-99.1172193271234,19.4055378320452],[-99.1172198295294,19.4055378289421],[-99.1180815982242,19.4055264986176],[-99.1188097395982,19.4055169202365],[-99.1196654885891,19.4053738899972],[-99.1201461194718,19.4052918601158],[-99.1204317489784,19.405246550113],[-99.1210195792976,19.4051532900854],[-99.12111722838,19.4051410303647],[-99.1216042868492,19.4050501418704],[-99.1216046559916,19.4050500727831],[-99.1216051497725,19.4050499806971],[-99.121615392122,19.4050484096543],[-99.1217201496108,19.4050323403968],[-99.1222813391556,19.4049494511813],[-99.1232748287484,19.4047672601271],[-99.1237369117925,19.40467722423],[-99.1239360604153,19.4046384199805],[-99.1255679068118,19.4043530288296],[-99.1256082915437,19.4043459658585],[-99.125671278915,19.4043349496423],[-99.1256976128215,19.4043308136426],[-99.1256984598683,19.4043306802353],[-99.1258672596386,19.4051935501293],[-99.1261498193615,19.4066781700598],[-99.1261875699877,19.4068266002008],[-99.1262718004575,19.4071710298811],[-99.1263929490188,19.4077420599241],[-99.1265431996626,19.4082613504152],[-99.1267404790703,19.4088226796803],[-99.127167970409,19.4090110901765],[-99.1271683498542,19.4091213526862],[-99.1271683506319,19.4091214967818],[-99.1271688601232,19.4092694302907],[-99.1271759695359,19.4093738690432],[-99.1271760131985,19.4093745150651],[-99.1271822239108,19.4094657465564],[-99.1271822275939,19.409465798278],[-99.1271910294753,19.4095951100266],[-99.1272770489213,19.4099595914199],[-99.127297278787,19.4100453098872],[-99.1274175802164,19.4104834902176],[-99.1275842851091,19.4110281920763],[-99.1275843646442,19.4110284509402],[-99.1275905498589,19.4110486600975],[-99.1276016903009,19.4110929180398],[-99.1276915094167,19.4114497396331],[-99.1277571395233,19.4118139200594],[-99.1278472900503,19.4122799100607],[-99.1278563080158,19.4123228799094],[-99.1280031700251,19.4130226201229],[-99.1280228492891,19.4130765968766],[-99.1281321314659,19.4133763129959],[-99.1281545788784,19.413437879894],[-99.1281996752739,19.4137599731868],[-99.1280792297039,19.4145553698511],[-99.127900630187,19.415540709966],[-99.1278291690387,19.4159579196227],[-99.1277722645281,19.4163463323415],[-99.1276177796142,19.4174007997951],[-99.1274092798467,19.4186782897467],[-99.1273726291771,19.4189878504374],[-99.1271392896347,19.4203780602794],[-99.1270076896411,19.4207504600019],[-99.1265827492435,19.4216994601993],[-99.1262208892116,19.4224861101383],[-99.1260793693659,19.4227612502555],[-99.1260061493488,19.4228726596111],[-99.1258942902743,19.4235012901856],[-99.1257665096717,19.4243623997878],[-99.125628370415,19.4253450899095],[-99.1256192486907,19.4253984801332],[-99.1255908302033,19.4255525801917],[-99.1255388594328,19.4258493498631],[-99.1254890591457,19.4264374498382],[-99.1254737097714,19.4265384804166],[-99.1254299799314,19.4267764198099],[-99.1252709795334,19.4276327700748],[-99.1251826004605,19.4283189699225],[-99.1251181404608,19.4286989202303],[-99.1250366203046,19.4291645797652],[-99.1249439687312,19.4297835100015],[-99.1249132894541,19.4299856601157],[-99.1247818303502,19.430827800459],[-99.1247328592339,19.4312594201195],[-99.1246299391003,19.431985649716],[-99.1245190601547,19.4328064600174],[-99.1243346488282,19.4339243197761],[-99.1241833201685,19.4347124296616],[-99.124070351712,19.4355757746372],[-99.1240697400137,19.4355804453116],[-99.1240697343969,19.4355804850773],[-99.1240688798299,19.4355870197062],[-99.1239395400991,19.4364187802354],[-99.1237649193482,19.4374951497209],[-99.1236013098762,19.4386388801083],[-99.1234448903341,19.4395554900627],[-99.123365373991,19.4401263889631],[-99.1233563990299,19.4401908202815],[-99.1232678491495,19.4408532298038],[-99.1231622004597,19.4415808001326],[-99.1230788551975,19.4424952475568],[-99.123078861288,19.4424952757651],[-99.1231146786006,19.4426596901317],[-99.1237848485762,19.4435742600193],[-99.123854169699,19.4437167700301],[-99.1239706457604,19.4439544423318],[-99.1240565579613,19.4441297481247],[-99.1241945502654,19.4444113202549],[-99.1244822600177,19.4449773996771],[-99.1253819197133,19.4466477702754],[-99.1255885994099,19.4469497689143],[-99.1257076902843,19.4471237803628],[-99.125829826925,19.4473398886058],[-99.125866580339,19.4474049199432],[-99.1259300598724,19.4476186052784],[-99.1259291965319,19.4477944783182],[-99.1258890300473,19.4481869499783],[-99.1256858499175,19.4492156500207],[-99.1255525800584,19.44983528955],[-99.1254812897988,19.4502043101706],[-99.1252126604174,19.4510862598936],[-99.1250680497212,19.4513949501924],[-99.1250245097204,19.4514832897557],[-99.1250161502752,19.4515002500208],[-99.1247823703013,19.4520090496423],[-99.1244227402867,19.4533356896888],[-99.1242780797206,19.4540977996892],[-99.1241657202393,19.4545453196008],[-99.1241062302488,19.4547950898058],[-99.1237810297986,19.4560297696326],[-99.1236900605354,19.4564294130346],[-99.123690028974,19.456429550179],[-99.123583769745,19.4570286801895],[-99.1233595196689,19.4580286902569],[-99.1233315799242,19.4581543395629],[-99.1231799197607,19.4585118296659],[-99.1228399403332,19.459002380234],[-99.1222416519987,19.459781911696],[-99.1222415557241,19.4597820367342],[-99.1221771502809,19.459751919556],[-99.1221009696044,19.4597156596747],[-99.1219943101165,19.4596717102471],[-99.1218222556872,19.459615248749],[-99.1215881398182,19.4595384198739],[-99.1211158300035,19.4593834201134],[-99.12032356838,19.4591234236472],[-99.1202610297206,19.4591029099936],[-99.1198134601635,19.4589560195885],[-99.1193870295475,19.4588160798962],[-99.1189786091005,19.4586820409728],[-99.1189696799937,19.4586791095621],[-99.1184961102166,19.4585205406673],[-99.1184513797905,19.4585049801605],[-99.1180054295747,19.4583500200342],[-99.1176878595862,19.4582396599582],[-99.1175108586713,19.458175719926],[-99.1174642599452,19.4581578498028],[-99.1173489996984,19.4581074602843],[-99.1172690201716,19.4580670303535],[-99.1171488495222,19.4579998200608],[-99.1170535102465,19.4579386600722],[-99.1169617704765,19.4578728798924],[-99.1169047197047,19.4578283396215],[-99.1167351795733,19.4576959701124],[-99.1162784601742,19.4573393399084],[-99.1161691397382,19.4572539803798],[-99.1160208410843,19.4571381922208],[-99.1158341801182,19.4569924501522],[-99.1154629201874,19.4567025398484],[-99.1149708000376,19.456318259651],[-99.1147149499408,19.4561184803223],[-99.1143901994289,19.4558507712551],[-99.1139914288018,19.4554868002182],[-99.1138800901836,19.4553972302172],[-99.1134973100303,19.4551062500068],[-99.113425780264,19.4550484196984],[-99.1130315097635,19.4547296301386],[-99.1126943995915,19.4544570599864],[-99.112631169653,19.4544059397893],[-99.1122986803444,19.4541397099663],[-99.1121770903499,19.4540497200573],[-99.1120246001587,19.4539368803892],[-99.1118608803996,19.4538297798789],[-99.1117751397204,19.4537812796134],[-99.1116152302518,19.4537061703638],[-99.111429350069,19.4536204196394],[-99.1113617195889,19.4535950800586],[-99.1112138900598,19.4535424197988],[-99.1108579689936,19.4534156162487],[-99.1107281697019,19.4533693699229],[-99.1104890367401,19.4532841752829],[-99.1104249701535,19.4532613501856],[-99.1102722902803,19.4532069696452],[-99.1101382002296,19.4531591799795],[-99.1098684302998,19.4530630796374],[-99.1097882666971,19.4530345210243],[-99.109667089791,19.4529913503063],[-99.1094610600391,19.4529179397354]]]},"properties":{"CVEGEO":"09017","CVE_ENT":"09","CVE_MUN":"017","NOMGEO":"Venustiano Carranza"}},{"type":"Feature","geometry":{"type":"Polygon","coordinates":[[[-99.1823069697937,19.5074792499949],[-99.1822907997484,19.5074698000145],[-99.1819157399889,19.5074898197521],[-99.1774990001554,19.5063143096798],[-99.1774630506428,19.506304739243],[-99.1774118499263,19.5062911095694],[-99.1774111931462,19.5062909350904],[-99.1774109745443,19.5062908766347],[-99.1774100991622,19.5062906436999],[-99.17736854019,19.5062795710898],[-99.1773355580062,19.5062707927968],[-99.1770632755871,19.5061983317786],[-99.1770504195777,19.5061949099185],[-99.1767378002038,19.506420420346],[-99.1766244900074,19.5065021702227],[-99.1760718904282,19.5069007995989],[-99.1760256904184,19.5069488604558],[-99.1755380902593,19.5074560204423],[-99.1754027696135,19.5074848297237],[-99.1753647795914,19.5074929199491],[-99.1751841103343,19.5075314000801],[-99.1748752295674,19.5075971803774],[-99.1740404598327,19.5079499998081],[-99.1737125702445,19.5081618500565],[-99.1736656202529,19.508192179747],[-99.1735652302273,19.5082570497246],[-99.1730428502577,19.508586709954],[-99.1725993701982,19.5084265495713],[-99.171604220122,19.508067139921],[-99.1712917700971,19.5079543098438],[-99.1708781798461,19.5078049397609],[-99.170413920236,19.5076372601489],[-99.1699559697946,19.5074058301961],[-99.1695346497154,19.5071929197149],[-99.1691432904387,19.5069951398024],[-99.1691093201552,19.5069779700676],[-99.168800020109,19.5068216597774],[-99.1686890498321,19.506765579907],[-99.167370719586,19.5062146796779],[-99.1673132899524,19.5061906601442],[-99.16707814994,19.5060924203026],[-99.1663162896501,19.5058286800778],[-99.1658554600275,19.5056691501277],[-99.1653766197471,19.5055033995549],[-99.1649404900752,19.505352429969],[-99.1644109400447,19.5051691202735],[-99.1639377700209,19.5050053202624],[-99.163455980266,19.5048515697438],[-99.1629901397842,19.504702890179],[-99.1628976502386,19.504673379977],[-99.1628665416443,19.5046634519062],[-99.1625589801891,19.5045652900519],[-99.1620676598916,19.5044084898046],[-99.1617866924047,19.504318830446],[-99.1616172901635,19.5042647699362],[-99.1614011083996,19.5041957714465],[-99.1611378300281,19.5041117400111],[-99.1606966799708,19.5039709500474],[-99.1604386495294,19.5038885991666],[-99.1602692607792,19.5038345374056],[-99.1602137412561,19.5038168178494],[-99.1601418754127,19.5037938802847],[-99.1597343362924,19.5036638099023],[-99.1597343011534,19.5036637992734],[-99.1592521080801,19.5035098964288],[-99.1571811098996,19.5028488895809],[-99.1569497697761,19.5027172500896],[-99.1567816859051,19.5022464913415],[-99.1565732500278,19.5016627102984],[-99.1563755201404,19.5011515695854],[-99.1560564604846,19.5002859966345],[-99.1558100836937,19.4996175946217],[-99.1557126599338,19.4993532897133],[-99.1546248228888,19.4964019748901],[-99.1543783525393,19.4957332822791],[-99.1541813190947,19.4951987100861],[-99.1539766297397,19.4946408001448],[-99.1533723347047,19.49299381124],[-99.1531266149526,19.4923240899022],[-99.1530206796849,19.4920353501613],[-99.1529638197565,19.4918807203239],[-99.1521940074721,19.4898374758675],[-99.1519426742446,19.4891703704533],[-99.1518368300228,19.4888894298452],[-99.151513279985,19.4880252903763],[-99.1511976196241,19.4871815396583],[-99.150889259973,19.4863574497536],[-99.1504832502681,19.4852722899838],[-99.1500659344643,19.4841599347786],[-99.1498153143976,19.48349189875],[-99.1497201197508,19.4832381495498],[-99.1494256332173,19.4825020626301],[-99.1494056602509,19.4824521401594],[-99.1493678079367,19.4823482856106],[-99.1488430301292,19.4809084496427],[-99.1486605399422,19.480453060333],[-99.1485355595396,19.4801160525836],[-99.1482877105414,19.4794477273315],[-99.1481853499876,19.4791717100271],[-99.1481095996657,19.4790113799838],[-99.1479020488203,19.4784884302018],[-99.1477736202169,19.4781431097924],[-99.1475861204053,19.4776551201958],[-99.1475020301041,19.4774403402255],[-99.1472822802008,19.4768567996279],[-99.1472422501382,19.4767586604398],[-99.1470487797852,19.4762628597469],[-99.1468786196935,19.4757931498509],[-99.1466796198485,19.4752914195576],[-99.1464564500653,19.4746994300163],[-99.1463621774726,19.4744378938661],[-99.1461206258459,19.4737677619745],[-99.1460871496603,19.4736748902578],[-99.145894280275,19.4731139801315],[-99.1456512903104,19.4724797804391],[-99.1454641804729,19.4720103198595],[-99.1452357102863,19.4714396599906],[-99.1450454000892,19.4709639403481],[-99.1449782322871,19.4707748969419],[-99.1448718797689,19.4704755696284],[-99.1448418903413,19.4703977401115],[-99.1446687498093,19.4699727699487],[-99.1444766497323,19.4694564800374],[-99.1443865097897,19.4692100301091],[-99.1441454500132,19.4685819504278],[-99.1441014296752,19.468476950024],[-99.1440325409717,19.4682824368077],[-99.1437947608693,19.4676110353756],[-99.1436808604696,19.4672894210709],[-99.143185019695,19.4660471098071],[-99.1431034002339,19.4657574898766],[-99.1430797998978,19.4656737501908],[-99.1430546800793,19.4654369197647],[-99.1431181201599,19.4650626902693],[-99.1452447502439,19.4643156897074],[-99.1458045496315,19.4641548498351],[-99.1463096797707,19.4640096904051],[-99.1466157496734,19.4639217403961],[-99.146829170044,19.4638604196609],[-99.1473063803881,19.4637232802842],[-99.1477353400584,19.4635963403302],[-99.1480368199933,19.4635071201204],[-99.1483257402817,19.4634370501098],[-99.1487362302096,19.4633374802973],[-99.1500282499265,19.4630169203692],[-99.1503139999147,19.4629601200868],[-99.1505540503821,19.4629404303884],[-99.1508280295615,19.4629482899144],[-99.1516874797082,19.4630534496404],[-99.1523665496439,19.4631400904094],[-99.1528797696334,19.4632026504233],[-99.1532227795292,19.4632422300797],[-99.1534722002741,19.4632710000996],[-99.1536212602264,19.4633026795903],[-99.1545499698407,19.4634788197698],[-99.1549941401464,19.4635674000622],[-99.1556840600122,19.4636965496296],[-99.1560852002692,19.4637913503424],[-99.156528180406,19.4639044595776],[-99.1570801804834,19.4640149396583],[-99.157311290405,19.4640546496064],[-99.1575773399635,19.4640820798025],[-99.1579396901296,19.464080230157],[-99.1582454503609,19.464038279641],[-99.1586507098848,19.4639249496536],[-99.1588531098345,19.4638390004385],[-99.1591016600581,19.4636982599748],[-99.1593038295707,19.4635535502203],[-99.1594504904141,19.4634270599132],[-99.15954890977,19.4633244600176],[-99.1597297703026,19.46306748033],[-99.1600446000625,19.4626005795913],[-99.1602584797837,19.462211570298],[-99.1604463204572,19.4618728598829],[-99.1607164499472,19.4614060595471],[-99.160865849827,19.461188679913],[-99.1610536799758,19.4609688899596],[-99.1612693801894,19.4607680202445],[-99.1616227798545,19.4604929700012],[-99.162100369931,19.460135140345],[-99.1623211498315,19.4599719200977],[-99.1625709103613,19.459771820423],[-99.1626993103898,19.4596373101712],[-99.1628261702245,19.4594898301834],[-99.1629347803741,19.4593413198324],[-99.1630816503628,19.459062920131],[-99.1631541502318,19.4588834799465],[-99.1633167498637,19.4581627198748],[-99.1634579503315,19.4575536001592],[-99.1635714003383,19.4570640295936],[-99.1637127700829,19.4564347703303],[-99.16419054043,19.4565112503264],[-99.1650601804422,19.4566586602164],[-99.1656059503026,19.456737460239],[-99.1674447393528,19.4570316210947],[-99.1683060903126,19.4571766902141],[-99.1684339842792,19.457197443721],[-99.1711138002124,19.4576322799101],[-99.1737609998891,19.4580628601891],[-99.1746037096303,19.4581986802984],[-99.175023849601,19.4582667403319],[-99.1757658801183,19.4583869398895],[-99.1768916201405,19.4585695804508],[-99.1774551697837,19.4586610502796],[-99.1777626903022,19.4587160077038],[-99.1779844002917,19.4587556300198],[-99.1787832800559,19.4589287202924],[-99.1789072673852,19.4589503154485],[-99.1799155401098,19.4591259203904],[-99.1810820295624,19.4593013395966],[-99.1820121497328,19.4594746903255],[-99.1831146301706,19.4596466197623],[-99.1840981397087,19.4598385102553],[-99.1841021798541,19.4598391201713],[-99.1841888492981,19.4598525441881],[-99.1852727698114,19.4600204211674],[-99.1853877198118,19.4600140501086],[-99.1872447407736,19.4604684268551],[-99.1872836197508,19.4604779395452],[-99.1884832502465,19.4607772600078],[-99.1882443098216,19.4623464900157],[-99.1882342126437,19.4624072859366],[-99.1880262602827,19.4636593999817],[-99.1880002301467,19.4638146200499],[-99.1891419399665,19.4641514597021],[-99.1900141104695,19.4644301996935],[-99.1907311104398,19.4646714503236],[-99.1907038584817,19.4651451046657],[-99.1906707999034,19.4657196601816],[-99.190660659853,19.4659459999159],[-99.190579420009,19.4679363204034],[-99.1904442455325,19.4704589955545],[-99.1905841278845,19.4705056082667],[-99.1909558599069,19.4706294804076],[-99.1914105198785,19.4707675402879],[-99.1924952614495,19.4710211866879],[-99.1925701546394,19.4710386990547],[-99.1926956917435,19.4710680526798],[-99.1927227642523,19.4710743832661],[-99.1930102421879,19.4711416021234],[-99.1933456600807,19.4712200304278],[-99.1935148714434,19.4712596016008],[-99.1941337196558,19.4714043203452],[-99.1946158200223,19.4715382898151],[-99.1949267284656,19.4716247121838],[-99.1949931201542,19.471643166685],[-99.1951473998706,19.4716860503761],[-99.1952322533772,19.4717114037852],[-99.1952862441742,19.471727535643],[-99.1956248903408,19.4718287196662],[-99.1961324899206,19.4719725403027],[-99.1966583797526,19.472126259925],[-99.1970832197757,19.4722518203523],[-99.1974603101692,19.4723642296866],[-99.1977447287664,19.4724497202698],[-99.1978283057443,19.4724748410414],[-99.1979509985994,19.4725117199632],[-99.19825543587,19.472606820441],[-99.1982911293714,19.4726179695843],[-99.1983688590959,19.4726422512899],[-99.1990887188542,19.4728758914322],[-99.1997648485466,19.4730828011662],[-99.2000938590093,19.473182381228],[-99.2003041385724,19.473241255723],[-99.2006756786683,19.4733452795555],[-99.2008434555348,19.4733523595594],[-99.2010150204733,19.473359600125],[-99.2014470297809,19.4732366204328],[-99.2023268903095,19.4730146501297],[-99.203444169546,19.4726916499551],[-99.204339659913,19.4724027201017],[-99.2049671998402,19.4721922596786],[-99.2052854200841,19.4720243503652],[-99.2064963398213,19.4713565100438],[-99.2068249696721,19.4712150804281],[-99.2077728798743,19.4714707196619],[-99.2079674202334,19.4715231802449],[-99.2083492803957,19.471626170304],[-99.2083691701118,19.471631539887],[-99.2089556498866,19.4717897099286],[-99.2092360904635,19.4718653398552],[-99.2092730452869,19.4718753052973],[-99.2096347697182,19.471972850142],[-99.2099961951642,19.472070322451],[-99.2100331196841,19.4720802798986],[-99.2103298814192,19.4721603114334],[-99.2107839800895,19.4722827698411],[-99.2108027687791,19.4722878378641],[-99.210815050378,19.4722911501149],[-99.2114126801758,19.4724523102094],[-99.2120448498085,19.4726228000404],[-99.2126283802387,19.4727801502113],[-99.2132929495376,19.4729593500672],[-99.2135613399188,19.4730317403191],[-99.2138792902244,19.473117480346],[-99.2142157698599,19.4732082000596],[-99.2142256181021,19.473210854593],[-99.2144846196996,19.4732806895748],[-99.2148634267661,19.47338285479],[-99.2148778304256,19.4733867395659],[-99.2151681199873,19.4734650202571],[-99.2155400004171,19.4735652899728],[-99.2158631700928,19.4736524296325],[-99.2161732498492,19.4737360298485],[-99.2168772896736,19.4739258801415],[-99.2175044304186,19.4740949695821],[-99.2181701499068,19.4742744600922],[-99.2188472300445,19.4744570302777],[-99.2195105098957,19.4746358601305],[-99.2201580902893,19.474810459991],[-99.2205583097048,19.4749183703774],[-99.2211150602542,19.475068480431],[-99.2209199803231,19.4759081097829],[-99.2207100904535,19.4768115203684],[-99.2204995098396,19.4777178297161],[-99.2203585700828,19.4781552297291],[-99.2203367649065,19.4782228946313],[-99.2200477096939,19.4791198798042],[-99.2197721999484,19.4799748497722],[-99.2196627496123,19.4803144799377],[-99.2194559399447,19.4809025396548],[-99.2191375503984,19.4818078503524],[-99.2188287499692,19.4826858898087],[-99.2186073999675,19.4833152596015],[-99.2185193402401,19.4835656800657],[-99.2183380599523,19.4840810898751],[-99.2181564904762,19.4845973499492],[-99.2180458300595,19.484911999981],[-99.217499220307,19.4864514598185],[-99.2173627450383,19.486835779448],[-99.2173121797631,19.4869781700641],[-99.2171633195262,19.4873974002341],[-99.2171581104484,19.4874121204209],[-99.2168578899017,19.4882575999656],[-99.2165398201915,19.489153350095],[-99.2164498213849,19.4894067704037],[-99.2162966655379,19.489838075432],[-99.2162790899917,19.489887569629],[-99.2161800597569,19.4901664802679],[-99.2160065996116,19.4906915100605],[-99.2157168309765,19.4915685199766],[-99.2157044235991,19.491606079934],[-99.2156982499425,19.491624769842],[-99.2154469188782,19.492385480422],[-99.2153866896793,19.4925677501603],[-99.2152028803838,19.4931241099567],[-99.2149820197285,19.4937925195658],[-99.2148236800047,19.49427176984],[-99.2146069397894,19.4949277395714],[-99.2143722298905,19.4956380902796],[-99.2141161096496,19.4964132602037],[-99.2138909402278,19.4970947102743],[-99.2138389399863,19.4972521096626],[-99.2136844201596,19.4977197196688],[-99.2135008004442,19.4982754299888],[-99.2134630599329,19.4984087504203],[-99.212864769759,19.5005221398937],[-99.2124984003034,19.5017619198501],[-99.2123200199903,19.5023709104391],[-99.2122349803525,19.5026612301612],[-99.2119924902827,19.5035107204288],[-99.2119664002574,19.5036363200403],[-99.2116838004467,19.5049965103345],[-99.2114448795844,19.5067228801102],[-99.2113771197971,19.5072123702355],[-99.2112190500436,19.5078122203997],[-99.2111615796108,19.5080302500944],[-99.2110524201877,19.5084445101413],[-99.2107795999738,19.5090847697393],[-99.2106981640825,19.5093473460707],[-99.2106980002214,19.5093478795536],[-99.2106978363418,19.5093484139424],[-99.2106871102074,19.5093833997923],[-99.2106334302576,19.5095567204397],[-99.2104750501116,19.5100715703917],[-99.2103716496346,19.5105399402918],[-99.2103231097602,19.5106704498995],[-99.2102406198711,19.5108922597546],[-99.2101641702671,19.5111391204356],[-99.2100862528585,19.5112454193092],[-99.2100662196586,19.5112727495965],[-99.2100639064737,19.5112758371474],[-99.2100548553128,19.5112879119412],[-99.2100219611436,19.5113317970695],[-99.2099870898576,19.511378320094],[-99.2099445245868,19.5114350987001],[-99.2098016496116,19.5116032304288],[-99.2096918295949,19.5117323501999],[-99.2096746492577,19.5117551582823],[-99.2096614756137,19.5117726480351],[-99.2096404850541,19.5118005143466],[-99.2096364429741,19.5118058800537],[-99.2096293403172,19.5118153100608],[-99.2094961697855,19.5119920796849],[-99.2094056498794,19.5121502503953],[-99.2093818499993,19.5121918200865],[-99.2093160299033,19.512306800074],[-99.2092575403656,19.5124090201207],[-99.2092550042425,19.512411419322],[-99.209194680296,19.5124684800014],[-99.2090781214063,19.5125787626151],[-99.2090732197075,19.5125834001268],[-99.2089704802572,19.512680630149],[-99.2088607441792,19.5127489607817],[-99.2087059906323,19.5128453231153],[-99.2085237204498,19.5129588196187],[-99.2081438300518,19.5131953797345],[-99.2080950903224,19.513218169679],[-99.2071292902572,19.513669620177],[-99.2070161197899,19.5137314598391],[-99.2065983198009,19.5139597797577],[-99.206174150265,19.5141915797128],[-99.2059190297306,19.5143309997164],[-99.2058096197439,19.5144062500396],[-99.205522780395,19.5146035102649],[-99.2052372497638,19.5147998797675],[-99.2051401800651,19.514857549596],[-99.2049605199711,19.5149643097202],[-99.204671649678,19.515135969751],[-99.2043350604001,19.5150341996709],[-99.2039065795526,19.5149046304228],[-99.203531519754,19.5147912304301],[-99.2032326067661,19.5147008493974],[-99.2029413102129,19.5146127700816],[-99.2029408542434,19.5146126338652],[-99.2029407906035,19.5146126145629],[-99.2029404496237,19.51461251038],[-99.2029356375968,19.5146110556414],[-99.2029301207737,19.5146093875832],[-99.2027345996508,19.514550259886],[-99.2026012194446,19.5145099381281],[-99.2025912325262,19.5145069204158],[-99.2025836602259,19.5145046297838],[-99.2025835661995,19.5145046008566],[-99.2025834664405,19.5145045718234],[-99.2025832660418,19.5145045101157],[-99.2025826021056,19.5145043084254],[-99.2025817890834,19.5145040595705],[-99.202579919833,19.5145034902984],[-99.2018966196196,19.5142968799804],[-99.2018891583798,19.5142946276191],[-99.201888649245,19.5142944741031],[-99.201888140129,19.5142943196813],[-99.201704519535,19.5142388002662],[-99.200974739961,19.5140181196926],[-99.2008001702736,19.5139653395799],[-99.2002961503177,19.5138129197424],[-99.2001730899577,19.5137757095959],[-99.2001586503452,19.5137713396135],[-99.2001032502385,19.5137545803113],[-99.1999688800834,19.5137139497188],[-99.1997387924807,19.5136443705811],[-99.1993878004356,19.5135382301489],[-99.1991748497253,19.5134738296099],[-99.19906843224,19.5134416538628],[-99.1990583999364,19.5134386196708],[-99.1990361060092,19.5134318783302],[-99.1987996800953,19.5133603796306],[-99.198644880428,19.5133135702781],[-99.1969423203638,19.5127987102895],[-99.1967204898268,19.5127316295562],[-99.1966310917542,19.5127045997702],[-99.196622659071,19.5127020500132],[-99.1940336903796,19.5119190596261],[-99.194006280229,19.5119107698796],[-99.1939183498893,19.5118841762643],[-99.1920314896493,19.5113134901857],[-99.1919038954143,19.5112749085979],[-99.1918979495344,19.5112731107323],[-99.1914984202203,19.5105795203382],[-99.1906745396476,19.510410049987],[-99.1903928000401,19.5103520896903],[-99.1896897387629,19.5102074516444],[-99.1896896017127,19.5102074237223],[-99.1889531801921,19.5100559199801],[-99.1889291700683,19.5100509695605],[-99.1885516197007,19.509973309884],[-99.1884311399255,19.5099485204494],[-99.1874967262726,19.5095656728373],[-99.1874689176471,19.5095542787103],[-99.1874641554032,19.5095523277756],[-99.1874394704152,19.5095422142828],[-99.1873825197528,19.5095188801033],[-99.1873694394749,19.5095135209848],[-99.1870002601968,19.509362249766],[-99.186986767417,19.5093567352213],[-99.1869865873395,19.5093566620896],[-99.1869865296052,19.5093566347341],[-99.1865616597651,19.5091593814152],[-99.1861666495858,19.508975970109],[-99.1861060626445,19.5089478398313],[-99.1860057490028,19.508901264696],[-99.1853850201424,19.5086130597921],[-99.185221370378,19.5085370798457],[-99.1851289086389,19.5085067119476],[-99.1846168878189,19.5083385460545],[-99.1842507707707,19.5082183057391],[-99.1838278499868,19.5080793999229],[-99.1834794497844,19.5079649696405],[-99.1830759400315,19.5078324498789],[-99.1827004896396,19.5077091400975],[-99.1824510920266,19.5075634469979],[-99.1824500637108,19.5075628451138],[-99.1824500240551,19.5075628217185],[-99.1824490383363,19.5075622396595],[-99.1824468496817,19.5075609500555],[-99.1823405188207,19.5074988449205],[-99.1823069697937,19.5074792499949]]]},"properties":{"CVEGEO":"09002","CVE_ENT":"09","CVE_MUN":"002","NOMGEO":"Azcapotzalco"}},{"type":"Feature","geometry":{"type":"Polygon","coordinates":[[[-99.1904452668383,19.4704399430826],[-99.190579420009,19.4679363204034],[-99.190660659853,19.4659459999159],[-99.1906707999034,19.4657196601816],[-99.1907038584817,19.4651451046657],[-99.1907311104398,19.4646714503236],[-99.1907127183056,19.4646652616636],[-99.1900141104695,19.4644301996935],[-99.1891419399665,19.4641514597021],[-99.1880002301467,19.4638146200499],[-99.1880034350871,19.4637955113787],[-99.1880262602827,19.4636593999817],[-99.1882443098216,19.4623464900157],[-99.1884832502465,19.4607772600078],[-99.1884628934773,19.460772180913],[-99.1872836197508,19.4604779395452],[-99.1872447407736,19.4604684268551],[-99.1853877198118,19.4600140501086],[-99.1852727698114,19.4600204211674],[-99.1841888492981,19.4598525441881],[-99.1841021798541,19.4598391201713],[-99.1840981397087,19.4598385102553],[-99.1831146301706,19.4596466197623],[-99.1820121497328,19.4594746903255],[-99.1810820295624,19.4593013395966],[-99.1799155401098,19.4591259203904],[-99.1787832800559,19.4589287202924],[-99.1779844002917,19.4587556300198],[-99.1777626903022,19.4587160077038],[-99.1774551697837,19.4586610502796],[-99.1768916201405,19.4585695804508],[-99.1757658801183,19.4583869398895],[-99.175023849601,19.4582667403319],[-99.1746037096303,19.4581986802984],[-99.1737609998891,19.4580628601891],[-99.1711138002124,19.4576322799101],[-99.1683060903126,19.4571766902141],[-99.1674447403266,19.4570316202067],[-99.1656059503026,19.456737460239],[-99.1650601804422,19.4566586602164],[-99.16419054043,19.4565112503264],[-99.1637127700829,19.4564347703303],[-99.1637166490569,19.4564129988727],[-99.1637195174614,19.4563968985589],[-99.1638229195844,19.4558168496241],[-99.1640118200431,19.4542730204128],[-99.1640812298575,19.4537138203527],[-99.1641998301071,19.4526824302652],[-99.1642279699246,19.4523358896644],[-99.1642722604507,19.4518490804108],[-99.1643055801245,19.4506269095779],[-99.1643306204322,19.4499846803028],[-99.1643960296439,19.4496625995936],[-99.1645070496004,19.4491865195773],[-99.1647341695836,19.4481725698564],[-99.1648390803402,19.4476711199835],[-99.1649177402908,19.4472766599466],[-99.1650389799828,19.4466979095843],[-99.1651353698079,19.4462931499192],[-99.1652197396359,19.4459058503992],[-99.165301599868,19.4455370502469],[-99.1653853101039,19.4451841098719],[-99.1655340195786,19.4445866297635],[-99.1657206202135,19.4438204601044],[-99.1657809802104,19.4436486800482],[-99.1659015203765,19.4433848004146],[-99.166414619681,19.4425241802989],[-99.1668896903931,19.4414618596021],[-99.1674182197801,19.4403588302076],[-99.1676395100869,19.439918829808],[-99.1679398799231,19.4392851702086],[-99.1681779695666,19.4387899202019],[-99.1684865498553,19.4381520200924],[-99.1687979703598,19.4376331198124],[-99.1691111402897,19.4371607704312],[-99.1696782202458,19.436325509927],[-99.1705815398519,19.4348919201225],[-99.1711924204449,19.4339804602493],[-99.171433340332,19.4336030902598],[-99.1717467796074,19.4331459795619],[-99.1722090900952,19.432402520301],[-99.1726355200523,19.4316312199508],[-99.1730131504696,19.4309393397599],[-99.1737825695321,19.4295452498143],[-99.1742654203262,19.4288289802513],[-99.1743902502805,19.4286350900164],[-99.1746842602257,19.4281782898811],[-99.1747428499052,19.4280872897721],[-99.1755792296558,19.4268403496008],[-99.1756580899818,19.4267227800868],[-99.1761855095556,19.4259162597357],[-99.1764568295489,19.4254663095784],[-99.1766552297867,19.4251787399371],[-99.1770661200852,19.424523819762],[-99.1776362196222,19.4235956901245],[-99.1776066863816,19.4235904591596],[-99.1769436803954,19.423473019862],[-99.1767820341017,19.4234473263061],[-99.176525884114,19.4234066108123],[-99.1765258393716,19.4234066036332],[-99.1765258013125,19.423406596579],[-99.1765257717899,19.4234065924028],[-99.1762198801701,19.4233579696434],[-99.1759361402806,19.4233319397263],[-99.1756781400224,19.4233384598316],[-99.1752041703164,19.4232078297104],[-99.1750961198206,19.4231592899462],[-99.1750888285572,19.4231386242462],[-99.1750550197686,19.4230428003432],[-99.1752612003793,19.4227496000528],[-99.1752905499465,19.4226944295962],[-99.1753403204355,19.4227213198472],[-99.1754263403583,19.4227349496013],[-99.1755075800174,19.4227217496291],[-99.1755906301469,19.422670890148],[-99.1756613695517,19.4225961503042],[-99.1762734598979,19.4214582201226],[-99.1763461096387,19.4212654303544],[-99.1763537804733,19.4211935799121],[-99.176325490146,19.4211158797849],[-99.1763326203037,19.4210404897063],[-99.1763775098081,19.4209731704176],[-99.1764159400238,19.4208378199597],[-99.1764385802017,19.42068750993],[-99.1764726802133,19.4205627696487],[-99.1765490899226,19.4204538604103],[-99.1766169998602,19.4203773104108],[-99.1766450154713,19.420339239806],[-99.176673030093,19.4203011700856],[-99.1767447199581,19.4202262900476],[-99.176856170356,19.4201582602545],[-99.1769859200769,19.4201305797186],[-99.1771482800578,19.42002695008],[-99.177493740132,19.4194685197945],[-99.1776299244571,19.4193771698022],[-99.177766109554,19.4192858197143],[-99.1778968503668,19.4189541099423],[-99.1781004301451,19.4185241501339],[-99.1783292301397,19.4181122797979],[-99.1783292479823,19.418112248415],[-99.1789770001148,19.4169297200164],[-99.1795325195391,19.415931230415],[-99.1797492902476,19.4155471399397],[-99.1803229202516,19.4144654503099],[-99.1805019201942,19.414144860348],[-99.1810056800803,19.4132972503884],[-99.1811424796725,19.4130788895512],[-99.1813600300027,19.4127129704445],[-99.1816238300106,19.4123580599774],[-99.1821492596193,19.4114873998283],[-99.1822931937244,19.4112655740109],[-99.1825208297521,19.4109147503187],[-99.1826582728625,19.4107379981906],[-99.1829389399926,19.4103770603515],[-99.1830102204566,19.4102523399299],[-99.1835010599174,19.4094064904398],[-99.1835476498529,19.4093199204261],[-99.184303910093,19.4078269796565],[-99.1842782038232,19.4078184331954],[-99.1838134228908,19.4076639060865],[-99.1838133270891,19.4076638743982],[-99.1832257861636,19.407468532593],[-99.1824719203383,19.4072178804098],[-99.1806822799959,19.4066485402011],[-99.179819089956,19.4063762297596],[-99.1789162001822,19.4060704900361],[-99.1779467802656,19.405748369818],[-99.1776963670789,19.4056562503308],[-99.1771286495268,19.4054473999712],[-99.1762020298818,19.4051228502872],[-99.1752974003682,19.404824630233],[-99.1748726796942,19.4046805502998],[-99.1743875497393,19.4045214501697],[-99.1741499956697,19.404441046283],[-99.1735728721454,19.4042457069786],[-99.1734665201639,19.404209709873],[-99.1726145096829,19.4039305104113],[-99.1717731801818,19.4036647395698],[-99.1716769101738,19.4036347102592],[-99.1710785396652,19.4034971699365],[-99.1710754394675,19.4034752726161],[-99.1709916130149,19.4028834121856],[-99.1709724498234,19.4027481095748],[-99.1708908673517,19.4023792530007],[-99.1708544897972,19.4022147798238],[-99.1708526593548,19.4022063155912],[-99.1707734904681,19.4018402300648],[-99.1707663701674,19.4017978798977],[-99.1707490532865,19.4017331262606],[-99.1707284898361,19.4016562300801],[-99.170426823672,19.4005281566595],[-99.1703749928482,19.4003343367206],[-99.1703743097225,19.4003317803562],[-99.170363682743,19.4002403036032],[-99.1703591095426,19.4002009398366],[-99.1703946499745,19.3999500597606],[-99.1704355196984,19.3997897997088],[-99.172254349988,19.3992340299267],[-99.1731070902999,19.3989734509858],[-99.1733821399063,19.3988894004255],[-99.1739879198041,19.3987030597869],[-99.1740763499727,19.3986758597006],[-99.1744522803275,19.3985602303266],[-99.1744689998142,19.3985550797372],[-99.1745187502096,19.3985397798119],[-99.175532369712,19.3980941100772],[-99.1760461997512,19.3979805104062],[-99.176640420013,19.3978491497782],[-99.1767231698721,19.3978317100473],[-99.177727509657,19.3976198896265],[-99.1777773700233,19.3976094277411],[-99.1782013102025,19.3975204603924],[-99.1789031702747,19.397369029737],[-99.1795116002292,19.3974003496852],[-99.1801494898268,19.3972719498215],[-99.1809575499634,19.3970959202851],[-99.1812095497595,19.3970925796628],[-99.181713480411,19.3969942896388],[-99.1821012499177,19.3969613999321],[-99.1822427198507,19.3968674295937],[-99.1824632897406,19.3967613398446],[-99.1834167801931,19.3964106002588],[-99.1840970597936,19.3961574200309],[-99.1842990498892,19.3961339212413],[-99.184524910238,19.3961047195893],[-99.1852082900006,19.3959635196077],[-99.1853117496537,19.3959333200378],[-99.185961659592,19.3957520496413],[-99.1863760202194,19.395648599594],[-99.1864896599075,19.3956414499542],[-99.1875486203006,19.3956926498961],[-99.1875981696722,19.3956923097562],[-99.1878221196856,19.395679320318],[-99.1885102197285,19.3956449701235],[-99.1886166802211,19.3956334200919],[-99.1890486925828,19.3955909757957],[-99.1890551697139,19.3955903396406],[-99.1890953998151,19.3956862904235],[-99.1892583200064,19.3960748300145],[-99.1895842800119,19.3968536502518],[-99.1898763797904,19.3975864300516],[-99.1899228004445,19.3977065496381],[-99.190178629544,19.3983152601659],[-99.1903627097278,19.3987559495757],[-99.1904763197303,19.399021750406],[-99.1906140299256,19.3993222299713],[-99.1908194345377,19.3996403365415],[-99.1908258195714,19.3996502298745],[-99.1911536502409,19.4001091703539],[-99.1912818498735,19.4002646898328],[-99.1914914598541,19.4004372599292],[-99.1918878503349,19.400727170172],[-99.1920249400812,19.4008558600304],[-99.1921262855757,19.4009729194253],[-99.1921330302579,19.4009807098757],[-99.1922247402626,19.4011316895995],[-99.192295629943,19.401329369774],[-99.1923180195306,19.4013929101052],[-99.1923446197991,19.4016532797148],[-99.1922716301443,19.4023870302373],[-99.1922484495718,19.402627510417],[-99.1921972002573,19.4030958498529],[-99.192185709571,19.4032380303218],[-99.1922005624129,19.4037160598407],[-99.1922014001709,19.4037430298801],[-99.1923649400929,19.4037250009494],[-99.1924796217191,19.4037123710566],[-99.1929898904107,19.4036561422718],[-99.1937323697626,19.4035768497439],[-99.1938379096388,19.4035645103109],[-99.1941588802931,19.4035270195986],[-99.1943216297921,19.4035074198357],[-99.1945208296,19.4034844795602],[-99.1946581097783,19.4034678201234],[-99.1954496803189,19.403343909818],[-99.1958771496925,19.4032916904422],[-99.1966277497922,19.4032048602531],[-99.1967117199066,19.4031924603414],[-99.1976136498983,19.4030911998869],[-99.1980687202199,19.4030036595792],[-99.1983064303404,19.4029336495917],[-99.1984345501092,19.4028854504496],[-99.198939230046,19.4026628598774],[-99.1995633503405,19.4023982797828],[-99.1998664800032,19.4022787496122],[-99.2005014000407,19.4020326602227],[-99.2009959998358,19.4018429998593],[-99.2014166799143,19.4016820297913],[-99.2015489399883,19.4016466498075],[-99.2019016202953,19.4015561801093],[-99.2022105799706,19.4015274001876],[-99.2024742600261,19.4015021998711],[-99.2030759495414,19.4014337800495],[-99.2037380496522,19.4013657198808],[-99.2045590597884,19.4012765796741],[-99.2050399498918,19.4012149102368],[-99.2061725404034,19.401065580075],[-99.2078452204523,19.4008539200515],[-99.2084150803467,19.4007645099432],[-99.2090484198716,19.4006574302786],[-99.2104392480798,19.4004381324478],[-99.2104484599147,19.4004366795695],[-99.2105100201821,19.4004247102179],[-99.2105146516402,19.4004231338272],[-99.2109451404081,19.4002765997376],[-99.2114754502482,19.4001296899023],[-99.212026620071,19.3999496002473],[-99.2125678296071,19.3998063111817],[-99.2126740903812,19.3997648801478],[-99.2130254001987,19.3995592797666],[-99.2138661800656,19.3991176908928],[-99.2144802187484,19.3988397406047],[-99.2148561097192,19.3987057100809],[-99.2158762201568,19.3983766296624],[-99.2162922497216,19.3982525995735],[-99.2169064499963,19.3980335395927],[-99.2170774491558,19.3979739407052],[-99.2180719795798,19.3976342595903],[-99.2183155804067,19.397554679632],[-99.2195132004815,19.3971704796795],[-99.222060219839,19.396327579919],[-99.2224444289358,19.3962024800031],[-99.2235787689152,19.3958527207622],[-99.2242196186016,19.395746139905],[-99.2249905396303,19.3956327402633],[-99.2251587203672,19.395639140344],[-99.225710339106,19.3956658801449],[-99.2260360800918,19.3956905696944],[-99.2266483801522,19.3957716802169],[-99.2269787688111,19.3958030896075],[-99.2273451402755,19.395795850004],[-99.2277029204499,19.3957308013375],[-99.2281830797855,19.3956450910338],[-99.2292473101416,19.3954168513131],[-99.2297702595436,19.395303429662],[-99.2299812800703,19.3952563109577],[-99.2304911096916,19.3950835197628],[-99.2308544603391,19.394949910257],[-99.2310668804633,19.3948986311605],[-99.231275570295,19.3948721406814],[-99.2315194903143,19.3948690213256],[-99.2319371199492,19.3949066801363],[-99.2322532200741,19.3949334296371],[-99.2325768202402,19.3949035098617],[-99.2328418904689,19.3948144811984],[-99.2354817089666,19.3937431397934],[-99.2358077100462,19.3936260602797],[-99.2360395196194,19.3935624611767],[-99.2362585491021,19.3935404807395],[-99.2364846299146,19.3935455702494],[-99.2370994789406,19.3936046802374],[-99.237382859748,19.3935987208451],[-99.2376034190074,19.3935675111262],[-99.2378426004572,19.3934912602292],[-99.2380281793907,19.3933965100283],[-99.2388075094706,19.3928242499712],[-99.2389212604635,19.392674419779],[-99.2390066294018,19.3924733798531],[-99.2390333197438,19.3922863206349],[-99.2390158886627,19.3917011397581],[-99.2389968304782,19.3910612297344],[-99.239021769334,19.390727941086],[-99.239132830053,19.3904059107644],[-99.2394197090802,19.3895890898651],[-99.2395158298399,19.3893797400261],[-99.2396726501342,19.3891367106449],[-99.2399290503905,19.3888640598655],[-99.2402093796069,19.3886530595932],[-99.2404663695571,19.3884993696594],[-99.241138550271,19.3881412301896],[-99.2413863502424,19.3879817503004],[-99.2421090504677,19.3873546204442],[-99.242678970243,19.3870351795747],[-99.2429452599735,19.3869516903802],[-99.2431981197832,19.3869184598528],[-99.2433258304054,19.3869374896218],[-99.2436446195965,19.3869850900207],[-99.2447517804,19.3873438302793],[-99.2449975697654,19.3873858198802],[-99.2451743387886,19.3874036203028],[-99.2454773703036,19.3873943797206],[-99.2457384596457,19.3873202308723],[-99.245998520214,19.3872302798435],[-99.2462384587399,19.3870851498402],[-99.2465697696936,19.3868288203697],[-99.2476315228776,19.3859740052405],[-99.2476526204079,19.3859570199058],[-99.2476342628074,19.386160843822],[-99.247633229759,19.386172310202],[-99.2476497163177,19.3862166021816],[-99.2476878799959,19.3863191200022],[-99.2477792268799,19.3865041735608],[-99.2477834601408,19.3865127501609],[-99.2479768525398,19.3867579951727],[-99.2479913499854,19.3867763799867],[-99.2481335698445,19.3871193098546],[-99.2482781796445,19.3874684195477],[-99.2483306904388,19.3876851101586],[-99.248403830252,19.388789060347],[-99.2485078903371,19.3901919202716],[-99.2485233996925,19.3903099402617],[-99.2485270899924,19.3904093695792],[-99.2485037396971,19.3905636197196],[-99.2484272310962,19.3906824525717],[-99.2484120902338,19.3907059701632],[-99.2483925790067,19.3907362775827],[-99.2483605502238,19.3907860301622],[-99.2481906199093,19.3911390196546],[-99.2480966498832,19.3913341798956],[-99.2478581788881,19.3917933099529],[-99.2478126196739,19.3918621801912],[-99.2477225389272,19.3919590900364],[-99.2471819698625,19.3924255498514],[-99.2469541403704,19.3926607101715],[-99.2469154904262,19.3928289199038],[-99.2468038287967,19.3931767496459],[-99.2467361401851,19.3935434299494],[-99.2467532498002,19.393706049937],[-99.2468058196319,19.3938506803519],[-99.2468558245642,19.3939710085423],[-99.2468582895343,19.3939769397211],[-99.2469278712928,19.3940670668589],[-99.2469333400624,19.3940741500919],[-99.2470248015611,19.3941703436788],[-99.2470358003227,19.3941819097318],[-99.2472310004589,19.3942516498543],[-99.2476462200789,19.3943067496242],[-99.247808290337,19.3943039799228],[-99.2479907702354,19.3942723098322],[-99.2482009196717,19.3941465398377],[-99.2483690204272,19.3940094003357],[-99.2485430897668,19.3938437498931],[-99.2487389096558,19.3936760296716],[-99.2489032794383,19.3935352497513],[-99.2490594201088,19.3934551796751],[-99.249251619832,19.3934263799045],[-99.2494258603848,19.3934831801839],[-99.2495917803715,19.3935512497827],[-99.249863460449,19.3936306196765],[-99.2499936801103,19.3936554597656],[-99.2502072799552,19.393678860213],[-99.2506254596562,19.3936953199175],[-99.2508667498628,19.3936512502287],[-99.2510284895666,19.3935789096548],[-99.2512793501786,19.3934855999501],[-99.2514759095404,19.3934608201618],[-99.2515930602986,19.3934606501118],[-99.2518947995917,19.3934698797983],[-99.2525566804244,19.3935248798364],[-99.2528846603503,19.3935722200892],[-99.2529546467738,19.3936279647106],[-99.2529608297592,19.3936328895956],[-99.253016773847,19.3937346290685],[-99.2530237797615,19.3937473698429],[-99.2532249695402,19.3939897802985],[-99.2534549204153,19.3942068303467],[-99.2539265504304,19.3946815500316],[-99.2543013396159,19.3949879798455],[-99.254440719779,19.3950761095538],[-99.2545947101618,19.3951587197723],[-99.2547542500996,19.3952167501611],[-99.254847289954,19.3951951099145],[-99.2549064896296,19.3951588596187],[-99.2549466504207,19.3950904897416],[-99.2549282303842,19.394963459839],[-99.2548819703684,19.3948441501667],[-99.2548177503552,19.3947419202486],[-99.2548129266066,19.3947366395487],[-99.2544043800993,19.394289380284],[-99.2543980130558,19.39427620445],[-99.2543706501817,19.3942195802668],[-99.2543577499042,19.394146519641],[-99.2543782196201,19.3940661103184],[-99.2544422801058,19.3939807498584],[-99.2545653401744,19.3938807198264],[-99.2548396795829,19.3937074002426],[-99.2550746001827,19.3936088798292],[-99.2553014504652,19.3935457701943],[-99.2554731103047,19.3935228499775],[-99.255665680358,19.3934943197315],[-99.2558493098047,19.3934509502046],[-99.2559604902529,19.3934018203634],[-99.2560831096891,19.3933153197698],[-99.2565476897863,19.3928982602126],[-99.2566722303546,19.392865249738],[-99.2568081702743,19.392843150267],[-99.2578450296269,19.392760479971],[-99.2583758195891,19.3927055202069],[-99.258471059803,19.392669579974],[-99.2586872600685,19.3924562796453],[-99.2587944302649,19.3924259996898],[-99.2588879102148,19.3924344804463],[-99.2592158800254,19.3925671999778],[-99.2592427825271,19.3925914829939],[-99.2592515196185,19.3925993698767],[-99.2592758801371,19.3926484502908],[-99.2592841097671,19.3927420302288],[-99.2593894895315,19.3931774002671],[-99.2595753997152,19.3937107496786],[-99.2595850502412,19.3937638502798],[-99.259620229759,19.3939572496765],[-99.2596602902271,19.3941312901103],[-99.2596547501763,19.3942284298878],[-99.2596434498928,19.3942770204363],[-99.2596263999681,19.3943130002267],[-99.2595657701247,19.3943922298131],[-99.2594899400113,19.3944678899299],[-99.2592710000485,19.3946042900333],[-99.259184650301,19.3946511198677],[-99.2590015802138,19.39475036974],[-99.2584434003113,19.395052020336],[-99.2581654737488,19.3952482576401],[-99.2576938596962,19.3955812501357],[-99.256354290218,19.3965138597055],[-99.2562150499187,19.3966745401623],[-99.2556835500498,19.3972627098296],[-99.2554070204753,19.3981891997934],[-99.2552506503781,19.3986757795868],[-99.2552068586405,19.3991398903463],[-99.2552465397647,19.3995148496585],[-99.2553683703229,19.4000593697461],[-99.2554049799445,19.4003630797309],[-99.2553562301018,19.4006825496847],[-99.2552972495389,19.4009564234344],[-99.2552580500685,19.4011384499818],[-99.2552429862963,19.4013255498334],[-99.2552278895863,19.4015130496413],[-99.2553647973641,19.4018629737258],[-99.2553697495573,19.4018756300801],[-99.2554042898955,19.402010430253],[-99.2553779328205,19.402247944299],[-99.2553709196418,19.4023111401879],[-99.255372949085,19.4024106527892],[-99.2553745907719,19.4024911347384],[-99.2553763196718,19.4025759097847],[-99.2555690601621,19.4030954301659],[-99.2556718499658,19.4033117199356],[-99.2558079100688,19.4035724196444],[-99.255721072542,19.4036692295462],[-99.2555739517104,19.4038332491765],[-99.2553096197006,19.404127939585],[-99.2548574200165,19.4045542795885],[-99.2543467495933,19.4048631098687],[-99.2537165197609,19.4050114800521],[-99.2533366003356,19.4050945202261],[-99.2528389098868,19.4057391204407],[-99.2522171203575,19.4060431197124],[-99.2516685801326,19.4062326897751],[-99.2509416803767,19.4064164303073],[-99.2506557576504,19.406633841365],[-99.2506135208993,19.4066659572123],[-99.2505706304013,19.406698570413],[-99.25054109836,19.4067365817133],[-99.2504751186827,19.4068215046564],[-99.2503433698794,19.406991079752],[-99.2500714004391,19.4072325501432],[-99.2497426603777,19.4073700600516],[-99.2494136199393,19.4075197497366],[-99.2491818497552,19.4077294502837],[-99.2489548302966,19.4080204300447],[-99.2487505602724,19.4082032095724],[-99.2486943224711,19.4082535311245],[-99.2486794598731,19.4082668301928],[-99.2486363352628,19.408321363016],[-99.2486251887771,19.408335458277],[-99.2485162603158,19.4084732003206],[-99.2483119696193,19.4086485802582],[-99.2480941403693,19.4087327583534],[-99.2479707801826,19.4087804302961],[-99.2476876041123,19.4088018955621],[-99.2475316298891,19.4088137202443],[-99.2466187995916,19.4090781402203],[-99.2460620199212,19.409284179638],[-99.2450242500467,19.4096695396861],[-99.2442259702687,19.4099415802515],[-99.2439913796006,19.4102049100673],[-99.2437001995617,19.4105266803815],[-99.2433620201548,19.4107196901041],[-99.2430147798316,19.4108037498583],[-99.2426814899235,19.4110569200377],[-99.2423312898073,19.411301509641],[-99.2418807500889,19.411480580071],[-99.2414362588342,19.4116658009582],[-99.240830260187,19.4119183202371],[-99.2401651099321,19.4121385499375],[-99.2399118498725,19.4121936798758],[-99.2396225699269,19.4122038504089],[-99.2389181686394,19.4120418211434],[-99.2386380499945,19.4120116501014],[-99.2384003503815,19.4120072907505],[-99.2381050796365,19.412080460058],[-99.2376138188255,19.4122021798593],[-99.2373047098056,19.412359620208],[-99.2370470803956,19.4125548200792],[-99.2369148901788,19.4127066007945],[-99.2367475394634,19.413078690868],[-99.2364973694213,19.4135957708437],[-99.2362029493491,19.4140851114187],[-99.2359339504746,19.4144969098253],[-99.2356701086024,19.4150133795852],[-99.2355740901557,19.4152417103539],[-99.2354472000397,19.4154357998765],[-99.2349495087657,19.4157488198393],[-99.2346271702154,19.4159709200799],[-99.2345048287568,19.4163967199813],[-99.2343841387364,19.4165860906965],[-99.234252578522,19.4166884502505],[-99.2340606291616,19.4167638898254],[-99.2338926890057,19.416767850047],[-99.2337627685853,19.4167233411585],[-99.2336125203913,19.4165848806792],[-99.2334419502286,19.4172217108566],[-99.2333844502989,19.4174826202437],[-99.2333792802462,19.4175602209834],[-99.2333634601799,19.4177976000407],[-99.233234648528,19.4178389101816],[-99.2331911801285,19.418046749683],[-99.2331599103192,19.4181577804515],[-99.2331217693214,19.4182719204505],[-99.2330601691575,19.4183876608101],[-99.2330689998769,19.41848271965],[-99.2330909491765,19.4185859811221],[-99.2330562189912,19.4186604201826],[-99.2329909797792,19.4188940313258],[-99.2329707492734,19.4190229707303],[-99.2329871698815,19.4192631097417],[-99.2329740495934,19.419395030164],[-99.2329105995766,19.4194299104028],[-99.2326352286055,19.4193799411335],[-99.2325455803914,19.419391140084],[-99.2324664199265,19.419420520217],[-99.2324165490783,19.4194735402265],[-99.2323762896121,19.4195673505683],[-99.2323566589171,19.4196847999254],[-99.2323568191971,19.4197927507914],[-99.2321046193891,19.419873110991],[-99.2318171191426,19.4199904809209],[-99.2316755185232,19.4201652614224],[-99.2316262188164,19.4203061708198],[-99.2315697390591,19.4205996496164],[-99.2315591185691,19.4207368807588],[-99.2315071498403,19.4207557114151],[-99.2313068193933,19.4208099514426],[-99.231215998591,19.4208576911054],[-99.2311125391307,19.420933709932],[-99.231060659793,19.4209794905915],[-99.2310246301304,19.4210699203096],[-99.2309685802987,19.4212605406859],[-99.2309580202603,19.4213668001905],[-99.2309262202326,19.4215467407563],[-99.2308912492017,19.4216371409659],[-99.2308434585954,19.4217068903433],[-99.2307700487451,19.4217337997216],[-99.2306638788801,19.4217428499594],[-99.2305330287718,19.4217607198259],[-99.2303895499176,19.4217984896093],[-99.2302855787347,19.4218103509346],[-99.2300982298975,19.4218257098646],[-99.2297619373044,19.4219951403918],[-99.2296828593585,19.422103199707],[-99.2295418787232,19.4221597196362],[-99.2293835390641,19.4222045397612],[-99.2293631203867,19.4222369996004],[-99.2291694599887,19.4224592895528],[-99.2289690903782,19.4226244510204],[-99.2288689387937,19.4227292601621],[-99.2287388500697,19.4229767803562],[-99.2286522489799,19.4231925500609],[-99.2284952590985,19.4233259495537],[-99.2284567989301,19.4234191099737],[-99.2283031189088,19.4235112604123],[-99.2281660791883,19.4235368296139],[-99.2280691087158,19.4235432902074],[-99.2279386903016,19.4235656513628],[-99.2278752296158,19.4236038007904],[-99.2278518503466,19.4236450295712],[-99.2278553401633,19.4236785104267],[-99.2278621389752,19.4237926911897],[-99.2278490503656,19.4239735113083],[-99.2278324497781,19.4240623106314],[-99.2277857397653,19.4241289709282],[-99.2277289796761,19.424182979785],[-99.2276387100436,19.4242211213323],[-99.2275384491186,19.4242498203071],[-99.2274214193028,19.4242531396785],[-99.2271894304229,19.4242573395712],[-99.2270171685502,19.4243195795723],[-99.2267964801242,19.4245391203448],[-99.2266995397578,19.42466589123],[-99.2263307392446,19.4252382214563],[-99.2260698895831,19.4258284302517],[-99.2258705095835,19.426226291011],[-99.2257050589098,19.4264096914108],[-99.2254628795974,19.4265873209534],[-99.225159749043,19.4267139200756],[-99.2248471503141,19.4268491401099],[-99.2246402900013,19.4269657508374],[-99.2244675488322,19.4270800499992],[-99.2243220500381,19.4270184297643],[-99.2237842503772,19.4268096196347],[-99.223245230254,19.4265648898226],[-99.2228036487629,19.4263675208307],[-99.2227719199781,19.4263860300371],[-99.2226684898009,19.4265811200625],[-99.2225616597681,19.4267144597761],[-99.2223282896339,19.4269456208973],[-99.2222744299205,19.4270229699247],[-99.2223129653196,19.4271130450284],[-99.2223202785378,19.4271301411994],[-99.2225422558239,19.4273092062046],[-99.2225520294746,19.4273170900952],[-99.2227034788133,19.4276644804096],[-99.2228685703876,19.4281122011887],[-99.2229558888428,19.4284734811445],[-99.2230000597842,19.4286132910081],[-99.2230203088172,19.4287383510566],[-99.2231064904399,19.4290660799309],[-99.2231526602082,19.4291833210722],[-99.2232094718708,19.4293050430207],[-99.2232103202095,19.4293068609908],[-99.2232858003955,19.4294139096153],[-99.2233783398186,19.4295050600734],[-99.2235534797666,19.4296233199781],[-99.2237134888883,19.4297059699324],[-99.2242990001719,19.4300083797153],[-99.2244307800461,19.4300766496576],[-99.2247683197543,19.4302514896416],[-99.225175150238,19.4304607398205],[-99.2265083799755,19.4310729799497],[-99.2266219098408,19.4311541098384],[-99.226731079573,19.4312456812887],[-99.2268053103604,19.4313247090115],[-99.2268180286948,19.4313382495778],[-99.2268598791249,19.4314442500729],[-99.2268723093896,19.4315859797248],[-99.2268015801414,19.4318919401802],[-99.2266645687688,19.4322711399544],[-99.2264157087012,19.4327641100007],[-99.2261575196498,19.4337191207265],[-99.2261520204685,19.4338594796854],[-99.2261713493207,19.433965341049],[-99.2262149545979,19.4340432880478],[-99.2262250591879,19.4340613506115],[-99.2262956001331,19.4341308297267],[-99.2263932004507,19.4342094811045],[-99.2270198803915,19.4345487807606],[-99.2272094486713,19.4346596896749],[-99.2273317251252,19.434782852587],[-99.2273375788238,19.4347887495548],[-99.2274303203978,19.4349447199647],[-99.2274931499624,19.4350904600636],[-99.2275032503543,19.4352305100188],[-99.2272919035728,19.4358443763843],[-99.227283969835,19.4358674200804],[-99.2273624229418,19.4358739763217],[-99.2280496855286,19.4361979361363],[-99.2281603714104,19.4360459581771],[-99.2286759080779,19.4366875949663],[-99.2286951289215,19.4367115171866],[-99.2285556684566,19.4368010603326],[-99.2285417686794,19.4368099842257],[-99.2286574859288,19.4368701704134],[-99.2295337608277,19.4373259208198],[-99.2295965345383,19.4373585693615],[-99.2296274790352,19.4373746639538],[-99.2290606189565,19.4377511504387],[-99.2289454370699,19.4378261426547],[-99.2286724786537,19.4380038608761],[-99.2285654509718,19.438074032806],[-99.2285096546498,19.4381106146937],[-99.2280987088182,19.4383795495782],[-99.2278513999596,19.4385586801423],[-99.2235842600586,19.441563710367],[-99.2219649998294,19.4426865398887],[-99.2209381997658,19.4434339699526],[-99.2205828203954,19.4436753195546],[-99.2201358301077,19.4438108197444],[-99.2197374895357,19.4438472604293],[-99.2195057503208,19.443868480275],[-99.2186892897525,19.4439730599014],[-99.21817967983,19.4440575100375],[-99.2181329497608,19.4441118299699],[-99.2181499272521,19.4441480176488],[-99.2181537800776,19.4441562297827],[-99.218216340374,19.4442350299378],[-99.2183048300312,19.444299059609],[-99.2192257801003,19.4447741400193],[-99.2194094900164,19.4449057102357],[-99.2195361695333,19.44501720033],[-99.21963775014,19.4451199497219],[-99.2197609199603,19.445249779884],[-99.2198471495636,19.4453541607082],[-99.2198531801173,19.4453614604484],[-99.2199765504741,19.4455568500116],[-99.2200602803035,19.4457591696996],[-99.2201128802674,19.4459710300628],[-99.2201487202018,19.4461163503322],[-99.2201474000708,19.4462717800664],[-99.2201459698859,19.4464412900672],[-99.220136060428,19.447277320111],[-99.2201276496109,19.4479872803873],[-99.2201156603655,19.4489982303778],[-99.2199547398954,19.4515493398689],[-99.2199592000286,19.4518786198479],[-99.219962940441,19.4521544897608],[-99.2199727796151,19.4528801396493],[-99.2197717098857,19.4528839100102],[-99.2194015403976,19.4529209122444],[-99.219195679881,19.4529414898459],[-99.2190143199947,19.4529718299969],[-99.2188516596111,19.4529990504397],[-99.218582346465,19.4530440963241],[-99.2185410309698,19.4530510071759],[-99.2185225996185,19.4530540898796],[-99.2181999400611,19.453217510289],[-99.2181363997049,19.4532496802366],[-99.2180885498309,19.4532739096723],[-99.217915109965,19.4533617495935],[-99.2173648202676,19.4536711096227],[-99.2169783996955,19.4540672203757],[-99.2169544598857,19.4540917700199],[-99.2167665099008,19.4542844502735],[-99.216421199862,19.4547142898993],[-99.2162739201655,19.4548976497101],[-99.2160770297605,19.4551576895654],[-99.2159747198756,19.4552928199353],[-99.215728339831,19.4556182496294],[-99.2152851200041,19.4562238595826],[-99.2152525803662,19.4563108902358],[-99.2152208296258,19.4563958303081],[-99.2152019999793,19.456446200143],[-99.2151658600855,19.4565428599742],[-99.2148561402597,19.4573713404572],[-99.2142479200029,19.4585588203699],[-99.21422354983,19.4586737795655],[-99.2140445497887,19.4595181100744],[-99.2139393499453,19.4604058502521],[-99.2126393355882,19.4624390790284],[-99.21263148959,19.46245135038],[-99.2129638898943,19.4626216295474],[-99.2135224924661,19.4629077624233],[-99.2135444296727,19.462918999598],[-99.2123930598976,19.4663787397762],[-99.2121483995304,19.4671139101737],[-99.2119418795318,19.4670791800295],[-99.211785280414,19.4670819197566],[-99.2117288204164,19.4671378596022],[-99.2116391999383,19.4674061795835],[-99.211536659852,19.4679933503517],[-99.2114347103976,19.4680008801975],[-99.2113715395545,19.4680364195875],[-99.2109606800288,19.4682675096965],[-99.2107233997388,19.4684808303761],[-99.2105646302895,19.4686583101987],[-99.2104505798673,19.4687857797648],[-99.2099120496416,19.4693816199707],[-99.2089012302739,19.4700565498591],[-99.2088626502244,19.4700823201081],[-99.2087054502025,19.47003446044],[-99.2086926202816,19.4700305497618],[-99.2082115101376,19.469884089977],[-99.2081695714827,19.4698713226614],[-99.2081520470381,19.4698659876713],[-99.2080146032789,19.4698241441858],[-99.2076856596294,19.4697240002199],[-99.2071736496725,19.4695681199502],[-99.2068249696721,19.4712150804281],[-99.2064963398213,19.4713565100438],[-99.2052854200841,19.4720243503652],[-99.2049671998402,19.4721922596786],[-99.204339659913,19.4724027201017],[-99.203444169546,19.4726916499551],[-99.2023268903095,19.4730146501297],[-99.2014470297809,19.4732366204328],[-99.2010150204733,19.473359600125],[-99.2008434555348,19.4733523595594],[-99.2006756786683,19.4733452795555],[-99.2003041385724,19.473241255723],[-99.2000938590093,19.473182381228],[-99.1997648485466,19.4730828011662],[-99.1990887188542,19.4728758914322],[-99.1983688590959,19.4726422512899],[-99.1982911293714,19.4726179695843],[-99.19825543587,19.472606820441],[-99.1979509985994,19.4725117199632],[-99.1978283057443,19.4724748410414],[-99.1977447287664,19.4724497202698],[-99.1974603101692,19.4723642296866],[-99.1970832197757,19.4722518203523],[-99.1966583797526,19.472126259925],[-99.1961324899206,19.4719725403027],[-99.1956248903408,19.4718287196662],[-99.1952862441742,19.471727535643],[-99.1952322533772,19.4717114037852],[-99.1951473998706,19.4716860503761],[-99.1949931201542,19.471643166685],[-99.1949267284656,19.4716247121838],[-99.1946158200223,19.4715382898151],[-99.1941337196558,19.4714043203452],[-99.1935148714434,19.4712596016008],[-99.1933456600807,19.4712200304278],[-99.1930102421879,19.4711416021234],[-99.1927227642523,19.4710743832661],[-99.1926956917435,19.4710680526798],[-99.1925701546394,19.4710386990547],[-99.1924952614495,19.4710211866879],[-99.1914105198785,19.4707675402879],[-99.1909558599069,19.4706294804076],[-99.1905841278845,19.4705056082667],[-99.1904442455325,19.4704589955545],[-99.1904452668383,19.4704399430826]]]},"properties":{"CVEGEO":"09016","CVE_ENT":"09","CVE_MUN":"016","NOMGEO":"Miguel Hidalgo"}},{"type":"Feature","geometry":{"type":"Polygon","coordinates":[[[-99.1112411396834,19.5614977699102],[-99.114852948864,19.5575955500712],[-99.11571862955,19.5566602612566],[-99.1156850888355,19.5557557102582],[-99.1156214599287,19.5540396210846],[-99.1184801185975,19.552185220603],[-99.1203734899576,19.5499231800533],[-99.1204363195491,19.5498481209891],[-99.1210357391463,19.5491319505865],[-99.1212176190208,19.5486963198709],[-99.1213097196535,19.5484756807964],[-99.1214629700098,19.5481086203462],[-99.1216337398953,19.547699550576],[-99.1217468804529,19.5474285495755],[-99.1218825697631,19.5471035103676],[-99.1219787486477,19.5468731100373],[-99.1221534889374,19.5465419711839],[-99.1222365493078,19.5463845200001],[-99.1225657098237,19.5457607106283],[-99.1226374503635,19.5456247500607],[-99.1227329703396,19.5454437108344],[-99.123227180845,19.5449710306858],[-99.1233665885431,19.544837695425],[-99.1235072302727,19.5447031799548],[-99.1241909102005,19.5440492811484],[-99.1242139102344,19.5440272801553],[-99.1246428495201,19.5434220002971],[-99.1246929100376,19.5433513403569],[-99.1252881497828,19.54251137032],[-99.1253747101252,19.5423892498532],[-99.1256525702651,19.5420465700845],[-99.1256926002124,19.5419971796467],[-99.1259817998297,19.5416405095613],[-99.1262755101184,19.5413353501108],[-99.1274345699068,19.5401311103583],[-99.1281464203252,19.539391480251],[-99.1299105092387,19.5369938800451],[-99.130277309602,19.5364953513389],[-99.1305745996586,19.5360912897458],[-99.1273676604147,19.5350839100954],[-99.1273779102236,19.5317106613254],[-99.1280829994066,19.5266093710972],[-99.1281836300634,19.5258812904444],[-99.128105628714,19.5252931401705],[-99.1280045788527,19.5245311205718],[-99.1277964202245,19.524363090378],[-99.127733058887,19.5243119508509],[-99.1276153113337,19.5242413654479],[-99.1274975488064,19.5241707706091],[-99.1273843496547,19.524067600796],[-99.1273504002975,19.5240122001322],[-99.1272982494334,19.5239114803295],[-99.1272439390001,19.5238065714394],[-99.1270903200355,19.5235099406375],[-99.1270634802597,19.5234580807991],[-99.1267275199242,19.5228092601258],[-99.1267213995587,19.5227974600573],[-99.126440630471,19.5222551997319],[-99.1264147196069,19.5222051800222],[-99.1261665796007,19.5217259496135],[-99.1261653646921,19.5217236001035],[-99.1261641498027,19.5217212496875],[-99.1259247486295,19.5212588942596],[-99.1258984896098,19.5212081800253],[-99.1257375697265,19.5210249695464],[-99.1253929723922,19.5206326726897],[-99.125276379719,19.5204999404006],[-99.1250628188067,19.5202890505453],[-99.1250536142821,19.5202799614022],[-99.1247710514097,19.5200009494228],[-99.1243645204779,19.519599519607],[-99.1243418486198,19.519577140245],[-99.1242475197303,19.5194840009103],[-99.1241919515342,19.5194291275985],[-99.1240060800651,19.5192455806597],[-99.1238884296409,19.5191293995617],[-99.1210147194441,19.5162916502303],[-99.1209818290598,19.5162673412866],[-99.1209720438476,19.5162601078005],[-99.1208731790685,19.5161870304199],[-99.1172414594292,19.513502653624],[-99.1168819196375,19.5132368898398],[-99.1159287693796,19.51305177109],[-99.1144071095335,19.5110608204111],[-99.1105893089564,19.5111731407983],[-99.1105858285664,19.5111718580836],[-99.1105598193586,19.5111622802937],[-99.1102705995339,19.5110558061949],[-99.1102318787674,19.5110415501548],[-99.1099897688213,19.5106188599961],[-99.1098978891545,19.5104584502669],[-99.1094330795468,19.510311970127],[-99.109227420448,19.5105813699643],[-99.1091447491475,19.510742451134],[-99.1089740895922,19.5111103501839],[-99.1088686896236,19.5109309712554],[-99.1087632802908,19.5107515513221],[-99.1087411698493,19.5107088899515],[-99.1086679688396,19.510567680663],[-99.1086456296868,19.5104912798198],[-99.1078385799265,19.5104624902073],[-99.1076999104285,19.5108551399452],[-99.1076807398453,19.5109061807427],[-99.1076355200161,19.5110265498803],[-99.1075118904205,19.5106897506196],[-99.1074631100773,19.5104066205684],[-99.1074426498256,19.5102878002379],[-99.1073886296711,19.5100236606869],[-99.1073664204615,19.5099344501994],[-99.1073042901142,19.5096850003229],[-99.1070938902777,19.5100639110357],[-99.1070423687864,19.5101784008879],[-99.1070122997184,19.5102036490075],[-99.106932979972,19.5102702506949],[-99.1067395200544,19.5104450500208],[-99.1065819386807,19.510426179925],[-99.1064624827312,19.51034365661],[-99.106457798618,19.5103404204081],[-99.1064298898066,19.5103211410695],[-99.1062242486702,19.5102431112325],[-99.1061227792441,19.5101549395542],[-99.1060266302244,19.509993139826],[-99.1059315801087,19.5098863700104],[-99.1055157104278,19.5103281397143],[-99.104809259791,19.5106527700243],[-99.1043871442788,19.5108467302288],[-99.1042029202663,19.5109313795712],[-99.1038600898323,19.5110889199198],[-99.1034307197638,19.5112862196701],[-99.1028283096059,19.511405259944],[-99.1027240901009,19.5114258504218],[-99.1024148200779,19.5114869703975],[-99.1023373945351,19.5115022611384],[-99.1023246895994,19.5115047700605],[-99.102202090468,19.5115289974385],[-99.1021653797687,19.5115362501897],[-99.1013951503328,19.5116884496342],[-99.1010838504481,19.5117499503472],[-99.10097151028,19.5117721503017],[-99.1005884802226,19.5118478302639],[-99.100520540048,19.5118645199758],[-99.0997693397608,19.5120490803073],[-99.0994906497857,19.5121175398434],[-99.0994326299088,19.5121317802663],[-99.0992002596381,19.5121888802603],[-99.098888799549,19.5122654004137],[-99.0986224599669,19.5123308200226],[-99.0983545500655,19.5123966295547],[-99.0982718798497,19.5124169498605],[-99.0978569500761,19.5125188802218],[-99.0973995200564,19.512631249716],[-99.097161600113,19.5125242503535],[-99.0958106798121,19.511916659651],[-99.0956128896825,19.51182772026],[-99.0950217399164,19.5115618503946],[-99.0948955698859,19.5115050901068],[-99.0945096298457,19.5113315201931],[-99.0931790300352,19.5107330604056],[-99.0928973101785,19.5106063502407],[-99.0918938297215,19.5101550204159],[-99.0908880502553,19.5097026302144],[-99.0908498701812,19.5096854568542],[-99.0907498240814,19.5096404561495],[-99.0906749909568,19.5096067957762],[-99.0905973416066,19.5095718685922],[-99.0905579499094,19.5095541498358],[-99.0905267418508,19.5095401166381],[-99.0905124295306,19.509533680434],[-99.0904008379415,19.5094836423444],[-99.090385653365,19.5094768331808],[-99.0903856136082,19.5094768151967],[-99.0903537798664,19.5094623213203],[-99.0903536056891,19.5094622427483],[-99.0903528900281,19.5094619208459],[-99.0902563498116,19.5094184898748],[-99.0901704257505,19.5093888336567],[-99.0901150067312,19.5093697052774],[-99.089960739951,19.5093164604084],[-99.0894926799724,19.5091548899351],[-99.0893433700055,19.5091033502855],[-99.0889434201254,19.5089382504104],[-99.0886204239276,19.5088049023345],[-99.0882974198426,19.5086715497993],[-99.0878239696777,19.5084761099203],[-99.087558000445,19.5083663097643],[-99.0873714902435,19.508289309587],[-99.0872696598463,19.5082472602244],[-99.0869213504284,19.5081034601616],[-99.0864801499897,19.5079213097557],[-99.0857221395313,19.5076083700131],[-99.0854038900611,19.50747697988],[-99.0850705996577,19.5073305704269],[-99.0848995097268,19.5072554196263],[-99.084623259796,19.5071340596908],[-99.0841473801573,19.5069250200719],[-99.0837150803263,19.506735109769],[-99.0832504199327,19.5065309700524],[-99.0827993198709,19.5063328000238],[-99.0827954299807,19.50633111001],[-99.0823359502696,19.5061292497607],[-99.0818879404742,19.5059324299212],[-99.0817737500502,19.5058822801151],[-99.081449279644,19.5057397197004],[-99.0810097403138,19.5055466296649],[-99.0805647195537,19.5053511197446],[-99.0800865197649,19.5051410303587],[-99.0800418603254,19.5051214200201],[-99.0796298002289,19.5049403798494],[-99.0792151697132,19.5047635502101],[-99.0788523696462,19.5046087995962],[-99.0778986200543,19.5042020300556],[-99.0776529696884,19.5040878899772],[-99.0774748801361,19.5040051497057],[-99.0772153698671,19.503884600186],[-99.0764391399155,19.5035880899381],[-99.0760482495758,19.5034387800536],[-99.0759976303301,19.5034193097746],[-99.0756881502315,19.5033001803814],[-99.0752274601702,19.503122879714],[-99.0749019702698,19.5029975800484],[-99.0747712599645,19.5029472803844],[-99.0742783499366,19.5027575702714],[-99.0741385798001,19.5027037696806],[-99.0740220898629,19.5026589401526],[-99.0735050298999,19.5024599196069],[-99.0733291499924,19.5023922196523],[-99.0732226501132,19.5023512296825],[-99.0729824000313,19.5022587503927],[-99.07282283005,19.5021973396699],[-99.0723408600769,19.5020118208288],[-99.0714332200098,19.501662460225],[-99.0706830303192,19.5013736896139],[-99.0701255498573,19.501159109687],[-99.0696797537805,19.5009875021213],[-99.0691928496805,19.5008000597423],[-99.0688125104634,19.5006558495812],[-99.0684250000961,19.5005089102428],[-99.0680919498341,19.5003826202368],[-99.067343630047,19.5000988502945],[-99.0669470203696,19.4999484301048],[-99.0659788801631,19.4995812897339],[-99.0653048190858,19.4993256800082],[-99.0652120303679,19.4992904896376],[-99.0646299995509,19.4990697698229],[-99.0638625397943,19.4987787100285],[-99.0642052798013,19.4980036798559],[-99.0643096604421,19.4977676502157],[-99.0643218202151,19.4977401699585],[-99.0646533198981,19.4969905198971],[-99.064707289821,19.4968684795476],[-99.0648445497969,19.4965580901765],[-99.0649612501115,19.4962942299139],[-99.0651187097705,19.4959381400033],[-99.0652265201969,19.4956943504036],[-99.0652527699808,19.4956349803083],[-99.0652714800945,19.4955926801715],[-99.0654484904128,19.4951923697344],[-99.0655239995658,19.4950216496677],[-99.0659349398229,19.4940923401833],[-99.0661052196466,19.4936775801895],[-99.0661065298522,19.4936743901952],[-99.0661069695964,19.4936733202762],[-99.0661070129782,19.4936732141791],[-99.0661076192109,19.4936717360477],[-99.0661087095638,19.493669080107],[-99.0663010202429,19.4932006501234],[-99.0666338000251,19.492390059707],[-99.0666669100948,19.492309420454],[-99.0667020298949,19.4922238602274],[-99.0667925703013,19.492003320105],[-99.0669465095352,19.4916283397752],[-99.0671051499788,19.4912419103449],[-99.0672497204663,19.4908897500826],[-99.0674412201284,19.4904232901165],[-99.0679525804508,19.4891776296579],[-99.06799134015,19.4890832197552],[-99.0679225704457,19.4890115498873],[-99.0678506799724,19.4889366802043],[-99.0676224201567,19.4883959803038],[-99.067584539895,19.4883062803647],[-99.067513339658,19.4881376500517],[-99.0674867702335,19.4880747100704],[-99.0673100904413,19.4876562502055],[-99.0672780798995,19.487580420145],[-99.0671181499161,19.4872016301765],[-99.0670363803387,19.4870079498442],[-99.0669880896182,19.4868935700123],[-99.0667258001232,19.4862722899375],[-99.0667143404657,19.4862451401083],[-99.0665837400782,19.4859357997472],[-99.0664606203219,19.4856441495625],[-99.0663195700813,19.485310079587],[-99.0662928799612,19.4852468499468],[-99.0661867696573,19.4849955199669],[-99.0660728895487,19.4847257800383],[-99.0660614197645,19.4846985801604],[-99.0659296196959,19.484386429701],[-99.0657846500423,19.4840430298475],[-99.0656628196136,19.4837544495812],[-99.0654641402075,19.4832838299612],[-99.0654084001613,19.4831518003246],[-99.0653855398278,19.4830976504027],[-99.0653769495584,19.4830773096285],[-99.0651528802158,19.4825465395729],[-99.0651450000317,19.4825278800799],[-99.0648528901385,19.481835970217],[-99.0646997396812,19.4816563799992],[-99.0645588804786,19.481550259574],[-99.0645076901746,19.481538969856],[-99.0641765202272,19.4814659098636],[-99.0639961496823,19.4814261195421],[-99.0637470301649,19.4813711673096],[-99.0637463473534,19.4813710153937],[-99.0637457406024,19.4813708812673],[-99.0637452594044,19.4813707740478],[-99.0633104852511,19.4812748564513],[-99.063277820298,19.4812676498989],[-99.0636103704467,19.4799695699112],[-99.0629970498196,19.4798193198346],[-99.0633610197057,19.4786092802291],[-99.0629962804738,19.4777899099393],[-99.0626316889197,19.4769708513252],[-99.062483310009,19.4766374901073],[-99.0624771185988,19.4766235803975],[-99.0618309102289,19.4751717997865],[-99.061442020017,19.4742665802494],[-99.0614120898092,19.4741969202004],[-99.0608592893953,19.4729100904314],[-99.0608003401198,19.4727728796046],[-99.0603970287133,19.471834030431],[-99.0594544494783,19.4696398496933],[-99.0592039804248,19.469082800036],[-99.0591391462907,19.4689386334251],[-99.0591193801259,19.4688946797642],[-99.059119287292,19.4688944658988],[-99.0591189244692,19.4688936586337],[-99.0591183218821,19.4688923183683],[-99.0591180292504,19.4688916674351],[-99.0591178396644,19.4688912441594],[-99.0591172580254,19.4688899514258],[-99.0590955412002,19.4688416488491],[-99.0586581225444,19.467868846432],[-99.0579117789674,19.4662089712017],[-99.0577361086791,19.4658363996623],[-99.057550028676,19.4654417507755],[-99.0571824291534,19.464662089615],[-99.0565687592685,19.46330758294],[-99.0565452000834,19.4632555795891],[-99.0562931192355,19.4626524298358],[-99.0560640797116,19.4621043708037],[-99.0559531386658,19.4618389503715],[-99.0559395099809,19.4618063107865],[-99.0552885789612,19.4602488212063],[-99.0550365697181,19.4596736795478],[-99.0548561197246,19.4592618313441],[-99.0547867790821,19.4591035707092],[-99.0546752589556,19.4588490607055],[-99.0546695094017,19.458835909884],[-99.0544868299814,19.4584189804264],[-99.0544390901407,19.4583100297771],[-99.0543075696384,19.458009880281],[-99.0542906501997,19.4579712498263],[-99.0541280802637,19.4576002001711],[-99.0541163104427,19.4575733504139],[-99.0539479102669,19.4571889996957],[-99.0539382199604,19.4571668901492],[-99.0537673997411,19.4567770303999],[-99.0537487101047,19.456734349946],[-99.0535862802437,19.4563636300381],[-99.0535776504531,19.4563439499031],[-99.0534981703071,19.4561625404511],[-99.0534007797793,19.4559402500721],[-99.0533873204582,19.4559095503517],[-99.0533548467803,19.4558354270763],[-99.0532160299134,19.4555185702642],[-99.0532148809772,19.4555159506287],[-99.0532148290948,19.4555158318081],[-99.0532137102206,19.4555132798192],[-99.0532118583858,19.4555090605892],[-99.0532117628036,19.4555088421384],[-99.0532113804353,19.4555079701467],[-99.0530286898068,19.4550910002033],[-99.0530272595488,19.4550877398201],[-99.0530263311647,19.4550856120323],[-99.0530261527823,19.4550852025665],[-99.0530258277929,19.4550844603772],[-99.0528641585344,19.454715459731],[-99.0528565097824,19.45469799993],[-99.0528426202621,19.4546663103717],[-99.0528225341717,19.45462046804],[-99.0526693673221,19.4542708921722],[-99.0526691935596,19.4542704900461],[-99.052668697284,19.4542693639033],[-99.0526680900375,19.4542679800419],[-99.052535949791,19.4539663699738],[-99.0525335707164,19.4539607802212],[-99.0524923104742,19.4538638200427],[-99.0524911858719,19.4538611809435],[-99.0524901212351,19.4538586843843],[-99.0524901057662,19.4538586487399],[-99.0524900593989,19.4538585399954],[-99.0523165102537,19.4534508302688],[-99.052314979088,19.4534472462077],[-99.0523148936206,19.4534470460784],[-99.052313619871,19.4534440597061],[-99.0521542201519,19.4530695697568],[-99.0521201697206,19.4529896203859],[-99.0519802002958,19.4526607497245],[-99.0519626502335,19.4526195395886],[-99.0518384896618,19.4523278803639],[-99.0518109700206,19.4522632004017],[-99.0517332902183,19.4520807103045],[-99.0511470900713,19.4507035702357],[-99.051119659939,19.4506391103968],[-99.0510750470737,19.4505577696087],[-99.0509234350217,19.4502813420472],[-99.0509035797218,19.450245139996],[-99.0508686214666,19.4501811757901],[-99.0510954557639,19.4499552479374],[-99.0511383202503,19.4499126208961],[-99.051521460343,19.4495117201232],[-99.0519535397702,19.4490612803135],[-99.052047979835,19.4489655095877],[-99.0522580904143,19.4487426000051],[-99.0525643192138,19.4484221503831],[-99.053302289692,19.4481306596874],[-99.0538989704442,19.4479094196266],[-99.0546673704534,19.4476191798289],[-99.0553866637482,19.4473434080808],[-99.0555051795321,19.4472979698658],[-99.0558358044551,19.4471725368753],[-99.0560481386035,19.4470919808065],[-99.0562104347755,19.4470300107168],[-99.0570492164671,19.446709732205],[-99.0573445792272,19.4465969499616],[-99.0579900492705,19.4463609684116],[-99.0579987695786,19.4463577787851],[-99.058596458364,19.4461392455915],[-99.0594807700699,19.445815879875],[-99.0604103685367,19.4454760276813],[-99.0613193723466,19.4451436582216],[-99.0622002210325,19.444821581895],[-99.0622851686367,19.4447905202795],[-99.0626228497481,19.44490940006],[-99.0628068001054,19.4449741699851],[-99.0634334795318,19.4451948003476],[-99.0640251792152,19.4454031401665],[-99.0646547097162,19.4456247696744],[-99.0652489497188,19.4458339796188],[-99.0672282198345,19.4465307803867],[-99.0673836900522,19.4466422902666],[-99.0678024302748,19.446502819819],[-99.0680878599938,19.4464365503152],[-99.068214849826,19.4464262202009],[-99.0683777501042,19.4464401697002],[-99.0685089400057,19.446460180171],[-99.0685956796522,19.4464761803885],[-99.0692423975577,19.4467002582408],[-99.0698446299859,19.4469089199981],[-99.0704422738234,19.447115988849],[-99.0709525823674,19.4472927947765],[-99.0744975802413,19.4485209699671],[-99.0753019401747,19.4487938501326],[-99.0754517996615,19.4488420202588],[-99.0757451897873,19.4489423645465],[-99.0769776801699,19.4493638897106],[-99.0780981703705,19.4497470902959],[-99.0786959196796,19.4497466895962],[-99.0790727195955,19.4497719797546],[-99.079321180228,19.4497954301824],[-99.0803104596278,19.4500711503731],[-99.080591079818,19.4501350498172],[-99.0808767493344,19.4501573204404],[-99.0811531996831,19.4500109107711],[-99.081529490007,19.4497592210409],[-99.0819046024008,19.4494871142716],[-99.0827425201177,19.4488792797029],[-99.0830061389543,19.448689418287],[-99.0838715686187,19.4480661198315],[-99.0842033102259,19.4478271398986],[-99.0853060359641,19.4470783386076],[-99.0853150302651,19.4470722301632],[-99.0868702488934,19.4459696903685],[-99.0871563390303,19.4457668599834],[-99.0873014792456,19.4460580798967],[-99.087531820259,19.4464105210361],[-99.0877434456019,19.4466445528487],[-99.0879348301029,19.4468562007483],[-99.0882236300705,19.4471331198045],[-99.0884732551874,19.4473729212088],[-99.0886461400691,19.4475390011105],[-99.0888578799245,19.4477284807684],[-99.0889977995412,19.4478584001494],[-99.0894048489177,19.4482363496195],[-99.0896888492766,19.4485000608768],[-99.0897533403939,19.4485599398488],[-99.0900641795721,19.448848549724],[-99.090422030112,19.4491808298843],[-99.0906302799133,19.4493741712927],[-99.0908013493681,19.4495330005993],[-99.0911541787171,19.4498606206997],[-99.0912846286052,19.4499817396875],[-99.0914557181638,19.4501405931866],[-99.091551430467,19.4502294602338],[-99.0917703799787,19.4504327397409],[-99.0919257796533,19.4505770497618],[-99.0921323801878,19.4507613996582],[-99.0924883196163,19.4510790603964],[-99.0926534600513,19.4512265204112],[-99.0928985700864,19.4514114296202],[-99.0929845495914,19.4514763196217],[-99.0932197998499,19.4516002298584],[-99.0934509100052,19.4516790302781],[-99.0937265999071,19.4517460202981],[-99.0937798519326,19.4517536204471],[-99.0939353700099,19.4517758001148],[-99.0942195102052,19.4517951696379],[-99.094525050145,19.4517866796112],[-99.0947377095817,19.4517567500197],[-99.0948996499546,19.4517205395862],[-99.0952691101679,19.4516072201859],[-99.0953737498749,19.4515674596514],[-99.0959201204247,19.4513598803381],[-99.0959491800209,19.4513489196751],[-99.0965401501351,19.4511263796961],[-99.0969637802074,19.4509669399811],[-99.0974532204385,19.4507827099461],[-99.0978579802752,19.4506303500648],[-99.0979702504623,19.4505880899583],[-99.0984356802085,19.4504129102875],[-99.0988468896379,19.4502581097889],[-99.0989811404735,19.4502085498495],[-99.0993674681457,19.4500659239663],[-99.0996991998331,19.4499434496526],[-99.0997884004206,19.4499197398777],[-99.1002577995299,19.4498385400035],[-99.100461219999,19.4498275799134],[-99.1005567101625,19.4498275400836],[-99.1007942497305,19.4498370899668],[-99.101073180264,19.4498752303804],[-99.1013375097069,19.4499352898086],[-99.1013662904627,19.4499423999254],[-99.1013957501139,19.4499539199992],[-99.1014434195582,19.4499712600268],[-99.1018634499831,19.450124659614],[-99.1019549724018,19.4501580464354],[-99.1019550017928,19.4501580569672],[-99.1019621000994,19.450160649788],[-99.1022022896315,19.4502484897848],[-99.1025443396424,19.4503730902978],[-99.1030232504012,19.4505475500798],[-99.1031395517552,19.4505899185633],[-99.1034938304111,19.4507189796653],[-99.1038927702865,19.4508648503416],[-99.1041194597715,19.4509477399374],[-99.1043159096035,19.4510195696076],[-99.1047487495389,19.4511778300977],[-99.1053828903052,19.4514096897563],[-99.1055763100594,19.4514804004175],[-99.1060302298326,19.4516448497577],[-99.106447340482,19.451795949705],[-99.1066512600255,19.4518698296347],[-99.1067379887329,19.4519012477823],[-99.1068628496233,19.4519464795689],[-99.1071152792299,19.452037925334],[-99.107286719678,19.4521000301087],[-99.1076954201293,19.452248080321],[-99.107924479762,19.4523310503767],[-99.108117310126,19.4524008901612],[-99.10859298317,19.4525742084025],[-99.1085930210988,19.4525742218148],[-99.1085676815671,19.4526629313504],[-99.108567654697,19.4526630268952],[-99.1085425782501,19.452750818941],[-99.1087123103072,19.4528132301802],[-99.1088912896479,19.4528785503151],[-99.1089458900551,19.4527336295549],[-99.1094610600391,19.4529179397354],[-99.109667089791,19.4529913503063],[-99.1097882666971,19.4530345210243],[-99.1098684302998,19.4530630796374],[-99.1101382002296,19.4531591799795],[-99.1102722902803,19.4532069696452],[-99.1104249701535,19.4532613501856],[-99.1104890367401,19.4532841752829],[-99.1107281697019,19.4533693699229],[-99.1108579689936,19.4534156162487],[-99.1112138900598,19.4535424197988],[-99.1113617195889,19.4535950800586],[-99.111429350069,19.4536204196394],[-99.1116152302518,19.4537061703638],[-99.1117751397204,19.4537812796134],[-99.1118608803996,19.4538297798789],[-99.1120246001587,19.4539368803892],[-99.1121770903499,19.4540497200573],[-99.1122986803444,19.4541397099663],[-99.112631169653,19.4544059397893],[-99.1126943995915,19.4544570599864],[-99.1130315097635,19.4547296301386],[-99.113425780264,19.4550484196984],[-99.1134973100303,19.4551062500068],[-99.1138800901836,19.4553972302172],[-99.1139914288018,19.4554868002182],[-99.1143901994289,19.4558507712551],[-99.1147149499408,19.4561184803223],[-99.1149708000376,19.456318259651],[-99.1154629201874,19.4567025398484],[-99.1158341801182,19.4569924501522],[-99.1160208410843,19.4571381922208],[-99.1161691397382,19.4572539803798],[-99.1162784601742,19.4573393399084],[-99.1167351795733,19.4576959701124],[-99.1169047197047,19.4578283396215],[-99.1169617704765,19.4578728798924],[-99.1170535102465,19.4579386600722],[-99.1171488495222,19.4579998200608],[-99.1172690201716,19.4580670303535],[-99.1173489996984,19.4581074602843],[-99.1174642599452,19.4581578498028],[-99.1175108586713,19.458175719926],[-99.1176878595862,19.4582396599582],[-99.1180054295747,19.4583500200342],[-99.1184513797905,19.4585049801605],[-99.1184961102166,19.4585205406673],[-99.1189696799937,19.4586791095621],[-99.1189786091005,19.4586820409728],[-99.1193870295475,19.4588160798962],[-99.1198134601635,19.4589560195885],[-99.1202610297206,19.4591029099936],[-99.12032356838,19.4591234236472],[-99.1211158300035,19.4593834201134],[-99.1215881398182,19.4595384198739],[-99.1218222556872,19.459615248749],[-99.1219943101165,19.4596717102471],[-99.1221009696044,19.4597156596747],[-99.1221771502809,19.459751919556],[-99.1222415557241,19.4597820367342],[-99.1224112297418,19.4598300499758],[-99.1228717503531,19.4599775797448],[-99.1233064502745,19.4601186502493],[-99.1237186497727,19.4602511200458],[-99.1241623998912,19.4603977097003],[-99.1246223199401,19.4605495997798],[-99.1254647403921,19.4608318300588],[-99.1264054603611,19.4611524602206],[-99.1273775499491,19.4614607796455],[-99.1275506901844,19.4615272501944],[-99.128111419859,19.4618483498167],[-99.1284712202942,19.4620543797971],[-99.128842519661,19.4622669998772],[-99.1291909402018,19.4624665201829],[-99.1295121202432,19.4626504502221],[-99.1304321402457,19.4631957201775],[-99.1309059696651,19.4634767201862],[-99.1314186497065,19.4637832202679],[-99.1324256895956,19.4643757796606],[-99.1328616302068,19.4646414902808],[-99.133120629857,19.4647647799726],[-99.1333366801451,19.464854170449],[-99.1336811397658,19.4649391803454],[-99.1338382601462,19.4649614797577],[-99.1342290795819,19.4649808903058],[-99.1349208497251,19.4650089095673],[-99.1361377395421,19.4650595199733],[-99.1374973402223,19.4651056498862],[-99.1385922796394,19.4651581699284],[-99.1392235498741,19.4651833397627],[-99.1398103197219,19.4652461397243],[-99.1408072602137,19.4653528196941],[-99.1409895701216,19.4653905796794],[-99.1411000504851,19.4654182896065],[-99.141212819789,19.4654683802378],[-99.1413239995711,19.46556650955],[-99.1414244299813,19.4656770900538],[-99.1414793495409,19.4657233698372],[-99.1416500200304,19.4657990002667],[-99.1417404202652,19.4658159402396],[-99.1419326304062,19.4658243696408],[-99.1421419201445,19.4657699496955],[-99.1423703996283,19.4656488198479],[-99.1424715701809,19.4655729101069],[-99.1431181201599,19.4650626902693],[-99.1430546800793,19.4654369197647],[-99.1430797998978,19.4656737501908],[-99.1431034002339,19.4657574898766],[-99.143185019695,19.4660471098071],[-99.1436808604696,19.4672894210709],[-99.1437947608693,19.4676110353756],[-99.1440325409717,19.4682824368077],[-99.1441014296752,19.468476950024],[-99.1441454500132,19.4685819504278],[-99.1443865097897,19.4692100301091],[-99.1444766497323,19.4694564800374],[-99.1446687498093,19.4699727699487],[-99.1448418903413,19.4703977401115],[-99.1448718797689,19.4704755696284],[-99.1449782322871,19.4707748969419],[-99.1450454000892,19.4709639403481],[-99.1452357102863,19.4714396599906],[-99.1454641804729,19.4720103198595],[-99.1456512903104,19.4724797804391],[-99.145894280275,19.4731139801315],[-99.1460871496603,19.4736748902578],[-99.1461206258459,19.4737677619745],[-99.1463621774726,19.4744378938661],[-99.1464564500653,19.4746994300163],[-99.1466796198485,19.4752914195576],[-99.1468786196935,19.4757931498509],[-99.1470487797852,19.4762628597469],[-99.1472422501382,19.4767586604398],[-99.1472822802008,19.4768567996279],[-99.1475020301041,19.4774403402255],[-99.1475861204053,19.4776551201958],[-99.1477736202169,19.4781431097924],[-99.1479020488203,19.4784884302018],[-99.1481095996657,19.4790113799838],[-99.1481853499876,19.4791717100271],[-99.1482877105414,19.4794477273315],[-99.1485355595396,19.4801160525836],[-99.1486605399422,19.480453060333],[-99.1488430301292,19.4809084496427],[-99.1493678079367,19.4823482856106],[-99.1494056602509,19.4824521401594],[-99.1494256332173,19.4825020626301],[-99.1497201197508,19.4832381495498],[-99.1498153143976,19.48349189875],[-99.1500659344643,19.4841599347786],[-99.1504832502681,19.4852722899838],[-99.150889259973,19.4863574497536],[-99.1511976196241,19.4871815396583],[-99.151513279985,19.4880252903763],[-99.1518368300228,19.4888894298452],[-99.1519426742446,19.4891703704533],[-99.1521940074721,19.4898374758675],[-99.1529638197565,19.4918807203239],[-99.1530206796849,19.4920353501613],[-99.1531266149526,19.4923240899022],[-99.1533723347047,19.49299381124],[-99.1539766297397,19.4946408001448],[-99.1541813190947,19.4951987100861],[-99.1543783525393,19.4957332822791],[-99.1546248228888,19.4964019748901],[-99.1557126599338,19.4993532897133],[-99.1558100836937,19.4996175946217],[-99.1560564604846,19.5002859966345],[-99.1563755201404,19.5011515695854],[-99.1565732500278,19.5016627102984],[-99.1569497697761,19.5027172500896],[-99.1571811098996,19.5028488895809],[-99.1577018903685,19.5042073696203],[-99.1577523798258,19.5043390801441],[-99.1578797400864,19.5046712900851],[-99.1583574802584,19.5059174504332],[-99.1584372801228,19.5061255803371],[-99.1588443798237,19.5071875097631],[-99.1588522893941,19.5072081408128],[-99.1590494294663,19.507722350654],[-99.1590494910427,19.5077225140319],[-99.1590495200054,19.5077225916084],[-99.1590495354136,19.5077226317734],[-99.1590495562891,19.5077226847289],[-99.1590495807209,19.5077227504388],[-99.1594604904697,19.5087945400241],[-99.159511153461,19.5089267078575],[-99.1595111888657,19.5089267973364],[-99.1595112241946,19.508926890439],[-99.1595893905522,19.5091307583234],[-99.1596095497949,19.5091833396247],[-99.1601883497255,19.5106930296146],[-99.1606660903398,19.5119390904204],[-99.1608413400217,19.5123961696619],[-99.1608414034563,19.5123963357935],[-99.1608414242954,19.5123963905608],[-99.1608415104609,19.5123966124015],[-99.1608470896358,19.5124111503651],[-99.1609604104669,19.5127067400359],[-99.1609638602075,19.5127157396951],[-99.161068980337,19.5129899397413],[-99.1612567396318,19.5134796302623],[-99.1617750497268,19.5148314203389],[-99.1622344003322,19.5160294898544],[-99.1623019700693,19.5162057097833],[-99.1624801100253,19.5166702801526],[-99.1628885501235,19.5177355400968],[-99.1629751997593,19.5179614898951],[-99.1636295087589,19.5183448695888],[-99.1640979903271,19.5186193634458],[-99.1647340792679,19.5189920608156],[-99.1647341482026,19.5189921010777],[-99.164734226597,19.5189921460485],[-99.1647342634246,19.5189921675832],[-99.1647342907922,19.5189921844092],[-99.1647344201568,19.5189922602425],[-99.1659594299188,19.5197100200943],[-99.1664113499892,19.5199747795766],[-99.1668172503512,19.520212600329],[-99.1672611700178,19.5204727096399],[-99.1673091799777,19.5205008297411],[-99.1673352670404,19.5205161141906],[-99.1677816867729,19.5207776654184],[-99.1677825725302,19.5207781840821],[-99.1677827944001,19.5207783160218],[-99.1677834610406,19.5207787082351],[-99.1682296798675,19.5210401202924],[-99.1686482498247,19.521285350306],[-99.1690877696723,19.5215428598649],[-99.1695039098131,19.5217866799736],[-99.1699626595952,19.522055430431],[-99.1704386903841,19.5222418903055],[-99.1705206802006,19.5222740201104],[-99.1708474902732,19.5224020198469],[-99.1708906295958,19.5224163203613],[-99.1713757201651,19.5225770598946],[-99.1718072002476,19.5227200501115],[-99.1718270300348,19.5227266198547],[-99.1722913997132,19.522880490018],[-99.1725620001657,19.5229701500035],[-99.1727709698929,19.523034050205],[-99.1729994600608,19.5231039203151],[-99.1732354004522,19.5231760799229],[-99.1737054597418,19.5233198202327],[-99.1741822904297,19.5234656195978],[-99.1743129095575,19.5236402200819],[-99.1743882500664,19.5237409402529],[-99.1746307101632,19.5240650296579],[-99.1744500196652,19.5242561195791],[-99.1742064502233,19.5245137099613],[-99.1739937401742,19.524716540191],[-99.1737612502777,19.5249382598926],[-99.1734589200142,19.5252265698163],[-99.1731425398123,19.5255282797184],[-99.173071399889,19.5255961100555],[-99.1723611696126,19.5262733997233],[-99.172139940428,19.526477089946],[-99.1719378500253,19.5266631698471],[-99.1713672798207,19.5271885199354],[-99.1717573099635,19.5274788300793],[-99.1717990382205,19.5275091216156],[-99.1721150198758,19.5277384899354],[-99.1725344764612,19.5280429743243],[-99.1725898496948,19.5280831699214],[-99.1726102203115,19.5280977403839],[-99.1728327498055,19.5282568208985],[-99.1729915196204,19.5283703196663],[-99.1734110227144,19.5286702240915],[-99.1734536803806,19.5287007201666],[-99.1738342298923,19.5289826299224],[-99.1743719998197,19.5293809798392],[-99.1752638302934,19.5300320203428],[-99.1753609496936,19.5300946203677],[-99.175523290472,19.5298445098468],[-99.1757653104566,19.5294716601438],[-99.1761535797914,19.5288735201411],[-99.1761645110882,19.5288790948599],[-99.1762635200551,19.528929579891],[-99.176580610609,19.5290912867144],[-99.1766156198343,19.5291091396709],[-99.1770457403864,19.5293284797531],[-99.1762785697361,19.530642570319],[-99.1763494904513,19.530716379845],[-99.1762644198134,19.5310485498913],[-99.1760637499876,19.5318318900779],[-99.1760114601813,19.5320360496769],[-99.1754236800838,19.5319770601012],[-99.1749541200236,19.5318781096299],[-99.1745264498828,19.531711319932],[-99.1740702897125,19.5315716900976],[-99.1726499503447,19.5309835702599],[-99.1723726898613,19.5308687502269],[-99.1723341203014,19.5308554798381],[-99.1719727427741,19.530731103907],[-99.1719144198346,19.5307110303532],[-99.1716468752943,19.5306189517204],[-99.1714708798431,19.5305583797175],[-99.1704232497392,19.5301978301306],[-99.1703811098921,19.5301833396598],[-99.1699790601329,19.5300449500137],[-99.1698635198036,19.5300051999614],[-99.1691471398774,19.5297586302082],[-99.1687446897756,19.5296201201449],[-99.1686122603177,19.5295745101578],[-99.168134799263,19.5294100276145],[-99.1680036602416,19.5293648499925],[-99.1677286229731,19.5292701074208],[-99.1676724901775,19.5292507701846],[-99.1674359504337,19.5291851201134],[-99.1667160501561,19.5289853704332],[-99.1662529799365,19.52885686003],[-99.1658129201834,19.5287349203747],[-99.1652399501737,19.5285761702004],[-99.1645694004409,19.5283903503939],[-99.1641668304603,19.5282787996552],[-99.1630198495926,19.5279638199714],[-99.1627849803841,19.5278993096044],[-99.1626064600753,19.5278502803872],[-99.1621928902522,19.5277367100091],[-99.1621228299617,19.5277174601326],[-99.1619818879563,19.5276787500182],[-99.1617663503032,19.5276195500204],[-99.1617009213611,19.5276015804329],[-99.1616581400546,19.5275898296967],[-99.1611596899088,19.5274529399861],[-99.1610310800587,19.5274176197573],[-99.1607005996484,19.5273268499852],[-99.1603482002081,19.5272300598872],[-99.1598579803448,19.5270954302405],[-99.1595576495276,19.5270129402168],[-99.1591586501126,19.5269033500381],[-99.1590143501622,19.5270570304488],[-99.1588291396076,19.5272542603926],[-99.1573155401224,19.5278776795755],[-99.1567981202702,19.5280907700491],[-99.1571453998922,19.5282574600696],[-99.1583410900587,19.528751430268],[-99.1585987197032,19.5288578603669],[-99.1585170498351,19.5289642201528],[-99.1584332199664,19.5290733497176],[-99.1584239951047,19.5290853614047],[-99.1583089997659,19.5292350896999],[-99.157468450725,19.530329554585],[-99.1574133746729,19.5304012670852],[-99.1574010002451,19.5304173802977],[-99.1573710200988,19.5304564496489],[-99.1571923099962,19.5306891204192],[-99.1569074301415,19.5310600595847],[-99.1566626195835,19.5313788199459],[-99.1566589228458,19.5313836326209],[-99.1564943201164,19.5315979402158],[-99.1561319698488,19.5320697499708],[-99.1558590362827,19.5324251330577],[-99.1558472501093,19.5324404796516],[-99.1569835802211,19.533071489799],[-99.1570805743068,19.5331253502159],[-99.1578441198206,19.5335493397262],[-99.158438033644,19.5338791345886],[-99.1585134802374,19.5339210295792],[-99.1580449696396,19.5352889999905],[-99.1579341502179,19.5354238501526],[-99.1579187799402,19.535442549956],[-99.1573348599821,19.5361531499336],[-99.1570655398872,19.536480910304],[-99.1566876297222,19.5369408202249],[-99.1560453397357,19.5377224195606],[-99.1553177504505,19.5386078302381],[-99.1546474300374,19.5394235195774],[-99.1541078504101,19.5400801402674],[-99.1539567695734,19.5403057704098],[-99.1539481797757,19.5403185797007],[-99.1535734295941,19.5408782598457],[-99.1533329701052,19.5412373700925],[-99.1532518899658,19.5413657800336],[-99.1532344799569,19.5413933500233],[-99.1529312195289,19.5418736299645],[-99.1526446197724,19.5423275200313],[-99.1523929798137,19.5427260197139],[-99.1522568597831,19.5429416195971],[-99.1520921798693,19.5432024199174],[-99.1520757385257,19.5432284492401],[-99.1520747062387,19.543230083801],[-99.1520746696667,19.5432301411156],[-99.152074100184,19.5432310403182],[-99.1520738500465,19.5432314352868],[-99.1520736008266,19.5432318320852],[-99.1519750790894,19.5433878581211],[-99.1519617096931,19.5434090304141],[-99.1516352900902,19.5439438799114],[-99.1514218500235,19.5442936204387],[-99.151216710059,19.5446297504245],[-99.1510848902395,19.5448457098976],[-99.1510989424441,19.544852367607],[-99.1515202198004,19.5450519496604],[-99.1528756072533,19.5456941193065],[-99.1529208190871,19.5457155397127],[-99.1530264904176,19.5457656206132],[-99.1541824887576,19.546313289653],[-99.1543807687865,19.5464072295679],[-99.1546677397809,19.5465431806994],[-99.1553325804815,19.546858170776],[-99.1553544201536,19.5468685109394],[-99.1554022797667,19.5468896197013],[-99.1558509994354,19.5470875507694],[-99.1565545492779,19.5473978908127],[-99.1570005100302,19.5475946011502],[-99.1575745396805,19.5478478212694],[-99.1580653097926,19.5480642895938],[-99.1581881190337,19.5481184600548],[-99.1586457797447,19.5483203211411],[-99.1585453698777,19.5487491396563],[-99.1585285199493,19.5488210900217],[-99.1592533188361,19.5489555208338],[-99.1593801689872,19.5489802506314],[-99.1593485802246,19.5490882199963],[-99.1592071493064,19.5491658498814],[-99.1592082898843,19.5492023101788],[-99.1592720293862,19.5492137701798],[-99.1595084888113,19.5492303097475],[-99.1596776792027,19.5492194607299],[-99.1597645791331,19.5491752895959],[-99.1599892788553,19.5491265095796],[-99.1600750004721,19.5491078902461],[-99.1608999997501,19.5492608811755],[-99.1592819195436,19.5518830011153],[-99.1580920200225,19.5536914207987],[-99.1575689699448,19.5550473995624],[-99.1577605088293,19.5559509098588],[-99.1580470286565,19.556492880096],[-99.1580955192693,19.5573513400489],[-99.1561437988946,19.5601544506139],[-99.1542382191115,19.5613760609953],[-99.1533326791274,19.5615575508394],[-99.1528087088454,19.5619646597588],[-99.1516164500345,19.5613782597206],[-99.150900628771,19.5605203499681],[-99.1491859196163,19.5620128503173],[-99.1489955697907,19.5623744795662],[-99.146804820088,19.5646354801261],[-99.1459955503311,19.5659012901542],[-99.1458928001104,19.567455890344],[-99.1458904897383,19.5674906496009],[-99.1458073803652,19.5687480500455],[-99.1447604502388,19.5708273704462],[-99.1436651800471,19.5721837698316],[-99.143456849547,19.5723470804067],[-99.1403890501917,19.5747516300858],[-99.1395681395367,19.5753950495573],[-99.1391416804123,19.5784678903895],[-99.1379043798636,19.581134709596],[-99.1348411800554,19.5839087801995],[-99.1337597488329,19.584888109595],[-99.1337608500799,19.5862436302008],[-99.1307103099576,19.587149539656],[-99.1283626298307,19.5880071997121],[-99.1269926003555,19.5885076899649],[-99.1237060897193,19.5927572798017],[-99.1221486498683,19.5924764503974],[-99.1207843500521,19.5922304197967],[-99.119649429899,19.5920257499234],[-99.1195268257214,19.5920036339103],[-99.1194622202042,19.5919919800425],[-99.1189590343303,19.5915446348673],[-99.118721262128,19.5913332480881],[-99.1184538384143,19.5910954979146],[-99.117887850238,19.5905923095817],[-99.1185975696868,19.5844617199946],[-99.1169061403842,19.5814445999015],[-99.1146617197741,19.5797963101444],[-99.1129655701369,19.5737416795708],[-99.1128559499111,19.5732626302467],[-99.1123923397457,19.5712366502946],[-99.1118180495967,19.5687269201542],[-99.1080972204145,19.5648884896345],[-99.1112411396834,19.5614977699102]]]},"properties":{"CVEGEO":"09005","CVE_ENT":"09","CVE_MUN":"005","NOMGEO":"Gustavo A. Madero"}},{"type":"Feature","geometry":{"type":"Polygon","coordinates":[[[-99.2573756601805,19.4011202312824],[-99.2569793501384,19.4004316911542],[-99.2569356300604,19.4004566012787],[-99.2568919098021,19.4004815195435],[-99.2568058002322,19.4005752311976],[-99.256672848773,19.4007199411674],[-99.2565285986573,19.4011392295666],[-99.2563828897278,19.40152208086],[-99.256186660157,19.4020377103319],[-99.2561375985932,19.4021787708549],[-99.2561224886392,19.4022222597133],[-99.2560134798894,19.402535749633],[-99.2560276186743,19.4031245100367],[-99.2560340503461,19.4033925996514],[-99.2560381086578,19.4035614902485],[-99.2558079100688,19.4035724196444],[-99.2556718489929,19.403311720824],[-99.2555690601439,19.4030954310717],[-99.2553763187172,19.4025759097674],[-99.2553745907536,19.4024911356442],[-99.2553729481304,19.4024106527718],[-99.2553709196235,19.4023111410937],[-99.2553779318476,19.4022479451875],[-99.2554042898955,19.402010430253],[-99.2553697495573,19.4018756300801],[-99.2553647964096,19.4018629737085],[-99.2552278886316,19.401513049624],[-99.2552429853234,19.4013255507218],[-99.2552580491138,19.4011384499645],[-99.2552972495389,19.4009564234344],[-99.2553562291289,19.4006825505732],[-99.2554049799445,19.4003630797309],[-99.2553683693683,19.4000593697288],[-99.2552465387918,19.399514850547],[-99.2552068586223,19.3991398912522],[-99.2552506503781,19.3986757795868],[-99.2554070204753,19.3981891997934],[-99.2556835490769,19.397262710718],[-99.2562150489458,19.3966745410508],[-99.2563542892451,19.396513860594],[-99.2576938587416,19.3955812501184],[-99.2584433993567,19.3950520203187],[-99.2590015801956,19.3947503706458],[-99.259184650301,19.3946511198677],[-99.2592710000302,19.3946042909391],[-99.2594899400113,19.3944678899299],[-99.2595657701065,19.3943922307189],[-99.2596263989953,19.3943130011152],[-99.25964344892,19.3942770213247],[-99.2596547501581,19.3942284307936],[-99.2596602892725,19.394131290093],[-99.2596202287862,19.393957250565],[-99.2595850502412,19.3937638502798],[-99.2595753997152,19.3937107496786],[-99.2593894904678,19.3931774011902],[-99.2592841097488,19.3927420311346],[-99.2592758801371,19.3926484502908],[-99.2592515196003,19.3925993707824],[-99.2592158800254,19.3925671999778],[-99.2588879102148,19.3924344804463],[-99.2587944302649,19.3924259996898],[-99.2586872600685,19.3924562796453],[-99.258471059803,19.392669579974],[-99.2583758195891,19.3927055202069],[-99.2578450296269,19.392760479971],[-99.2568081702743,19.392843150267],[-99.2566722303546,19.392865249738],[-99.2565476897863,19.3928982602126],[-99.2560831096891,19.3933153197698],[-99.2559604902529,19.3934018203634],[-99.2558493098047,19.3934509502046],[-99.255665680358,19.3934943197315],[-99.2554731103047,19.3935228499775],[-99.2553014504652,19.3935457701943],[-99.2550746001827,19.3936088798292],[-99.2548396795829,19.3937074002426],[-99.2545653401744,19.3938807198264],[-99.2544422801058,19.3939807498584],[-99.2543782196201,19.3940661103184],[-99.2543577499042,19.394146519641],[-99.2543706501817,19.3942195802668],[-99.2544043800993,19.394289380284],[-99.2548177503552,19.3947419202486],[-99.2548819703684,19.3948441501667],[-99.2549282303842,19.394963459839],[-99.2549466504207,19.3950904897416],[-99.2549064896296,19.3951588596187],[-99.254847289954,19.3951951099145],[-99.2547542500996,19.3952167501611],[-99.2545947101618,19.3951587197723],[-99.254440719779,19.3950761095538],[-99.2543013396159,19.3949879798455],[-99.2539265504304,19.3946815500316],[-99.2534549204153,19.3942068303467],[-99.2532249695402,19.3939897802985],[-99.2530237797615,19.3937473698429],[-99.2529608297592,19.3936328895956],[-99.2528846603503,19.3935722200892],[-99.2525566804244,19.3935248798364],[-99.2518947995917,19.3934698797983],[-99.2515930602986,19.3934606501118],[-99.2514759095404,19.3934608201618],[-99.2512793501786,19.3934855999501],[-99.2510284895666,19.3935789096548],[-99.2508667498628,19.3936512502287],[-99.2506254596562,19.3936953199175],[-99.2502072799552,19.393678860213],[-99.2499936801103,19.3936554597656],[-99.249863460449,19.3936306196765],[-99.2495917803532,19.3935512506885],[-99.2494258603848,19.3934831801839],[-99.249251619832,19.3934263799045],[-99.2490594201088,19.3934551796751],[-99.2489032794383,19.3935352497513],[-99.2487389096558,19.3936760296716],[-99.2485430897668,19.3938437498931],[-99.2483690204272,19.3940094003357],[-99.2482009196717,19.3941465398377],[-99.2479907702354,19.3942723098322],[-99.247808290337,19.3943039799228],[-99.2476462200789,19.3943067496242],[-99.2472310004589,19.3942516498543],[-99.2470358003227,19.3941819097318],[-99.2470248015611,19.3941703436788],[-99.2469333400624,19.3940741500919],[-99.2469278712928,19.3940670668589],[-99.2468582895343,19.3939769397211],[-99.2468058196319,19.3938506803519],[-99.2467532498002,19.393706049937],[-99.2467361401851,19.3935434299494],[-99.2468038287967,19.3931767496459],[-99.2469154904262,19.3928289199038],[-99.2469541394159,19.3926607101542],[-99.2471819698625,19.3924255498514],[-99.2477225389272,19.3919590900364],[-99.2478126196739,19.3918621801912],[-99.2478581788881,19.3917933099529],[-99.2480966498832,19.3913341798956],[-99.2481906199093,19.3911390196546],[-99.2483605502238,19.3907860301622],[-99.2483925790067,19.3907362775827],[-99.2484120902338,19.3907059701632],[-99.2484272310962,19.3906824525717],[-99.2485037396971,19.3905636197196],[-99.2485270899924,19.3904093695792],[-99.2485233996925,19.3903099402617],[-99.2485078903371,19.3901919202716],[-99.248403830252,19.388789060347],[-99.2483306904388,19.3876851101586],[-99.2482781796445,19.3874684195477],[-99.2481335698445,19.3871193098546],[-99.2479913499854,19.3867763799867],[-99.2477834601408,19.3865127501609],[-99.2476878799959,19.3863191200022],[-99.2476497163177,19.3862166021816],[-99.247633229759,19.386172310202],[-99.2476342628074,19.386160843822],[-99.2476526204079,19.3859570199058],[-99.2487808501008,19.3850396914158],[-99.2497469792298,19.3842650510998],[-99.2500340191645,19.3840357999604],[-99.2503250191926,19.3838339401438],[-99.2506809797943,19.3836082000692],[-99.2507703090165,19.3835484895626],[-99.2511889787526,19.38328048037],[-99.2524709496183,19.3824661410863],[-99.2542466501809,19.381334369962],[-99.2546051096261,19.3811058896577],[-99.2549870598817,19.3808656506693],[-99.2557942002781,19.3803544911138],[-99.2560799501831,19.3801735208743],[-99.2569091698949,19.379613059674],[-99.2571473098899,19.3794095199208],[-99.2576524888131,19.3789512298497],[-99.257923079705,19.3787057501113],[-99.258887249832,19.3778442195685],[-99.259096919746,19.3776573335862],[-99.2598042602846,19.3770268501681],[-99.2605968590739,19.3763532199334],[-99.2610298899435,19.376033450108],[-99.2613534898584,19.3758406599755],[-99.2615845702136,19.3757174496144],[-99.2616889787264,19.375661779717],[-99.2618758186371,19.3755710579654],[-99.2620432892845,19.3754897402921],[-99.2629780799418,19.3750389197885],[-99.2632570593891,19.3749563803365],[-99.2634696202508,19.3749094313047],[-99.2637815390514,19.3748584313108],[-99.2650591498594,19.3746669800822],[-99.2656438187968,19.3745793709434],[-99.2663034902015,19.3744741098083],[-99.2663671498933,19.3744563997913],[-99.2664292804456,19.3744357208341],[-99.2664901701501,19.3744119802937],[-99.2665496800731,19.37438524996],[-99.2666076197416,19.3743556006909],[-99.2666638501136,19.3743231097116],[-99.2667181991508,19.3742878808339],[-99.266770549028,19.3742499807939],[-99.2668207403426,19.3742095498767],[-99.266868620183,19.3741666904284],[-99.2669140798334,19.3741214910969],[-99.2669569690916,19.3740741095502],[-99.2669973503697,19.3740244807733],[-99.2672564492351,19.3735936609165],[-99.267330968902,19.3735142810539],[-99.2674070194333,19.3734532812883],[-99.2675009987373,19.3734050212871],[-99.2675771092168,19.3733723195722],[-99.2676666496923,19.3733537803971],[-99.2677456500016,19.3733492901673],[-99.2678284801362,19.3733529208763],[-99.2679310293931,19.3733716197495],[-99.2680067496564,19.3733854605714],[-99.2680803986663,19.3734092601596],[-99.2681477203759,19.3734311113434],[-99.2684095785863,19.3735257808177],[-99.2684865496487,19.3735422898645],[-99.2685604796632,19.3735543800535],[-99.2686236498541,19.373562450095],[-99.268694829543,19.3735653405601],[-99.2687705802373,19.373565970402],[-99.2688370903768,19.3735625205834],[-99.2689095687769,19.3735561703085],[-99.2689738192395,19.373547520173],[-99.2691187398486,19.3735272001956],[-99.2692395197853,19.373510311104],[-99.2693414203823,19.3734898803452],[-99.269437919319,19.3734665701359],[-99.2695238803194,19.3734411212978],[-99.2696509794296,19.3733894606793],[-99.2697776191397,19.3733143396164],[-99.2698496189323,19.3732574009698],[-99.2699179398053,19.3732031812179],[-99.2699772599045,19.3731379707608],[-99.270026889075,19.3730697110082],[-99.2700719099808,19.372997001428],[-99.2701055702601,19.3729212812679],[-99.2701433986624,19.3728102608365],[-99.2701575691006,19.372715170161],[-99.2701610190271,19.3726291408569],[-99.270156650068,19.372503380411],[-99.2701315997455,19.3723559708158],[-99.2700837404679,19.3722038795558],[-99.2697780196803,19.3714443507497],[-99.2688946201331,19.3716674802077],[-99.2683799503843,19.3718088298428],[-99.2682957102985,19.3714628002744],[-99.2682593193696,19.3712337803756],[-99.268227800027,19.3709538508194],[-99.2682414591879,19.3706974507245],[-99.2682514588133,19.3705904512176],[-99.268274909869,19.3704204302282],[-99.268325229625,19.3702520204089],[-99.2683924803361,19.3700526196224],[-99.2686323804548,19.3696078209662],[-99.2689490193367,19.3692411512853],[-99.2691086501329,19.369063850191],[-99.2690160588208,19.3689678008665],[-99.2686183497225,19.3688061204222],[-99.2684506959622,19.368721690255],[-99.2684337799687,19.3687131696608],[-99.2682818804234,19.3687008595573],[-99.2681597391625,19.3687167109794],[-99.2680574292463,19.3687419103774],[-99.2679155195326,19.3687875096668],[-99.2677901694201,19.3688565702362],[-99.2674965501896,19.3690841399153],[-99.2673151692911,19.3692267198254],[-99.2672304872229,19.369312401391],[-99.2671971987369,19.369346081106],[-99.2670992890264,19.3695060509477],[-99.2668679398248,19.3698994903843],[-99.2666465502945,19.3702897409129],[-99.2664451394349,19.3706355101907],[-99.2663953404031,19.3707208312288],[-99.2662994198549,19.3710121106951],[-99.2662673496973,19.3711469498362],[-99.2662454891794,19.3712389406246],[-99.2662226587019,19.3713728007267],[-99.2661802201076,19.3715000611582],[-99.2660735394159,19.3716253201985],[-99.2658037092733,19.3718581402192],[-99.2655882303493,19.3720139198205],[-99.2654919487191,19.3720371698434],[-99.2654066890581,19.3720194509333],[-99.2653147093618,19.3719597497405],[-99.2650749501699,19.3717456496866],[-99.2654506188664,19.3710265702339],[-99.2658044002041,19.370205290132],[-99.2660469693194,19.3696181809712],[-99.2663584891959,19.3688662601753],[-99.2665760602028,19.3683187108516],[-99.2666577993529,19.3680654206528],[-99.2667231090506,19.3678087108392],[-99.2667793189611,19.3675150611568],[-99.2667890489204,19.3670277111488],[-99.2667631390038,19.3668100013226],[-99.2666574790775,19.3661488498131],[-99.2666051501671,19.3657994299147],[-99.2665740604541,19.3656485099834],[-99.2665324800685,19.3655345397692],[-99.26649155018,19.3652797099114],[-99.2664608196556,19.3650198898657],[-99.2664528901162,19.3646900798115],[-99.2664733401416,19.3643942204028],[-99.2665158795671,19.3641653195579],[-99.2665775803884,19.3639609203488],[-99.2668331097597,19.3635452798535],[-99.2659153103673,19.3631979703581],[-99.2656387500774,19.3630669102931],[-99.2653485098077,19.3629293699555],[-99.2651047798265,19.3628424495663],[-99.2648429799783,19.3627608303949],[-99.2642647795924,19.3625992297907],[-99.2637407399175,19.3624501497737],[-99.2632246296603,19.3622840001381],[-99.2628266804127,19.3621310501871],[-99.2625376303514,19.3619898201096],[-99.2622432199793,19.3618178497721],[-99.2619956495595,19.3616678000234],[-99.2618530804479,19.3615621698558],[-99.2616822299326,19.3614295796812],[-99.2614310799181,19.3612191703022],[-99.2612598503148,19.3610444000946],[-99.2611332786724,19.3608257403275],[-99.2610470599001,19.360543139903],[-99.2609104500107,19.359837509629],[-99.2605940299043,19.3583326199516],[-99.2603136200644,19.3569752209742],[-99.2602517191021,19.3564885713415],[-99.2601561396334,19.3558720600791],[-99.2600161995953,19.3552852303072],[-99.2598414898244,19.3542072299202],[-99.2594657400785,19.352817770266],[-99.2594027102157,19.3524788904267],[-99.25924858041,19.3517745499176],[-99.2592308799478,19.3515188202747],[-99.2592373998258,19.3512208196047],[-99.2592689386795,19.3509279202464],[-99.2593247503331,19.3507165701103],[-99.2593860202813,19.3505096302052],[-99.2593769204631,19.3503719702694],[-99.2593754387062,19.3503652002573],[-99.2593651181177,19.3503180394471],[-99.2593492596574,19.3502455698121],[-99.2593307795412,19.3501746799632],[-99.2593079801255,19.3501210797201],[-99.2592669696951,19.3500646301818],[-99.2592214497494,19.3500246295546],[-99.2591531999194,19.3499846596398],[-99.2591174448066,19.3499747117688],[-99.2590871395936,19.3499662798881],[-99.259038420472,19.3499622301355],[-99.2589074610418,19.3499850860904],[-99.2585201013955,19.3500526905772],[-99.2584145100221,19.35007111988],[-99.2583962688184,19.3500727550841],[-99.2583825989167,19.3500739803262],[-99.25835089017,19.3500672208421],[-99.2583234295924,19.3500556201795],[-99.2582887485784,19.3500285102996],[-99.258259090264,19.3499945998319],[-99.2582290800167,19.3499484000001],[-99.2582073997986,19.3498935713135],[-99.2582021499447,19.349848619999],[-99.2581986803375,19.3498042899535],[-99.2582065795868,19.3497599397081],[-99.2582258800625,19.3497101704528],[-99.2582749703954,19.3496481097506],[-99.2583164896382,19.3496118802073],[-99.25862018022,19.3494328602082],[-99.2589921197366,19.3492273796093],[-99.2592275797386,19.3490609402821],[-99.2593259996063,19.3489537402796],[-99.2594153799736,19.3488427102134],[-99.2594975696124,19.3486872799419],[-99.2595673702648,19.3485630000977],[-99.2596384500025,19.3484737103412],[-99.2597199501477,19.3483894897652],[-99.2597983201936,19.3483328598864],[-99.2598990199152,19.3482907998564],[-99.2599894200217,19.3482812899708],[-99.2602110300089,19.3482719097274],[-99.2603611802264,19.3482558602336],[-99.2605702301981,19.3482094499878],[-99.2610183704235,19.3479529401202],[-99.2610795799455,19.3478982501382],[-99.2611319098557,19.3478299401193],[-99.2611230197266,19.3477767102478],[-99.2610734498213,19.3477517404489],[-99.2610151099001,19.3477497395492],[-99.260956799575,19.3477654803782],[-99.2608470203842,19.3478592500366],[-99.2607176897642,19.3479393202578],[-99.260570769891,19.3480122603736],[-99.2603281392297,19.3480660298022],[-99.2601879198328,19.3480648198558],[-99.2600863395854,19.3480526600357],[-99.2598176496948,19.3479794596786],[-99.2597314295385,19.3479719201888],[-99.2596718795443,19.3479742596415],[-99.2595726202388,19.3480073699118],[-99.2592761099067,19.3481233799767],[-99.2591603395454,19.3481823800618],[-99.259070950313,19.3482191502703],[-99.2590130004335,19.3482105702188],[-99.2589743196748,19.3481729996677],[-99.2589691501827,19.3481209199137],[-99.2589975099848,19.3480591698064],[-99.2590317399023,19.3480329098831],[-99.2594356904637,19.3478777201167],[-99.2596057695456,19.3478192301628],[-99.2597203096716,19.3477905396835],[-99.2598190597267,19.3477482903414],[-99.2598999689628,19.3476751395884],[-99.2599740501403,19.347618289631],[-99.2602026796803,19.3475328600637],[-99.260277859601,19.3475178295663],[-99.2603441402894,19.3475229802452],[-99.2604316600498,19.3475365104506],[-99.2605731197374,19.347523829682],[-99.2606270603617,19.3474976296263],[-99.2606658499277,19.3474600797193],[-99.2607248496644,19.3473251700993],[-99.2607723495493,19.3472590297405],[-99.2608741188125,19.3471923701122],[-99.2610067498174,19.3471911802668],[-99.26119333989,19.3471780902762],[-99.2612591395295,19.3471231201477],[-99.2613908800274,19.3470390801789],[-99.2614661797325,19.3470384299845],[-99.2615656903036,19.3470489503024],[-99.2616229201659,19.3470513096175],[-99.2617011496433,19.3470391697575],[-99.2618992804078,19.3469688502721],[-99.2619623703942,19.3469453499123],[-99.262040149693,19.3468903800216],[-99.2620847101437,19.3468270601362],[-99.2621533400466,19.3467578301966],[-99.2622431395324,19.3467026603404],[-99.2623452499583,19.3466732298447],[-99.2624325400982,19.3466666903262],[-99.2625111195968,19.3466860202808],[-99.2625715199499,19.3467055399903],[-99.2626381198648,19.3467392299498],[-99.262735250409,19.3468070499241],[-99.2628232298344,19.3468691995621],[-99.2628926800083,19.3468885197648],[-99.2629739698552,19.3468878595535],[-99.2630609204463,19.3468412898237],[-99.2631476503111,19.3467747404478],[-99.26319537041,19.3467257800789],[-99.2632484904551,19.3466080304286],[-99.2632806186842,19.3465047802806],[-99.2632977797377,19.3464160200783],[-99.263320849771,19.3463071702458],[-99.2633561399659,19.3462267799747],[-99.2634307495215,19.3461517501511],[-99.2635086604355,19.3461052801434],[-99.2636257103992,19.3460670603639],[-99.2637430796421,19.3460545999753],[-99.2638243803255,19.3460453498127],[-99.2639178800224,19.3460530804182],[-99.264026110422,19.3460349498266],[-99.264086139244,19.3460087401618],[-99.2641458599368,19.3459595800694],[-99.2641627991214,19.3458421699014],[-99.2641677499315,19.3457277402306],[-99.2641753199471,19.3455789801977],[-99.2641740902209,19.3454588798027],[-99.2641972597577,19.3453586196536],[-99.2642419203933,19.3453095701213],[-99.2643077204306,19.3452547102772],[-99.2643767096321,19.3452311998211],[-99.2644642196839,19.3452390300328],[-99.2645457699188,19.3452668302333],[-99.2646424500912,19.3452917402787],[-99.2647088201269,19.3453054604217],[-99.2647748500379,19.345279149859],[-99.2648434804696,19.3452070302681],[-99.2648757099934,19.3451181396373],[-99.2648955998737,19.3449949395897],[-99.2648821204414,19.3448492797572],[-99.2648816799072,19.3448034601198],[-99.2648962590544,19.3447576197383],[-99.2649379798417,19.3447057804422],[-99.2649768596321,19.3446768000629],[-99.2650248204683,19.3446535102835],[-99.2650819202795,19.3446415797045],[-99.2651331197734,19.3446354499668],[-99.2652173698186,19.3446232198117],[-99.2653044595907,19.3446024902911],[-99.265409720101,19.3445843503076],[-99.2654667199224,19.344558149659],[-99.2655625800704,19.3444971800478],[-99.2655876797849,19.3444644299664],[-99.2656399193271,19.3443963997823],[-99.2656689800033,19.3442903502861],[-99.2657609102725,19.3441408303124],[-99.2657818296901,19.3441264297801],[-99.2658747695558,19.3440798501386],[-99.2659619498512,19.3440619099191],[-99.2660433698484,19.3440668500449],[-99.2661609700182,19.3440801501809],[-99.2662635395682,19.3440963495392],[-99.2663781786221,19.3441068495828],[-99.2665229198649,19.3441198295898],[-99.2666223204733,19.3441246598123],[-99.2667755203089,19.3440747400349],[-99.2668351204094,19.3440112897071],[-99.2669325797453,19.3438130502337],[-99.2670989999861,19.3435742298028],[-99.2673485202294,19.343214630137],[-99.2676448597044,19.3427172499988],[-99.2679843801429,19.3423167495541],[-99.2681779398536,19.342086280364],[-99.2682317496724,19.3420458200719],[-99.2683035703833,19.3419965403517],[-99.2683453797118,19.3419589699868],[-99.2683811202561,19.3419158198656],[-99.268416969734,19.3418897395673],[-99.2684800604299,19.3418691198501],[-99.2685460898449,19.3418457099564],[-99.268639490062,19.341844849823],[-99.2687268902345,19.3418497797473],[-99.2688294601208,19.3418631802796],[-99.2689381202657,19.341882280457],[-99.2691616788819,19.3419460198032],[-99.2693492901083,19.3420387397581],[-99.2694876895794,19.3420146803812],[-99.26983752031,19.3417513502752],[-99.269980520309,19.3415813196578],[-99.2703611198015,19.3413806799201],[-99.2706963704693,19.3411660900055],[-99.271437769566,19.3408907100545],[-99.2717707403249,19.340741909804],[-99.2720827098614,19.3406047098279],[-99.2723288602712,19.3405195702617],[-99.2724938197898,19.3404437703903],[-99.2726704303685,19.3403335204283],[-99.2728499801842,19.3402090000358],[-99.2729609096905,19.3401537101921],[-99.273129250315,19.3401150302509],[-99.2733064497334,19.3400591096742],[-99.273603230274,19.3399134298428],[-99.273875830307,19.3397594800725],[-99.2742142297054,19.3395505701145],[-99.27450844967,19.3394507198905],[-99.2750216596682,19.3392574503781],[-99.2753934195595,19.3390739698542],[-99.2759878189453,19.3388627804444],[-99.2765817403236,19.3386001503132],[-99.2773199501065,19.3383104798078],[-99.2780062489788,19.3379555400038],[-99.2784981698288,19.3377338198734],[-99.2788439496271,19.3376734602183],[-99.2792078204492,19.3376044898848],[-99.2796478896791,19.3376291202855],[-99.2798672298834,19.3375700495523],[-99.2800374896862,19.3374255498289],[-99.2803139397393,19.3373515498099],[-99.2806391195689,19.3373372298624],[-99.280955860212,19.3373801200498],[-99.2811562501374,19.3374340799889],[-99.2811682494425,19.3373289402147],[-99.2811598597154,19.3372122597869],[-99.2811215196001,19.3370991403331],[-99.2810587804127,19.3370065102714],[-99.2809644202386,19.3369201800154],[-99.2806091795682,19.3367327402166],[-99.2802172303903,19.3365281400112],[-99.280157508887,19.3364552601978],[-99.2801079204158,19.3363608904094],[-99.2800542302283,19.3362479501615],[-99.2800303999344,19.3360981402606],[-99.2800619701678,19.3354544901627],[-99.28009050988,19.335358519871],[-99.2801403796293,19.3352868303961],[-99.2802106496666,19.3352320195687],[-99.2802982599674,19.3351990501005],[-99.2803812887078,19.3351825103812],[-99.2804977803599,19.3351757696593],[-99.280651260208,19.3352105404516],[-99.2818370600394,19.3355536903654],[-99.2819667203458,19.3356071801923],[-99.2820755103008,19.3356490600187],[-99.2822255100959,19.335716429647],[-99.2823825097389,19.3358002796802],[-99.2830205797918,19.3362370895685],[-99.2831560800333,19.3363274002664],[-99.2832995699109,19.336414879887],[-99.2835746795706,19.3365310204132],[-99.2838149796066,19.3366037198518],[-99.2839602498082,19.3366249696555],[-99.2843332200761,19.3366761412583],[-99.2844777401646,19.3366647112895],[-99.2846037688984,19.336646510247],[-99.284713950128,19.3366147502741],[-99.28484921884,19.3365365209796],[-99.2849515495435,19.3364720500065],[-99.2850502895823,19.3363778912603],[-99.2850862594175,19.3363218011599],[-99.2851205501007,19.3362683501719],[-99.2851923704379,19.3361137110073],[-99.2859854003299,19.3342448896205],[-99.2862889996729,19.3335846006337],[-99.2865303787274,19.3331178595513],[-99.2867675192116,19.3326297097285],[-99.2868395095369,19.3324945105537],[-99.2869308190568,19.332322980643],[-99.2872970200001,19.3315792304061],[-99.287439890348,19.3312954601466],[-99.2874977088187,19.3311492604459],[-99.2875199488717,19.3310364610758],[-99.2875234490914,19.3309910900509],[-99.2875263097472,19.3309537697371],[-99.287516308673,19.3308207995692],[-99.2874729799354,19.3306663406895],[-99.2874271120962,19.3305762748463],[-99.2874161080604,19.3305546686874],[-99.287412538651,19.3305476595852],[-99.2873302487088,19.3304320908009],[-99.2871137476618,19.3302085395552],[-99.2871054297716,19.3301999510668],[-99.2867811789629,19.3298515400125],[-99.2866985693373,19.3297708297618],[-99.2867747494037,19.3297389200258],[-99.2869100500309,19.329775539616],[-99.287101348624,19.3298570201973],[-99.2874324794041,19.3300121395776],[-99.2878756800419,19.330223349868],[-99.2879909194248,19.3303005498759],[-99.2880731397532,19.3303816909973],[-99.2881978200238,19.3304908506216],[-99.2883227086768,19.3306697702199],[-99.2883715801751,19.3309079810385],[-99.2883955191154,19.331134400393],[-99.2883706195441,19.3313222905759],[-99.288289179353,19.3315758796836],[-99.2881979549408,19.3318026620145],[-99.2881865993418,19.3318308906043],[-99.2880970802812,19.332015460811],[-99.2878589391301,19.3325106308419],[-99.2876829203213,19.3329598005608],[-99.2876821635674,19.3329629065726],[-99.2876577203031,19.3330633504502],[-99.2876569097866,19.3331533702786],[-99.28767084971,19.3332306600953],[-99.2876951800234,19.3333086311858],[-99.2877296286099,19.333366449912],[-99.2877746596778,19.333411860627],[-99.2878280293466,19.3334479707228],[-99.2878939687122,19.3334717700746],[-99.2879599102088,19.3334781203299],[-99.2880725103912,19.3334593999973],[-99.2881714304607,19.3334155406274],[-99.2882556888784,19.3333611703533],[-99.2883232192071,19.3333040497497],[-99.2885520199794,19.3330853503417],[-99.2888664492638,19.3327847800894],[-99.2894221437857,19.3321392851441],[-99.2894392153883,19.3321194531731],[-99.2894562888942,19.3320996212349],[-99.2897366285971,19.331705031314],[-99.2901477191699,19.3307929501738],[-99.2903178302852,19.3305567799083],[-99.2908254586893,19.3298539408037],[-99.2908644896336,19.3297998908173],[-99.2911767090605,19.3293536908164],[-99.2912643392767,19.3291572596178],[-99.2913222800513,19.3289909410063],[-99.2913665801915,19.328840420614],[-99.2913894196929,19.328675630896],[-99.2913595194655,19.328447340833],[-99.2912670491383,19.3281843211184],[-99.2911207595686,19.3278328503778],[-99.2907989501949,19.3270596811602],[-99.2907747391956,19.3269576500493],[-99.2907764802817,19.3267915110769],[-99.2907824493795,19.3266488805675],[-99.2908088201764,19.3265775407752],[-99.2909298299199,19.3263486812658],[-99.2913384491634,19.3255759997181],[-99.29137027959,19.3255280309263],[-99.2914870003598,19.3253521207246],[-99.2915813687858,19.3251842306412],[-99.2916057664058,19.3251341261613],[-99.2916540600075,19.3250349501758],[-99.2917117190279,19.3248663711],[-99.2917523098895,19.324662910747],[-99.2917618500756,19.3244705402478],[-99.2917538587412,19.3243604302088],[-99.2917412492821,19.3242079406732],[-99.291669570279,19.3237773995628],[-99.2916461901239,19.3236431018684],[-99.2916144588391,19.3234608299105],[-99.2915838601721,19.3233009797047],[-99.2915313999231,19.3229936496945],[-99.2915140593578,19.3229408199615],[-99.2914972292766,19.3228895804557],[-99.2914821489471,19.3228436510248],[-99.291425419194,19.3227403796277],[-99.2913653498045,19.3226701702227],[-99.2913021794434,19.3226164208322],[-99.2911632801887,19.3225246796472],[-99.2908412502148,19.3224136512255],[-99.2906705401482,19.3223155203662],[-99.2905637699039,19.3222245995466],[-99.2904956598058,19.3221347997759],[-99.2904368302847,19.3220105803962],[-99.2904227386191,19.3218953397774],[-99.2904285997542,19.3217616908058],[-99.290451379579,19.321662141294],[-99.2904842286671,19.3215692905863],[-99.290572479941,19.3214548202378],[-99.2907030503969,19.3213495098583],[-99.2907537197574,19.3213282202391],[-99.2910165104722,19.3212539395888],[-99.2914249803662,19.3211668496569],[-99.2917587503055,19.3211030804322],[-99.2919787096359,19.3210636600077],[-99.292159889702,19.3210332497879],[-99.2923898486203,19.3209781103512],[-99.2925931185162,19.3209037214356],[-99.2928059494559,19.3207921813209],[-99.2929870898552,19.3206589102466],[-99.2931434796869,19.3205310503953],[-99.293322489819,19.3203399507196],[-99.2934383396301,19.3201682295858],[-99.2935637797357,19.3198800001869],[-99.293616879738,19.3195647110218],[-99.2937175790714,19.3189684500229],[-99.2937595403669,19.3188314905596],[-99.2938071400623,19.318707400242],[-99.2938926493455,19.3185012300915],[-99.2939897689573,19.3182767409479],[-99.294184939259,19.3178353213326],[-99.2942722602414,19.3176402211886],[-99.2943765099811,19.317415911406],[-99.294518510093,19.3171287199833],[-99.2945354023831,19.3170924216378],[-99.2945757686031,19.3170056906214],[-99.2947403792591,19.3169143414119],[-99.2947726790277,19.3169156909358],[-99.2948462898458,19.3169187706102],[-99.2949212203696,19.316945539972],[-99.2949934202336,19.3170167511981],[-99.2951658286839,19.3173028296262],[-99.295267570147,19.3174496797092],[-99.2953592200948,19.3175359098773],[-99.2954675491214,19.3175637100844],[-99.2955746502247,19.317550320804],[-99.2956717803459,19.3174813713538],[-99.2959151793539,19.3173077202562],[-99.2961248192405,19.3171983795532],[-99.2963453703515,19.3171733699119],[-99.2964613501117,19.3172294012137],[-99.2965186287989,19.3172957799612],[-99.2965543703423,19.3173806499321],[-99.2965434795298,19.3174691503292],[-99.2964438900982,19.3177878795936],[-99.2963942499959,19.3179990900291],[-99.2964014301717,19.318111480376],[-99.2964284185642,19.3182291107127],[-99.2967396897308,19.3186340610658],[-99.296883799934,19.318758279589],[-99.2970984799585,19.3188505701886],[-99.297336219628,19.318912891267],[-99.2975355788248,19.3189468906617],[-99.2977093986258,19.3189874312649],[-99.2979725703852,19.3190968300561],[-99.2981591086873,19.3191854608794],[-99.2982768802438,19.3193092595559],[-99.2984042502195,19.3194402300014],[-99.298570688927,19.3196874301138],[-99.2986918293293,19.3199395100601],[-99.2988119687501,19.3204716012187],[-99.2988488798006,19.3206773506159],[-99.2989954304725,19.3210603806144],[-99.2990784599015,19.3211874210883],[-99.2993151700047,19.3212842813388],[-99.2996149188911,19.3215071100847],[-99.2997418600576,19.3217438813254],[-99.2998082002688,19.3218973201119],[-99.3000428200185,19.3221755100933],[-99.3001058202508,19.3222548895959],[-99.3001678200611,19.3223009798624],[-99.3002160595834,19.3223247199939],[-99.3003452900126,19.3223391499742],[-99.3004092603791,19.3223276501079],[-99.3004663104405,19.3223041100747],[-99.3005125315894,19.322267485116],[-99.300512620801,19.3222674142257],[-99.3005294490257,19.3222540797019],[-99.300562848765,19.3221894803167],[-99.3005714793784,19.322129850176],[-99.3005716496092,19.3220301497845],[-99.3005623404801,19.321910819712],[-99.3005480192809,19.3217813102374],[-99.3005002204372,19.3216390903405],[-99.3004999203139,19.3214794604548],[-99.3005595396887,19.3213203097531],[-99.3005871495727,19.3211412599553],[-99.300629090471,19.3209186602965],[-99.3005942193696,19.3206099401259],[-99.3005972204766,19.3204491997086],[-99.3006684297812,19.3202130196029],[-99.3007312295568,19.3201349698188],[-99.3007977989034,19.3200331998084],[-99.3008472898628,19.3199158503394],[-99.3009882898284,19.3197896502051],[-99.3010543797708,19.3196603401884],[-99.3011098202055,19.3194479504103],[-99.3011030604543,19.3192385700686],[-99.3011377197441,19.3190721102512],[-99.3011732302921,19.3189738199406],[-99.3011891100139,19.3188653699593],[-99.3012495198453,19.3187162201447],[-99.3013435987439,19.3186192897223],[-99.3015077703819,19.3186152895552],[-99.3016106499074,19.3186101100406],[-99.3016904603756,19.3185948000373],[-99.3017437692121,19.3185438200469],[-99.3017756197813,19.3184915796773],[-99.3017949801118,19.3184124302109],[-99.3018054298757,19.3183046497718],[-99.301789369775,19.3182507997578],[-99.3017589698237,19.3181949403806],[-99.3013766301671,19.3178669398086],[-99.3013222302455,19.3178080204117],[-99.3012588192258,19.3177126498817],[-99.3011903987809,19.3174650002224],[-99.3011548200999,19.3171752496572],[-99.3011345696758,19.3170517399851],[-99.3011379989444,19.3169073503332],[-99.300734428614,19.3160744600044],[-99.3006274902732,19.315598249603],[-99.3004380596551,19.3150830500924],[-99.3002309095388,19.3145848602976],[-99.3001027689896,19.3143566501654],[-99.3000368497449,19.313972820239],[-99.300046879838,19.313752569676],[-99.3000759802921,19.3135469203402],[-99.3001406301302,19.3133431495702],[-99.3003208296726,19.3128692202593],[-99.3004717485969,19.3124935802982],[-99.3004901796655,19.3124531103988],[-99.3005380301877,19.3124268901733],[-99.3009151802864,19.3123193204247],[-99.3009755787304,19.3122959699451],[-99.3010297702317,19.3122693400881],[-99.3010900900917,19.3122072501307],[-99.3011144298334,19.3121079700636],[-99.3011728500237,19.3119012800813],[-99.3012662296498,19.3113563100495],[-99.3012554595844,19.3110042502562],[-99.3012580904042,19.309674180029],[-99.3012652489525,19.3095756198042],[-99.3012900200818,19.3095094799421],[-99.301329600455,19.3094582599355],[-99.3013950900381,19.3094382204315],[-99.3014552896828,19.3094381199247],[-99.3014821102143,19.3094460504019],[-99.3016142203678,19.309482280329],[-99.3017121102474,19.3095118301424],[-99.3020206896272,19.3098829202656],[-99.3025690287643,19.3105771398383],[-99.302767088776,19.3107828597875],[-99.3030247200757,19.3110417498616],[-99.3030588802633,19.3110747101503],[-99.3030987803426,19.3111053800518],[-99.3031212304591,19.311123089986],[-99.3031573798954,19.3111383499335],[-99.3032121996941,19.311151260417],[-99.3032594802037,19.3111523700347],[-99.3033017797688,19.3111440502882],[-99.3033628491934,19.3111060003297],[-99.3034187700361,19.3110630799494],[-99.3034524003401,19.3110171802863],[-99.303661549623,19.3106207102955],[-99.3039569501049,19.3100173796289],[-99.3042908503308,19.3094211199522],[-99.3043853200667,19.3093957397083],[-99.3044620904364,19.3093731802655],[-99.3045152600764,19.3093109199175],[-99.3047157103975,19.3092051502332],[-99.3048223997301,19.3092029695622],[-99.3048628797397,19.3091980200403],[-99.3049138785965,19.3091702501376],[-99.3049574802335,19.3091374800622],[-99.3050286801389,19.3090635198874],[-99.3050681803102,19.3089796799788],[-99.305396768704,19.3082442301483],[-99.3056050595866,19.3077944302989],[-99.3057602801825,19.3074521196908],[-99.3057876202324,19.3073992596663],[-99.3058492295567,19.3073203497444],[-99.3059077092574,19.3072471500285],[-99.3059647804417,19.3072092000658],[-99.3060297999808,19.3071857199813],[-99.3060857190417,19.3071715103496],[-99.3061335190266,19.3071693502962],[-99.3061889499565,19.3071771097544],[-99.3062434895739,19.3071878595397],[-99.3063077103417,19.3072052800856],[-99.3063728503223,19.3072393799957],[-99.3064232295565,19.307285999978],[-99.3069622603261,19.3079375800091],[-99.3070200904488,19.3079683201949],[-99.3071055804158,19.3079807703525],[-99.3071814499187,19.3079657698454],[-99.3072542601489,19.3079531203012],[-99.3073111798365,19.3079171803237],[-99.3073590199004,19.3078711699946],[-99.30739382009,19.3078234304136],[-99.3073913702218,19.3068885201174],[-99.3075587099669,19.3064961996487],[-99.3077502598538,19.3059387999656],[-99.3078466198221,19.305747349944],[-99.3079793495208,19.3055651201727],[-99.3081633495394,19.3054378003667],[-99.3083679101538,19.3053069199948],[-99.3086275102247,19.3051567203363],[-99.3087919799224,19.3050961503167],[-99.3088887086335,19.3050855797515],[-99.3089612504183,19.3050854597147],[-99.3090404196123,19.3051040804312],[-99.3091239790048,19.3051415098525],[-99.309207659643,19.3051997503732],[-99.3092934895937,19.3052684603607],[-99.3093706000014,19.3053725797065],[-99.3094193502239,19.3054566904375],[-99.3094415197774,19.3055180001532],[-99.3094441401821,19.3056006295507],[-99.3093585501262,19.3058696200251],[-99.3093322202658,19.306187449839],[-99.3093558599059,19.3064832797426],[-99.3094218598287,19.3067790298708],[-99.3095068799903,19.3069578799737],[-99.3101090804269,19.3075503199804],[-99.3101538299828,19.3075785201182],[-99.3102149400597,19.307580450102],[-99.3102766296146,19.3075615496294],[-99.3103289798853,19.3075338301345],[-99.3103697402257,19.3074996299073],[-99.3104169999218,19.3074560301649],[-99.3104656598912,19.3073759400959],[-99.3106333702751,19.3068904202131],[-99.3106860197868,19.3068098502949],[-99.3107487496379,19.3067606303355],[-99.3108059995472,19.3067342301591],[-99.3108836500764,19.3067446195997],[-99.3109724595581,19.3067953397975],[-99.3112039800893,19.3068762202359],[-99.3113319404324,19.3069035799994],[-99.3114119498408,19.3068979398208],[-99.3115718596202,19.3068051400802],[-99.3117872603213,19.3065644201967],[-99.3119310303221,19.3063961696496],[-99.3120544304019,19.305961680245],[-99.3122288195989,19.3055509196322],[-99.3122808602887,19.3052296303874],[-99.3121401992495,19.3049268599638],[-99.312027260091,19.3045531698911],[-99.3119727203711,19.3043393502549],[-99.3120950891009,19.304168820099],[-99.3122804195377,19.3041684804071],[-99.3128767201125,19.3041783700274],[-99.313095119091,19.3040886799017],[-99.3132648601346,19.3039325803371],[-99.3136043691453,19.3035925495979],[-99.3138846494603,19.3030684601996],[-99.3139153793226,19.3025229201596],[-99.313872149861,19.3019433998828],[-99.3139169101339,19.3015892597013],[-99.3139888795326,19.3014405801079],[-99.3141412796308,19.3013793696025],[-99.3144102001537,19.3013789101344],[-99.314690690185,19.3014527196208],[-99.314797649573,19.3014284903149],[-99.3151431501246,19.3012860800216],[-99.3154355096339,19.3008810303024],[-99.3157747488656,19.3005327699817],[-99.3161051800495,19.300258260334],[-99.3164080798268,19.3000544297257],[-99.316437120288,19.2999972196859],[-99.316437029018,19.299952950241],[-99.316399969886,19.2998755698879],[-99.3162887801106,19.2997310201247],[-99.3161493097805,19.2995947798284],[-99.3159470295349,19.2993760797143],[-99.3158933499434,19.2991735102042],[-99.315936629653,19.2989848300238],[-99.3160127503005,19.2988105395857],[-99.3161102902851,19.2986362202478],[-99.3162333195963,19.2983408297594],[-99.3162336899847,19.2981134299821],[-99.3163592001606,19.2977493096607],[-99.3164640285901,19.297418690216],[-99.3167718000812,19.2970163999254],[-99.3169526297914,19.2964752604339],[-99.317160169626,19.2958164903135],[-99.3171541100185,19.2950864898133],[-99.3169547500736,19.2946472600284],[-99.3171090491192,19.2942523099116],[-99.3170244593417,19.2939696800872],[-99.317069679794,19.2936433103238],[-99.3171226897353,19.2934039396723],[-99.3171068597208,19.2931139397645],[-99.3170447502456,19.2926064901033],[-99.3169601702266,19.2923238600295],[-99.3166810502951,19.2917144601079],[-99.3165575203981,19.2908777402042],[-99.3161423496836,19.2903100297643],[-99.3157350602423,19.2899030599511],[-99.3160403097626,19.2886988202088],[-99.3161981498141,19.2876992502399],[-99.3165800598489,19.2871821103007],[-99.3166738601138,19.2861363801649],[-99.3162495996723,19.2843962901994],[-99.3158173497421,19.2837100497165],[-99.3157319501199,19.2828919199738],[-99.3157292902116,19.282199320228],[-99.3161313095617,19.2807846496571],[-99.3162714901979,19.2797680202852],[-99.316701598825,19.2793050903545],[-99.3169211403636,19.2782465397247],[-99.316848569984,19.2776605104028],[-99.3171552797842,19.2770462499476],[-99.3171187696956,19.2761713095824],[-99.3171890000151,19.2756736601513],[-99.3173835795309,19.2748707098863],[-99.317789739734,19.274335849779],[-99.3187845700438,19.2732249403656],[-99.3236431692346,19.2650866604548],[-99.3236779499677,19.2642744299169],[-99.3235202596929,19.2513913103413],[-99.3235196599614,19.250742880133],[-99.3242282600832,19.2383378799792],[-99.3243559399859,19.2343070002536],[-99.3243202903122,19.2326098001882],[-99.3267196004173,19.2325655701785],[-99.3304740296041,19.2374804796994],[-99.3308214800419,19.2379352899639],[-99.3357720003069,19.2393270801051],[-99.3423409691237,19.241122399574],[-99.3420686795547,19.2475391996637],[-99.3413168786891,19.2521494797118],[-99.3398572301536,19.2596529101985],[-99.3376298498249,19.2640399699798],[-99.3391598895713,19.2676971497801],[-99.3409389799627,19.2677977997306],[-99.3415519988416,19.2680943196563],[-99.3419106498626,19.2681786902204],[-99.3422544295991,19.2682914303764],[-99.3427775800332,19.2684747096489],[-99.3430596599707,19.2685476599222],[-99.3434912000813,19.2688722602161],[-99.3437085202643,19.2689619996864],[-99.3440752004147,19.2691158196162],[-99.3446866000965,19.2694752300027],[-99.3451283800362,19.2699921995905],[-99.3455245103551,19.2704374197447],[-99.345845708974,19.2708067502622],[-99.3461511400986,19.2713078596329],[-99.3462968186904,19.2720221198347],[-99.3464789795886,19.2722293999058],[-99.3475125095969,19.2730267198583],[-99.3482137098716,19.2739609500733],[-99.3561283999598,19.274989349883],[-99.3619219099358,19.2757418603938],[-99.3649242001858,19.2777692502222],[-99.3535813485913,19.2919343096762],[-99.3545360302499,19.2932880198552],[-99.3537158296354,19.2933619198766],[-99.353471600425,19.2933839204198],[-99.3532767102038,19.2934768496325],[-99.3529983695377,19.2936492599756],[-99.3524138201595,19.2939941397825],[-99.3519542797828,19.2941404503225],[-99.3514920898042,19.2941523798852],[-99.3512568380791,19.2949627837404],[-99.3512567307852,19.2949631487979],[-99.3512558594188,19.2949661496659],[-99.3516926908932,19.2952493280144],[-99.3516927342437,19.2952493559552],[-99.3529238196156,19.2960473997973],[-99.353497779911,19.2974018498435],[-99.3499852604409,19.2968371798678],[-99.3562742499973,19.3020145203676],[-99.3563686298632,19.3033334198465],[-99.3566078497625,19.3066757998854],[-99.3338420797183,19.3305903997075],[-99.3334278602668,19.3313711101063],[-99.3327948298585,19.3324156599336],[-99.3323069500951,19.3335181097635],[-99.3319149498523,19.3349542502896],[-99.3318205803467,19.3355372206725],[-99.3316433401067,19.3366321503943],[-99.3316882302969,19.3377935400426],[-99.3315918304469,19.3381090895891],[-99.3314647997059,19.3384265798598],[-99.3311903699382,19.338792219851],[-99.3311916499789,19.3394279103439],[-99.3311519500072,19.3397756298459],[-99.3306663695836,19.3400632204129],[-99.3303304885332,19.3409872304157],[-99.3302005786991,19.3411240803727],[-99.3297274301116,19.3416224597645],[-99.3294877796405,19.3422697102151],[-99.329161350223,19.3429173104102],[-99.3290279497432,19.3433792496387],[-99.3289372296014,19.3436156202472],[-99.3287542800705,19.3438568802771],[-99.3287068903701,19.3442509504365],[-99.3284798804707,19.344717119711],[-99.3282722595682,19.345202430205],[-99.3288813197976,19.3456243500342],[-99.3287982499971,19.346038449684],[-99.3284472896462,19.3468192299169],[-99.3285310499877,19.3476088302807],[-99.3286965400147,19.3478966299961],[-99.3286206495309,19.3483074779169],[-99.3285851703251,19.3484995495838],[-99.3284577786914,19.3489036899547],[-99.3283934193881,19.3491388199814],[-99.3283268800477,19.3494873403159],[-99.328422110379,19.3497064206715],[-99.3286360197275,19.3499653514327],[-99.3288515485876,19.3503562199809],[-99.3287567501385,19.3506432311258],[-99.3287175702591,19.3510076013294],[-99.3286461102292,19.3513815400088],[-99.3288242289353,19.352104649638],[-99.3286740785231,19.3526800012218],[-99.3284844204154,19.3530923798848],[-99.3280412004076,19.3533583514258],[-99.327704649597,19.3536363403695],[-99.3276680487592,19.3540433795676],[-99.3274313400057,19.3541336811816],[-99.3267309401321,19.3538223103559],[-99.3263919993081,19.3536716306849],[-99.3258466491897,19.3545930510988],[-99.3257120802268,19.355001170666],[-99.3255277397763,19.3552581707198],[-99.3253008301445,19.3555344597272],[-99.3250546787532,19.355720349808],[-99.3250385794299,19.3560251196918],[-99.3246763398082,19.3564159700948],[-99.3241456902607,19.3573350311687],[-99.3237635101469,19.357952580775],[-99.3232858191172,19.3583376597992],[-99.322828659016,19.3584991496972],[-99.3222190898881,19.3586609109766],[-99.3220420791208,19.3586202895535],[-99.3215550296047,19.3585085210998],[-99.3207522793079,19.3581987109013],[-99.3204377786071,19.357962509564],[-99.3201436500541,19.3577416004448],[-99.3201082795952,19.3577150497895],[-99.3191522193218,19.3576281504565],[-99.3187648799716,19.357845090091],[-99.3185448802276,19.357994849991],[-99.3181340186765,19.3581564197841],[-99.3184915797548,19.3584752901783],[-99.3206989500811,19.3604437995955],[-99.3195427787332,19.3636180499957],[-99.3193496479203,19.363691045807],[-99.3189285085162,19.3638502204366],[-99.3181182483115,19.364156461032],[-99.3181040674074,19.3642935122907],[-99.3180494895821,19.3648208899612],[-99.3176076302293,19.3657295201982],[-99.3168615498893,19.3663065200673],[-99.3153897498809,19.3658883497694],[-99.3145283797101,19.3672405695773],[-99.3140635996859,19.3683927997116],[-99.3138084496563,19.3693011103567],[-99.3130876495714,19.3704487398922],[-99.3119030152203,19.3704283040815],[-99.3110944255798,19.3704143492612],[-99.3107068899941,19.3704076599012],[-99.3097774894382,19.3711748198274],[-99.3097027423439,19.3712365178104],[-99.3092807489866,19.3715848312359],[-99.308558744418,19.3715735636807],[-99.3077648594807,19.3715611696368],[-99.3061269196978,19.3735999402801],[-99.3051847994676,19.3763158708479],[-99.3051238140755,19.3764916745893],[-99.3050052603439,19.376833430175],[-99.3042909566428,19.3773012109126],[-99.3042766196171,19.3773105998203],[-99.304265226215,19.3773180613818],[-99.3034834301542,19.3778300300166],[-99.3034777428861,19.3778280782413],[-99.3021378449515,19.37736825639],[-99.3019147476253,19.3772916933077],[-99.3018441130202,19.3772674521179],[-99.3017367471756,19.3772306051706],[-99.3016281361771,19.3771933326917],[-99.301556709784,19.3771688207989],[-99.3015026172375,19.3771502571724],[-99.3014753798767,19.3771409098707],[-99.301446948544,19.3771311534247],[-99.3013090500479,19.3770838298934],[-99.301549290132,19.3765773511789],[-99.3015672401545,19.3765395062281],[-99.3015906964501,19.3764900562454],[-99.3018500500003,19.3759432814049],[-99.3019384496225,19.3757569202876],[-99.3015571701244,19.3749243401044],[-99.301357400046,19.3738352602328],[-99.3012588896529,19.3730202496468],[-99.3011503989223,19.3722330901433],[-99.300996579818,19.3719430898479],[-99.3009631402536,19.371769249994],[-99.3009442002889,19.3712222800753],[-99.3008866597118,19.3706180798686],[-99.3009962196111,19.3701016801667],[-99.3012315699074,19.3697004500782],[-99.3005822803871,19.3690589703182],[-99.3005616095928,19.3690385470946],[-99.3004174477587,19.3688961213497],[-99.3004169074365,19.3688955888731],[-99.3004167173585,19.3688954006316],[-99.3004164739217,19.3688951588826],[-99.3004162913171,19.3688949789294],[-99.3004158661763,19.3688945599618],[-99.3004151489041,19.3688938512576],[-99.2996829701549,19.3681704802722],[-99.2990197795852,19.3675152597656],[-99.2987167799004,19.3683017398643],[-99.2986242001888,19.3684940003554],[-99.2984384499843,19.3688797702322],[-99.2984245595896,19.36889544488],[-99.2982684298758,19.3690716300731],[-99.2981748364542,19.369177254024],[-99.2981665098019,19.3691866500579],[-99.2979171400914,19.3693249497115],[-99.2974725701022,19.3694140003371],[-99.2969473401814,19.3693103702258],[-99.2965571703966,19.369233379573],[-99.2963303701023,19.369196879301],[-99.2963155550329,19.3691944939206],[-99.2962383998326,19.3691820796734],[-99.2958162008753,19.3691141359192],[-99.2958107980908,19.3691132663182],[-99.295761919864,19.3691054000315],[-99.2955872902186,19.3690772895912],[-99.2953129497193,19.3693775803262],[-99.2950771699605,19.3695851195981],[-99.2949459097466,19.3697130897354],[-99.2947713403225,19.3698646804349],[-99.2944477999131,19.3699243701436],[-99.2941405203586,19.3700470203923],[-99.2941392759905,19.3700475173082],[-99.2941387293668,19.3700477349525],[-99.2941380325948,19.3700480133354],[-99.2940796295964,19.3700713100429],[-99.2938971420645,19.3701441477305],[-99.2938893698397,19.3701472496828],[-99.2937579495682,19.3704411996201],[-99.2936475201379,19.3706882302833],[-99.2934157099065,19.3712067796522],[-99.2932332203624,19.3719173699294],[-99.293155430393,19.3720220601254],[-99.2929216600559,19.3723366897058],[-99.2926120197159,19.3726601198902],[-99.2922992798165,19.3730103203627],[-99.2922377698603,19.3730791798537],[-99.2920551997477,19.3732835996414],[-99.2918308499976,19.3733967698739],[-99.2916432498643,19.373491379868],[-99.2911757201179,19.3734871999472],[-99.2911368499907,19.3738410800499],[-99.291069629806,19.374020919776],[-99.2907692799411,19.3743172902633],[-99.2906139401332,19.375022539776],[-99.2901258003619,19.3750084602694],[-99.2900262494714,19.3750056066112],[-99.2897975702106,19.3749989998142],[-99.2897153695497,19.3749966302096],[-99.2895722004339,19.3751898497453],[-99.289270689602,19.3751653801306],[-99.2890164202204,19.3751447648723],[-99.2889466799269,19.3751391099304],[-99.2887689702642,19.3751247101032],[-99.2886445099445,19.3751146199887],[-99.2882826603242,19.3755271399953],[-99.2881073498713,19.3757269996054],[-99.2880524802092,19.3757895697044],[-99.2878462599541,19.376268250327],[-99.287808259659,19.3763564300468],[-99.2876679199947,19.3766821702604],[-99.2869093196084,19.3765021200011],[-99.2863961695547,19.3764335496176],[-99.2862231101628,19.3764304498298],[-99.2861348299058,19.3764318898626],[-99.2856970296508,19.3764391104448],[-99.2857078799814,19.3772465203023],[-99.2856686303013,19.3776311104086],[-99.2850718902609,19.3779991812581],[-99.285110859054,19.3788690509332],[-99.285044019731,19.379050859594],[-99.2848457104752,19.379111379848],[-99.284676419738,19.3793498202256],[-99.2845687100142,19.3796882808391],[-99.2844605193126,19.3797609409989],[-99.284231200098,19.3797915096545],[-99.2838112891093,19.3796679700689],[-99.2837711087573,19.3799779505778],[-99.2832978299533,19.3804402803106],[-99.2832106163427,19.3806201247565],[-99.2832061710244,19.3806292908816],[-99.2830568797348,19.3809371413004],[-99.2828304787267,19.3814040012122],[-99.2826648804036,19.3814153111604],[-99.2818471702249,19.3814710808295],[-99.2817728789482,19.381476139876],[-99.2805287399569,19.3820432211781],[-99.2801874289708,19.382198781266],[-99.2801832854112,19.3822006711594],[-99.2800351104002,19.3822682204159],[-99.2800350812767,19.382268244357],[-99.279676985108,19.3826445769275],[-99.2795220893132,19.3828073614469],[-99.2791210889604,19.3832287912358],[-99.2787151999154,19.3835391202682],[-99.278473720419,19.3837237706822],[-99.2760430189027,19.3855822195636],[-99.2760693688053,19.3851921208761],[-99.2760172525332,19.385232440954],[-99.2756714201649,19.3854999997026],[-99.2739453384563,19.3868353958043],[-99.2736851102126,19.3870367201481],[-99.2736028196374,19.3872399406251],[-99.2732149682711,19.387586861728],[-99.2730024587577,19.3883520511149],[-99.2729746786373,19.3885497401776],[-99.2729061188966,19.3890217109449],[-99.2727757500502,19.3893799399476],[-99.2724324902383,19.3896784201981],[-99.2718370893656,19.3897362212929],[-99.2710404893022,19.3899309513005],[-99.2709120984109,19.3899593396782],[-99.2702931800027,19.3900961813538],[-99.2702356178054,19.390108911148],[-99.2702236802969,19.3901115498252],[-99.2697714191299,19.3902666010358],[-99.2695695194424,19.3903838202929],[-99.2695380896999,19.390631780765],[-99.2695906803161,19.3907874602375],[-99.2696187086914,19.3910066507407],[-99.2694774491032,19.3913623106805],[-99.2692526789203,19.3915627398189],[-99.2689936600954,19.391679779944],[-99.2685624595998,19.3919349103654],[-99.2683120498605,19.3921348603528],[-99.2681592934021,19.3924490881257],[-99.2679590154359,19.3924034936046],[-99.2676109697722,19.3924150482721],[-99.267358616379,19.3923308778295],[-99.26710368639,19.3920710009317],[-99.2659895688206,19.3927381370439],[-99.2660003142375,19.3931953186769],[-99.2651096860832,19.3931948160683],[-99.2651021014341,19.3937271818449],[-99.2650156562855,19.3937175999131],[-99.2649131187687,19.3937263622672],[-99.2647916954651,19.3937538133919],[-99.2646964247297,19.3938008699297],[-99.2646209766214,19.3938659530438],[-99.2645723506172,19.3939443162656],[-99.2645428557879,19.3940047997568],[-99.2645149234254,19.3940624209556],[-99.2645108926295,19.3940829933941],[-99.2645045970084,19.3941826921248],[-99.2617179328688,19.3959889360264],[-99.2617185231732,19.3964614743605],[-99.2615766774624,19.3966867908053],[-99.2615552978948,19.3970104749882],[-99.261385551089,19.397038202318],[-99.2613276943087,19.397286956567],[-99.2612715296667,19.3974037060947],[-99.2614136385315,19.397852718367],[-99.2614608224655,19.398261210593],[-99.261455769319,19.398504509319],[-99.2613754833531,19.3988515145908],[-99.2613041109985,19.3990390755508],[-99.2612176883565,19.3993392708341],[-99.2611402200596,19.3996472907916],[-99.260909279979,19.3999582307785],[-99.2604532290803,19.4002510502836],[-99.2598705098287,19.4005400614188],[-99.2594816200463,19.4009319512898],[-99.2592671193348,19.4011851996619],[-99.2590741703393,19.4014627808256],[-99.2592257787829,19.4017650309757],[-99.2590421689224,19.402484340657],[-99.258940880123,19.4032766804097],[-99.2588253997362,19.4037489099659],[-99.2586790493332,19.4040604509204],[-99.2581300497752,19.4047634811076],[-99.2578842489193,19.4048432008556],[-99.2576977401515,19.4048480300898],[-99.2577228889701,19.4046793412672],[-99.2577239692958,19.404508601001],[-99.25777871047,19.4042847501274],[-99.2580053691466,19.403964400341],[-99.2582425202825,19.4030897698602],[-99.2582685387132,19.4026842197455],[-99.2582337395409,19.4025263812695],[-99.2581544591037,19.4024278005674],[-99.2581321992975,19.4023899439291],[-99.2577797087186,19.4017905201361],[-99.2576703069181,19.4016044843813],[-99.2576634004202,19.4015927395689],[-99.2576528957705,19.4015754889744],[-99.2576222599771,19.4015251803005],[-99.2574386341543,19.40122364332],[-99.2573756601805,19.4011202312824]]]},"properties":{"CVEGEO":"09004","CVE_ENT":"09","CVE_MUN":"004","NOMGEO":"Cuajimalpa de Morelos"}},{"type":"Feature","geometry":{"type":"Polygon","coordinates":[[[-99.1476237199229,19.4040145098606],[-99.1468086297635,19.4039811402922],[-99.146026220181,19.4039409402693],[-99.1459097700886,19.4039364195732],[-99.1451631176406,19.403887552358],[-99.144975170239,19.4038752502288],[-99.1448257645226,19.4038675181273],[-99.1441675200593,19.4038334500693],[-99.1434098896995,19.4037936902199],[-99.1427903479458,19.4037635953704],[-99.1426728896324,19.4037578896049],[-99.1425923742859,19.4037533851509],[-99.1417496296739,19.4037062300081],[-99.1408937503257,19.4036575802324],[-99.140168845924,19.4036224891664],[-99.1400472001525,19.4036165997214],[-99.1399682469769,19.403611930417],[-99.139140799675,19.4035629796151],[-99.1383180804565,19.4035159206879],[-99.1382032000783,19.403509349565],[-99.1381160166671,19.40350473186],[-99.1376410197135,19.4034795703639],[-99.1374061504019,19.4034635401666],[-99.1373440602022,19.4034382003897],[-99.1373317203976,19.4034237761682],[-99.137270567653,19.4033522915533],[-99.1372350200213,19.4033107403657],[-99.1372012689431,19.4032401309041],[-99.1371740802256,19.4031832499441],[-99.1371240001158,19.4030615109361],[-99.1370348004818,19.4029581997813],[-99.1368926296712,19.4028838200817],[-99.1367998195174,19.4028568433339],[-99.1367002796292,19.4028279103952],[-99.1365876496388,19.4028118197723],[-99.1367946301926,19.401556720797],[-99.1368202294274,19.4013419712298],[-99.1368864799386,19.4009253702276],[-99.1370574485902,19.3998547701241],[-99.1371823188493,19.3992003202683],[-99.1363165400118,19.3991372898674],[-99.1358433100068,19.3991115806231],[-99.1352662901266,19.3990920796502],[-99.1347129795827,19.3990703501128],[-99.1340443704849,19.3990348006268],[-99.1334512593546,19.3990235697728],[-99.1329484187328,19.3990129799042],[-99.1324460192918,19.3989869404085],[-99.1318638496754,19.3989638300419],[-99.1315222498746,19.3989602897924],[-99.1309424903723,19.3989543199019],[-99.1309671803696,19.3976379100434],[-99.1310340586755,19.3967292300476],[-99.1311631103004,19.3965406298521],[-99.131291768561,19.3962759105731],[-99.1314317183967,19.3957456595833],[-99.1314771388906,19.3955525803286],[-99.1316558898725,19.3946826796486],[-99.1316883692277,19.3945234000108],[-99.1316974077316,19.3944788221166],[-99.1317024197483,19.3944541085968],[-99.1318240223763,19.3938544233189],[-99.1318334305492,19.3938080238533],[-99.1318614587726,19.3936698003867],[-99.1318846895612,19.3935476507277],[-99.1318973016911,19.3934871516507],[-99.1320419398631,19.3927933798416],[-99.1320647700181,19.3926624502326],[-99.1320803837609,19.3925995742474],[-99.1321003957674,19.392518987654],[-99.1321031152933,19.3925080277217],[-99.1321031287905,19.3925079763273],[-99.1321071388743,19.3924918296146],[-99.1321099627862,19.3924787258989],[-99.1323615199502,19.3913116302515],[-99.1323692068128,19.3912789245791],[-99.1323978192457,19.3911571998995],[-99.1324111526152,19.3911103512767],[-99.1326740903496,19.3901865100364],[-99.1326778496858,19.3901684348433],[-99.1327171197284,19.3899796201217],[-99.1327588408491,19.3897577702961],[-99.1327628497521,19.3897364603672],[-99.1328789099411,19.3892063406638],[-99.1330060296937,19.3885632814186],[-99.1330169664558,19.3885084704183],[-99.1330450904699,19.3883675409506],[-99.1332157992583,19.3874901997241],[-99.1334102482265,19.3866531509247],[-99.133454378665,19.3864699501392],[-99.1335773485445,19.3859596906928],[-99.1336130369307,19.3858203494265],[-99.1336254203229,19.3857719996208],[-99.1336355697297,19.3857271196541],[-99.1336399813871,19.3857076206691],[-99.1338761991472,19.3846635098488],[-99.1338928357674,19.3845943297127],[-99.1339152869429,19.3845009670968],[-99.1339186369987,19.3844870307393],[-99.1339224598029,19.3844711406444],[-99.1341451681251,19.3834144502934],[-99.1341628278682,19.3833344884345],[-99.1341755751661,19.383276773414],[-99.1342005495577,19.3831636903882],[-99.1343241193794,19.3825096302264],[-99.1343924201166,19.3821700003014],[-99.1344013650107,19.3821282455635],[-99.1344357986128,19.3819675096466],[-99.1344421537323,19.3819329739501],[-99.1345603483547,19.3812907500909],[-99.1347064592441,19.3805809696644],[-99.1349633232813,19.3794274348625],[-99.1349698244301,19.3793982418811],[-99.134996016986,19.3792806136029],[-99.1349989190703,19.3792675803884],[-99.1353320198789,19.3779607795728],[-99.1354436887869,19.3774058101949],[-99.1354877203763,19.3771869797631],[-99.1357304796212,19.376191580318],[-99.1357984497525,19.3758712901816],[-99.1359390496783,19.3752295199531],[-99.1360001697808,19.3748716307895],[-99.1362290296167,19.3738466601473],[-99.1364535102245,19.3728717408746],[-99.1367263400721,19.3716266004283],[-99.1369309178734,19.3707903801739],[-99.1371774595388,19.3696164900847],[-99.1374178176285,19.3686200003855],[-99.137557368289,19.3680127404221],[-99.1377385700871,19.3672114295677],[-99.137829629894,19.3667042011775],[-99.137950290259,19.3660913497384],[-99.1380789100474,19.3655030195675],[-99.1382254796757,19.3649112801505],[-99.1383824797857,19.3642875096564],[-99.1385192896495,19.3636309198065],[-99.1386376503404,19.3630806303188],[-99.1387669797893,19.3624607205761],[-99.1389037804609,19.3618077996075],[-99.1390402599594,19.361125949674],[-99.1391879995487,19.3604858497718],[-99.1393999802224,19.3595367803834],[-99.1396563399675,19.3583536000539],[-99.1398938296714,19.3573695998908],[-99.1398887396978,19.3571400203591],[-99.1398360003925,19.3569175996403],[-99.1404241626825,19.3569619382396],[-99.1407729404633,19.3569882298281],[-99.140924969517,19.3569996913392],[-99.1411138304249,19.3570225399633],[-99.1414930302785,19.3570685997275],[-99.14197455009,19.3571266900211],[-99.1422774501141,19.3571623701908],[-99.1423760895529,19.3571682200545],[-99.142893849841,19.3571989196629],[-99.1434996904427,19.3572414602627],[-99.1438570304619,19.3572627698433],[-99.1440546504232,19.3572718298501],[-99.1443818598626,19.3572961495918],[-99.1447923200173,19.3573200203679],[-99.1450742190268,19.357329490137],[-99.1453847931592,19.3573399877504],[-99.1456034893663,19.3573473798149],[-99.1462055989096,19.3573643102363],[-99.1464077985802,19.3573702795519],[-99.1467353700863,19.3573799500907],[-99.1469348266323,19.3573848438953],[-99.147232598789,19.3573921501857],[-99.1474364668333,19.3574003279196],[-99.1476191998885,19.3574076569378],[-99.1480543400042,19.3574251100973],[-99.1481159299277,19.3574284437165],[-99.1488990501316,19.3574708302581],[-99.1496823404089,19.3575120896448],[-99.1500707098258,19.3575328508376],[-99.1504724796984,19.3575563700733],[-99.1507337616131,19.3575692850603],[-99.15126455024,19.3575955197484],[-99.1513654650043,19.3575989184505],[-99.1514656204146,19.357602290083],[-99.1520156798229,19.3576390003823],[-99.1531607196821,19.3576976898513],[-99.1534751127494,19.357718957547],[-99.1537047500678,19.3577344906069],[-99.1539718936142,19.3577454725651],[-99.1542924504708,19.3577586498192],[-99.1544497272413,19.3577654974383],[-99.1546050802197,19.3577722597329],[-99.1555661287735,19.3578259525469],[-99.1555800517977,19.3578267302453],[-99.1562006796255,19.3578614011978],[-99.156795599882,19.3578946199104],[-99.1568727803099,19.3578968914213],[-99.1569537502744,19.3578992804132],[-99.157157230237,19.3579119202445],[-99.1576910915371,19.3579450883646],[-99.1580801803288,19.3579692603225],[-99.1587782296368,19.358011860162],[-99.1591040297439,19.3580317503755],[-99.1595166897428,19.3580540603117],[-99.1600924408255,19.3580852012376],[-99.1604690603827,19.3581055698238],[-99.1617026196877,19.3581694806926],[-99.1618157799835,19.358175339636],[-99.1635004899113,19.3582726199248],[-99.1641062309737,19.35831008411],[-99.1649439400782,19.3583618904517],[-99.1663416196228,19.3584353397163],[-99.1671537396961,19.3584822900272],[-99.1673264604332,19.3584909813623],[-99.1677689096671,19.358513250031],[-99.1685503401341,19.3585519500121],[-99.1691440110585,19.3585931963349],[-99.1691996202372,19.3585970598749],[-99.1697649399343,19.3586578800694],[-99.169781761546,19.3586598959474],[-99.1701592304533,19.3587499198805],[-99.1704041396412,19.3588312797515],[-99.1705134710303,19.3588720617229],[-99.1705573500314,19.3588884214502],[-99.1708321202932,19.3590450595891],[-99.171691289979,19.3595593797862],[-99.1717061102866,19.3595682607455],[-99.1728592296913,19.3602657408932],[-99.1730822201104,19.3604275097624],[-99.1732763798521,19.3606050607422],[-99.1737075397451,19.3610903799107],[-99.1739810447709,19.3614065010847],[-99.1745086502005,19.3620163100304],[-99.1746604201011,19.3621658597752],[-99.1748021204323,19.3623037098254],[-99.1751048898788,19.3625894508217],[-99.1757166880004,19.3631666760826],[-99.1760593622669,19.3634899830932],[-99.1766923880638,19.3640872271524],[-99.1767215502056,19.3641147398888],[-99.1767634202739,19.3641574128958],[-99.1771935401204,19.3645957800675],[-99.1777419201609,19.3651414601975],[-99.1778466862796,19.3650570650492],[-99.1781500199952,19.3648127102474],[-99.1783798898391,19.3645960602977],[-99.1788121103646,19.3641806299003],[-99.1792037502972,19.3638070500684],[-99.1793675800766,19.3634469403846],[-99.1794663396505,19.3632510598217],[-99.1796006199144,19.3631497202894],[-99.1797974299933,19.3630359805621],[-99.1800005501079,19.3629644609682],[-99.1801992203331,19.3629253703462],[-99.1805472501372,19.362904769621],[-99.1809723996191,19.3629273996894],[-99.1811979400535,19.3629097801986],[-99.1815428304122,19.3628216910513],[-99.1818503700276,19.3627110598863],[-99.1823264798239,19.3625551201305],[-99.1826762196289,19.3623471503984],[-99.183112564741,19.3620599684021],[-99.1835360303025,19.36178126018],[-99.1837120497969,19.3617180597504],[-99.1838814501999,19.3617052895785],[-99.1848328897213,19.3617803098994],[-99.1849987102758,19.3617728314287],[-99.1853735097694,19.3617337698104],[-99.1855413999607,19.3617189997586],[-99.1856849201598,19.3617246007705],[-99.1866235199228,19.362069940318],[-99.1867931398923,19.3621543098485],[-99.1870047698528,19.3622633999227],[-99.1878445799884,19.3628832200206],[-99.1880044303606,19.3629450797726],[-99.1881138199189,19.3629802603108],[-99.1882135799886,19.3630039496503],[-99.1883046600564,19.3630160295618],[-99.1884454004127,19.363028110185],[-99.1886743403477,19.3629964010978],[-99.1891335403241,19.3630141996236],[-99.19015116995,19.3632307710168],[-99.1905018596091,19.3633199996405],[-99.1910930902455,19.3634897504485],[-99.190936490124,19.3648355500859],[-99.1908267800263,19.3658519496053],[-99.1907800201725,19.366434889991],[-99.1907559695927,19.3667884000968],[-99.1907658902385,19.3668868302717],[-99.1907824197978,19.3669902002498],[-99.1907993395745,19.3670858600929],[-99.1908441202217,19.3672586003119],[-99.1909073404709,19.3674216000928],[-99.191005539632,19.3675949700857],[-99.191220340162,19.3679803998736],[-99.191433689641,19.368377030244],[-99.1915315795684,19.3685455103311],[-99.1916263199289,19.3687705805767],[-99.1916596803165,19.3688675400863],[-99.1917267803742,19.3690899101468],[-99.1917627096114,19.3692518598825],[-99.1917961202889,19.3694702602848],[-99.1918134200413,19.3697295399211],[-99.1918158802893,19.3699696503296],[-99.1917998595654,19.3701509798271],[-99.1917409498137,19.3706825796072],[-99.1916470485451,19.371511119569],[-99.1916404500911,19.3716544613657],[-99.1916554596847,19.3718696298556],[-99.1916788604062,19.3719957511551],[-99.1917257495721,19.3721600000742],[-99.191827310141,19.3724153200531],[-99.1919186003773,19.3726280299357],[-99.1920062497565,19.3728132800533],[-99.1921017697431,19.3730975099829],[-99.1921164803509,19.3731958802496],[-99.1921368004109,19.3733242803953],[-99.1921406003793,19.3734035099546],[-99.1921343998364,19.3735980201167],[-99.1920525398895,19.3742477511268],[-99.1919078900652,19.3752840902184],[-99.191791910295,19.3761233397926],[-99.1917742003752,19.3762645702623],[-99.1916374598998,19.3774150503031],[-99.1916255203685,19.3776689999772],[-99.1916301800352,19.3778827996034],[-99.1916395099075,19.378058279827],[-99.1916950895645,19.3787938895993],[-99.1917048503656,19.3789294312973],[-99.1917571201318,19.3796333100987],[-99.1917548599496,19.3803581497136],[-99.1917542300199,19.3808313504006],[-99.1917479797378,19.3813391698589],[-99.191745909837,19.3816338598448],[-99.1917337498651,19.3826808304249],[-99.1916982298616,19.3829147999189],[-99.1916852200248,19.3829745804139],[-99.1916725704482,19.3830299511128],[-99.1913916203257,19.3837165400743],[-99.1913211695626,19.3838816802615],[-99.1912491103742,19.3840505809147],[-99.1912462900527,19.3840571804267],[-99.1909979996122,19.3846391797149],[-99.1908352204054,19.3850207402838],[-99.190402060078,19.3860105507213],[-99.1903388498195,19.3861887706149],[-99.1901661399429,19.3868526611849],[-99.1899870198071,19.387526141254],[-99.1898386796875,19.3880906799065],[-99.189809020462,19.3882003800971],[-99.1896578800898,19.3887685712552],[-99.1894964504146,19.3893951097608],[-99.1894697504291,19.389497431118],[-99.1893154898571,19.3900954221365],[-99.1890375704685,19.3911506903372],[-99.1888158193721,19.3920166000065],[-99.1887122903644,19.39235188985],[-99.1884132502017,19.3932301502491],[-99.188370278659,19.3934381210056],[-99.188364199165,19.3936334506118],[-99.1883724597089,19.3938173695699],[-99.1883932297583,19.393919120095],[-99.188414370411,19.3940182796052],[-99.1884518004486,19.3941280613626],[-99.1885692588293,19.3944151713077],[-99.1886797100046,19.3946750299471],[-99.1887066199189,19.3947476497887],[-99.1890551697139,19.3955903396406],[-99.1886166802211,19.3956334200919],[-99.1885102197285,19.3956449701235],[-99.1878221196856,19.395679320318],[-99.1875981696722,19.3956923097562],[-99.1875486203006,19.3956926498961],[-99.1864896599075,19.3956414499542],[-99.1863760202194,19.395648599594],[-99.185961659592,19.3957520496413],[-99.1853117496537,19.3959333200378],[-99.1852082900006,19.3959635196077],[-99.184524910238,19.3961047195893],[-99.1842990498892,19.3961339212413],[-99.1840970597936,19.3961574200309],[-99.1834167801931,19.3964106002588],[-99.1824632897406,19.3967613398446],[-99.1822427198507,19.3968674295937],[-99.1821012499177,19.3969613999321],[-99.181713480411,19.3969942896388],[-99.1812095497595,19.3970925796628],[-99.1809575499446,19.3970959211909],[-99.1801494898268,19.3972719498215],[-99.1795116002292,19.3974003496852],[-99.1789031702747,19.397369029737],[-99.1782013101838,19.3975204612982],[-99.1777773719325,19.3976094277768],[-99.177727509657,19.3976198896265],[-99.1767231698721,19.3978317100473],[-99.176640420013,19.3978491497782],[-99.1760461997512,19.3979805104062],[-99.175532369712,19.3980941100772],[-99.1745187501907,19.3985397807177],[-99.1744689998142,19.3985550797372],[-99.1744522803275,19.3985602303266],[-99.1740763499727,19.3986758597006],[-99.1739879198041,19.3987030597869],[-99.1733821399063,19.3988894004255],[-99.1731070902999,19.3989734509858],[-99.172254349988,19.3992340299267],[-99.1704355196984,19.3997897997088],[-99.1702455202014,19.3998345800459],[-99.1701042520628,19.3998678719574],[-99.1689489099856,19.4001401398025],[-99.1681962480447,19.4003175177623],[-99.1680691101949,19.4003474796785],[-99.1680350395624,19.4003555067864],[-99.1679635643256,19.4003723475692],[-99.1678973404737,19.4003879501518],[-99.1677552115301,19.4004262493103],[-99.1675428299382,19.4004834796839],[-99.1671223401102,19.4006281502058],[-99.1664779199919,19.4008788504517],[-99.1658718499347,19.4011035800791],[-99.1655688889459,19.4012169380987],[-99.1652659399755,19.4013302903236],[-99.164762799523,19.4015318902107],[-99.1643319204647,19.4017155704383],[-99.1638066302594,19.4019068501094],[-99.163247280191,19.4021011803908],[-99.1630164903629,19.4021743499494],[-99.1626850302972,19.4022825396862],[-99.1624043609466,19.402368929679],[-99.1622854201423,19.4024055397248],[-99.1621621468175,19.4024461170351],[-99.1617711501418,19.4025748195521],[-99.1613300901738,19.4027061700461],[-99.1608851698913,19.4028428900574],[-99.1607661698526,19.4028794606774],[-99.1604765186877,19.4029683878669],[-99.1603377203789,19.4030109999595],[-99.1602026662511,19.4030503304052],[-99.1596866601629,19.4032006003155],[-99.1589888200861,19.4034133100089],[-99.1585372003371,19.4035468798575],[-99.1581473402063,19.403660941159],[-99.1577282601258,19.403785519777],[-99.1571736799781,19.4039331203227],[-99.1569568501656,19.4039829507302],[-99.1567006496766,19.4040240296869],[-99.156329229729,19.4040632800982],[-99.1561658602293,19.4040601199637],[-99.1555762662491,19.4040601819153],[-99.1553950595912,19.4040602002262],[-99.1552267285867,19.4040598390572],[-99.1531086299529,19.4040552603975],[-99.1524180803948,19.4040579200332],[-99.1517730896573,19.4040587800814],[-99.151233769844,19.4040524000425],[-99.1511414301204,19.4040512303164],[-99.1503758453058,19.4040499388828],[-99.1502050201314,19.4040496501423],[-99.1501996312397,19.4040495494325],[-99.1501620255954,19.4040488403143],[-99.1500547693322,19.4040468195762],[-99.1497362901892,19.4040408198528],[-99.1487738803168,19.4040329401277],[-99.1486071804667,19.4040315711487],[-99.1484946897355,19.4040283704004],[-99.1479456296535,19.4040196309346],[-99.1476237199229,19.4040145098606]]]},"properties":{"CVEGEO":"09014","CVE_ENT":"09","CVE_MUN":"014","NOMGEO":"Benito Juárez"}}]}